flight_id,flight_number,aircraft_registration,origin_iata,destination_iata,scheduled_departure,actual_departure,scheduled_arrival,actual_arrival,status,airline_code
477d0852-a92e-4839-9f5c-385e8c289eef,6E 2163,Unknown,DEL,BOM,2025-04-04 20:00:00+05:30,2025-04-04 20:00+05:30,2025-04-04 22:20+05:30,2025-04-04 22:20+05:30,Departed,6E
23f13d40-839b-491b-895e-49afbfffe3d8,AI 2637,Unknown,DEL,IXC,2025-04-04 20:00:00+05:30,2025-04-04 20:00+05:30,2025-04-04 21:10+05:30,2025-04-04 21:10+05:30,Departed,AI
b2cc37a5-9a60-4497-a67c-d46b063c8a93,AI 2835,VT-TQG,DEL,MAA,2025-04-04 20:00:00+05:30,2025-04-04 20:00+05:30,2025-04-04 22:55+05:30,2025-04-04 22:55+05:30,Departed,AI
7d1a6153-d3d3-47fb-a420-181fb98d5df7,SG 477,VT-SGG,DEL,Unknown,2025-04-04 15:25:00+05:30,2025-04-04 20:01+05:30,Unknown,Unknown,Departed,SG
1cb48d5d-a8f2-40dc-b044-6fe7f9ffd062,SV 759,Unknown,DEL,JED,2025-04-04 20:05:00+05:30,2025-04-04 20:05+05:30,2025-04-04 23:05+03:00,2025-04-04 23:05+03:00,Departed,SV
b1b44adf-9af5-445d-b69d-f535cbdee7a4,AI 2871,Unknown,DEL,HYD,2025-04-04 20:10:00+05:30,2025-04-04 20:10+05:30,2025-04-04 22:20+05:30,2025-04-04 22:20+05:30,Departed,AI
de175052-ac51-4d20-97a0-55b354d7ea4f,AI 2809,VT-RTW,DEL,BLR,2025-04-04 20:10:00+05:30,2025-04-04 20:10+05:30,2025-04-04 22:55+05:30,2025-04-04 23:10+05:30,Departed,AI
7ee985f9-9a46-454c-811a-3a2b1d46f8c4,6E 2156,VT-IJW,DEL,TRV,2025-04-04 20:10:00+05:30,2025-04-04 20:10+05:30,2025-04-04 23:30+05:30,2025-04-04 23:30+05:30,Departed,6E
d78bd9ac-5bf5-4396-bb0d-2ed1fa47017a,6E 2273,Unknown,DEL,PNQ,2025-04-04 20:10:00+05:30,2025-04-04 20:10+05:30,2025-04-04 22:30+05:30,2025-04-04 22:30+05:30,Departed,6E
93a78c9d-20a0-40b4-a207-0016d25352cf,6E 2391,VT-IIR,DEL,COK,2025-04-04 20:15:00+05:30,2025-04-04 20:15+05:30,2025-04-04 23:25+05:30,2025-04-04 23:25+05:30,Departed,6E
cbe0448c-d64c-4650-995a-7663b9efea21,6E 382,9H-SLF,DEL,HYD,2025-04-04 20:15:00+05:30,2025-04-04 20:15+05:30,2025-04-04 22:30+05:30,2025-04-04 22:30+05:30,Departed,6E
cbc6de61-a110-41dc-909c-e7545ad3abd3,6E 6515,VT-IWT,DEL,BLR,2025-04-04 20:15:00+05:30,2025-04-04 20:15+05:30,2025-04-04 23:15+05:30,2025-04-04 23:19+05:30,Departed,6E
f5d9a96a-9fe5-44b0-98cc-6387d5e77e4e,6E 6479,Unknown,DEL,LKO,2025-04-04 20:20:00+05:30,2025-04-04 20:20+05:30,2025-04-04 21:30+05:30,2025-04-04 21:30+05:30,Departed,6E
7643615e-2a85-4aaf-93fd-2f18e74330e2,AI 2985,Unknown,DEL,BOM,2025-04-04 19:35:00+05:30,2025-04-04 20:25+05:30,2025-04-04 22:00+05:30,2025-04-04 22:00+05:30,Departed,AI
e14d00f7-a156-4f18-8009-5ee274274dd7,AI 465,Unknown,DEL,NAG,2025-04-04 20:25:00+05:30,2025-04-04 20:25+05:30,2025-04-04 20:50+05:30,2025-04-04 20:50+05:30,Departed,AI
d1cc2abf-a1d5-4b9f-bb06-efcde9b79533,AI 895,Unknown,DEL,PAT,2025-04-04 20:25:00+05:30,2025-04-04 20:25+05:30,2025-04-04 22:00+05:30,2025-04-04 22:00+05:30,Departed,AI
7d9323e7-a5e4-41af-bae1-eba6e2e5903f,IX 2750,Unknown,DEL,STV,2025-04-04 20:25:00+05:30,2025-04-04 20:25+05:30,2025-04-04 22:25+05:30,2025-04-04 22:25+05:30,Departed,IX
2060df05-e962-40ca-939d-d4852387df9c,6E 1807,VT-ILJ,DEL,Unknown,2025-04-04 20:30:00+05:30,2025-04-04 20:30+05:30,Unknown,Unknown,Departed,6E
79a441e0-8445-4758-9463-f9a10287ee3b,AI 2807,VT-RTL,DEL,BLR,2025-04-04 20:30:00+05:30,2025-04-04 20:30+05:30,2025-04-04 23:25+05:30,2025-04-04 23:27+05:30,Departed,AI
0dbb5ea4-e5ba-4e91-827b-6e6d7df4fe7b,AI 2209,Unknown,DEL,DXB,2025-04-04 20:30:00+05:30,2025-04-04 20:30+05:30,2025-04-04 22:45+04:00,2025-04-04 22:45+04:00,Departed,AI
7ac8fd33-890d-4f92-af49-cdf2a3531785,IX 145,Unknown,DEL,BAH,2025-04-04 19:55:00+05:30,2025-04-04 20:32+05:30,2025-04-04 21:50+03:00,2025-04-04 21:50+03:00,Departed,IX
0e8bc927-9a6a-43ae-b023-f7527729fbb0,AI 2805,Unknown,DEL,BOM,2025-04-04 20:00:00+05:30,2025-04-04 20:36+05:30,2025-04-04 22:25+05:30,2025-04-04 22:25+05:30,Departed,AI
9aef84de-7958-479f-bb91-bc3b899698c4,SG 709,Unknown,DEL,BOM,2025-04-04 18:25:00+05:30,2025-04-04 20:38+05:30,2025-04-04 21:05+05:30,2025-04-04 21:05+05:30,Departed,SG
bcf49dee-f0e4-414b-97ec-87f68074bf1d,6E 2261,Unknown,DEL,VTZ,2025-04-04 19:55:00+05:30,2025-04-04 20:39+05:30,2025-04-04 22:10+05:30,2025-04-04 22:10+05:30,Departed,6E
8a283b45-c01c-49f2-aa0c-861e49b903dc,AI 2600,VT-TQL,DEL,BLR,2025-04-04 17:00:00+05:30,2025-04-04 20:43+05:30,2025-04-04 19:50+05:30,2025-04-04 23:25+05:30,Departed,AI
6f911a68-7101-4a7a-89f8-3ce94ee26cf8,6E 6048,VT-IAS,DEL,GAU,2025-04-04 20:45:00+05:30,2025-04-04 20:45+05:30,2025-04-04 23:10+05:30,2025-04-04 23:10+05:30,Departed,6E
28b7cf8f-4c8f-4e2c-821f-d49303d61960,AI 455,VT-PPO,DEL,AMD,2025-04-04 20:45:00+05:30,2025-04-04 20:45+05:30,2025-04-04 22:20+05:30,2025-04-04 22:20+05:30,Departed,AI
623d5283-ffe1-4924-8455-bd7e427f6484,QP 1630,Unknown,DEL,Unknown,2025-04-04 20:45:00+05:30,2025-04-04 20:45+05:30,Unknown,Unknown,Departed,QP
98eb7c0f-83c3-4b44-85b7-e1448973f407,IX 1187,Unknown,DEL,VNS,2025-04-04 19:25:00+05:30,2025-04-04 20:47+05:30,2025-04-04 21:00+05:30,2025-04-04 21:00+05:30,Departed,IX
86b0e15a-3080-46d4-88ad-303aff6b8018,UK 973,VT-TNV,DEL,Unknown,2025-04-04 20:50:00+05:30,2025-04-04 20:50+05:30,Unknown,Unknown,Departed,UK
f6b5442a-c423-47bd-b3bf-d9be342a1ed3,AI 2973,VT-TNV,DEL,PNQ,2025-04-04 20:50:00+05:30,2025-04-04 20:50+05:30,2025-04-04 22:55+05:30,2025-04-04 22:55+05:30,Departed,AI
f453dc5d-625a-4be1-b2de-992984d7d34c,IX 1200,VT-HKG,DEL,GAU,2025-04-04 20:50:00+05:30,2025-04-04 20:50+05:30,2025-04-04 23:35+05:30,2025-04-04 23:35+05:30,Departed,IX
240a8d2e-b647-40f3-b91e-5750e6d69418,6E 1805,Unknown,DEL,TAS,2025-04-04 20:50:00+05:30,2025-04-04 20:50+05:30,2025-04-04 23:20+05:00,2025-04-04 23:38+05:00,Departed,6E
7b6c389a-df9d-4587-8db5-7266fd3e875c,6E 864,Unknown,DEL,Unknown,2025-04-04 17:00:00+05:30,2025-04-04 20:56+05:30,Unknown,Unknown,Departed,6E
c090efae-96b1-45f3-9464-4f1522e2377f,AI 2400,Unknown,DEL,CCU,2025-04-04 21:00:00+05:30,2025-04-04 21:00+05:30,2025-04-04 23:30+05:30,2025-04-04 23:30+05:30,Departed,AI
c2afa0a5-ee52-4d34-ab2d-33842de08ef2,6E 2153,Unknown,DEL,AMD,2025-04-04 21:00:00+05:30,2025-04-04 21:00+05:30,2025-04-04 22:30+05:30,2025-04-04 22:30+05:30,Departed,6E
51adac24-4895-4819-b6c7-c3b02f6b40b8,AI 540,VT-PPW,DEL,MAA,2025-04-04 21:00:00+05:30,2025-04-04 21:00+05:30,2025-04-04 23:50+05:30,2025-04-04 23:50+05:30,Departed,AI
bde42151-db7e-4632-add6-0ced89d61be2,6E 1405,Unknown,DEL,AUH,2025-04-04 21:00:00+05:30,2025-04-04 21:00+05:30,2025-04-04 23:25+04:00,2025-04-04 23:25+04:00,Departed,6E
44ec25f4-ee09-4ec9-8171-511daf8f88b9,6E 395,Unknown,DEL,BOM,2025-04-04 21:00:00+05:30,2025-04-04 21:00+05:30,2025-04-04 23:25+05:30,2025-04-04 23:25+05:30,Departed,6E
981f6f33-9351-4ab8-a1ee-994a087d3368,6E 2045,Unknown,DEL,ATQ,2025-04-04 20:00:00+05:30,2025-04-04 21:04+05:30,2025-04-04 21:10+05:30,2025-04-04 21:10+05:30,Departed,6E
93bf36c4-a1ce-46a6-8468-c5bd51238216,6E 1803,Unknown,DEL,Unknown,2025-04-04 21:05:00+05:30,2025-04-04 21:05+05:30,Unknown,Unknown,Departed,6E
1c22c311-9a1a-471a-b18f-0ce443b2aa66,AI 2460,Unknown,DEL,LKO,2025-04-04 21:10:00+05:30,2025-04-04 21:10+05:30,2025-04-04 22:20+05:30,2025-04-04 22:20+05:30,Departed,AI
4628ba12-4099-498c-a138-c074664fad2c,6E 2601,Unknown,DEL,NAG,2025-04-04 21:10:00+05:30,2025-04-04 21:10+05:30,2025-04-04 22:55+05:30,2025-04-04 22:55+05:30,Departed,6E
0dd03eae-c33f-401b-ad23-08c606c21dd1,6E 2108,VT-ICC,DEL,Unknown,2025-04-04 21:10:00+05:30,2025-04-04 21:10+05:30,Unknown,Unknown,Departed,6E
e090487e-5c5b-4104-8676-8636480aa4c5,AI 2957,Unknown,DEL,BOM,2025-04-04 20:30:00+05:30,2025-04-04 21:13+05:30,2025-04-04 23:05+05:30,2025-04-04 23:05+05:30,Departed,AI
5ba849f1-547a-4733-bdca-6c3212cd9e53,EY 217,A6-BLC,DEL,AUH,2025-04-04 21:15:00+05:30,2025-04-04 21:15+05:30,2025-04-04 23:20+04:00,2025-04-04 23:20+04:00,Departed,EY
bd4e2255-e068-4d26-a2b6-9a142ad17b25,6E 389,Unknown,DEL,CCU,2025-04-04 21:15:00+05:30,2025-04-04 21:15+05:30,2025-04-04 23:30+05:30,2025-04-04 23:30+05:30,Departed,6E
418f323f-0d65-477b-a0cb-0e4fb9fcd1d6,6E 63,Unknown,DEL,JED,2025-04-04 20:45:00+05:30,2025-04-04 21:17+05:30,2025-04-05 00:30+03:00,2025-04-05 00:30+03:00,Departed,6E
4d98f3f9-f602-4eee-a63d-b3b3678fcaf5,6E 1801,Unknown,DEL,Unknown,2025-04-04 20:45:00+05:30,2025-04-04 21:18+05:30,Unknown,Unknown,Departed,6E
0f73e54f-e458-4cb1-b0e9-d258fac27d80,AI 479,Unknown,DEL,ATQ,2025-04-04 21:20:00+05:30,2025-04-04 21:20+05:30,2025-04-04 22:35+05:30,2025-04-04 22:35+05:30,Departed,AI
05fcde74-f5b5-4b6c-a5f1-970677901e1d,6E 2674,VT-ILG,DEL,PNQ,2025-04-04 21:20:00+05:30,2025-04-04 21:20+05:30,2025-04-04 23:25+05:30,2025-04-04 23:25+05:30,Departed,6E
eb75a861-2401-4a5a-81f0-fa4bdc476408,SG 87,VT-MXC,DEL,BKK,2025-04-04 21:20:00+05:30,2025-04-04 21:20+05:30,2025-04-05 02:50+07:00,2025-04-05 02:43+07:00,Departed,SG
2ed66cde-6e02-4467-8be9-f9a488e5895d,IX 1056,VT-KOC,DEL,PNQ,2025-04-04 21:20:00+05:30,2025-04-04 21:20+05:30,2025-04-04 23:30+05:30,2025-04-04 23:30+05:30,Departed,IX
663b5f0f-9aef-4ef6-9963-8008c851f3a2,AI 2981,VT-TVD,DEL,BOM,2025-04-04 20:55:00+05:30,2025-04-04 21:29+05:30,2025-04-04 23:20+05:30,2025-04-04 23:20+05:30,Departed,AI
2acbe3c9-6853-4dc1-99f3-e53374f095bc,6E 2703,Unknown,DEL,LKO,2025-04-04 21:30:00+05:30,2025-04-04 21:30+05:30,2025-04-04 22:40+05:30,2025-04-04 22:40+05:30,Departed,6E
f6b01c8d-f97d-4c21-93c1-afdfde37fbec,6E 2136,Unknown,DEL,HYD,2025-04-04 21:30:00+05:30,2025-04-04 21:30+05:30,2025-04-04 23:45+05:30,2025-04-04 23:45+05:30,Departed,6E
88ccb65c-f715-4a3c-83ad-6b8c4858f2c2,6E 1231,Unknown,DEL,KWI,2025-04-04 21:00:00+05:30,2025-04-04 21:31+05:30,2025-04-04 23:35+03:00,2025-04-04 23:35+03:00,Departed,6E
279094c8-2745-486c-a453-aa543b5f7a46,AI 2609,Unknown,DEL,Unknown,2025-04-04 21:35:00+05:30,2025-04-04 21:35+05:30,Unknown,Unknown,Departed,AI
6123ba16-12a7-4ebb-9ee1-c1e8f7c3bb53,AI 2412,VT-RTX,DEL,BLR,2025-04-04 21:35:00+05:30,2025-04-04 21:35+05:30,2025-04-05 00:30+05:30,2025-04-05 00:47+05:30,Departed,AI
f5cfbfb1-fe1e-4cd4-80e1-6123a653dcc8,AI 2223,Unknown,DEL,Unknown,2025-04-04 21:35:00+05:30,2025-04-04 21:35+05:30,Unknown,Unknown,Departed,AI
870d7699-9339-4874-9bc1-558a8198387c,6E 6341,Unknown,DEL,MAA,2025-04-04 21:45:00+05:30,2025-04-04 21:45+05:30,2025-04-05 00:30+05:30,2025-04-05 00:30+05:30,Departed,6E
2832611d-384f-47c9-9fdc-8472edd13f1f,SG 184,VT-SLC,DEL,CCU,2025-04-04 21:45:00+05:30,2025-04-04 21:45+05:30,2025-04-05 00:05+05:30,2025-04-05 00:05+05:30,Departed,SG
6bc87f97-7b81-4bb0-b46a-46ececb64fdd,6E 477,VT-NCE,DEL,BLR,2025-04-04 21:45:00+05:30,2025-04-04 21:45+05:30,2025-04-05 00:40+05:30,2025-04-05 00:44+05:30,Departed,6E
7c83a2a0-ceba-4d96-9336-2bd93a6f5f31,AI 2929,VT-ATV,DEL,AMD,2025-04-04 21:45:00+05:30,2025-04-04 21:45+05:30,2025-04-04 23:25+05:30,2025-04-04 23:25+05:30,Departed,AI
04f83c0f-b576-45a8-8bbc-b91a4d03d5c6,AI 2449,VT-TNS,DEL,HYD,2025-04-04 21:50:00+05:30,2025-04-04 21:50+05:30,2025-04-05 00:10+05:30,2025-04-05 00:10+05:30,Departed,AI
db2e98d1-78db-4eb0-b0be-69d49afa8b29,AI 2145,VT-TVG,DEL,DPS,2025-04-04 21:55:00+05:30,2025-04-04 21:55+05:30,2025-04-05 08:10+08:00,2025-04-05 08:10+08:00,Departed,AI
6f634251-3b3f-4eef-9527-baf28a0dccc3,SQ 403,9V-SKZ,DEL,SIN,2025-04-04 21:55:00+05:30,2025-04-04 21:55+05:30,2025-04-05 06:10+08:00,2025-04-05 05:44+08:00,Departed,SQ
d16950e7-8b30-4685-9db5-d28454e97503,AI 2727,Unknown,DEL,CCU,2025-04-04 21:55:00+05:30,2025-04-04 21:55+05:30,2025-04-05 00:10+05:30,2025-04-05 00:10+05:30,Departed,AI
4d49bc5e-e18d-4a18-a530-eccb1e790e41,IX 1163,Unknown,DEL,BOM,2025-04-04 21:10:00+05:30,2025-04-04 22:00+05:30,2025-04-04 23:40+05:30,2025-04-04 23:40+05:30,Departed,IX
fa7c60ba-e0d7-47b7-ba9d-1900f68e2b44,EK 515,Unknown,DEL,DXB,2025-04-04 22:00:00+05:30,2025-04-04 22:00+05:30,2025-04-05 00:05+04:00,2025-04-05 00:05+04:00,Departed,EK
5aaba2a6-0f07-48a5-b7b3-a1564539f9c2,6E 6114,Unknown,DEL,Unknown,2025-04-04 22:00:00+05:30,2025-04-04 22:00+05:30,Unknown,Unknown,Departed,6E
66a8e3e7-5f5b-42ca-9fbe-9ce543954867,AI 2433,VT-TNI,DEL,BOM,2025-04-04 21:30:00+05:30,2025-04-04 22:02+05:30,2025-04-04 23:55+05:30,2025-04-04 23:55+05:30,Departed,AI
8d5993d2-7035-4826-8b5d-5cb8c078e5e6,IX 2748,VT-GWH,DEL,BLR,2025-04-04 22:10:00+05:30,2025-04-04 22:10+05:30,2025-04-05 01:10+05:30,2025-04-05 01:17+05:30,Departed,IX
8dba55b4-117f-4b3b-aba4-01f9b820673c,IX 1130,VT-ATB,DEL,Unknown,2025-04-04 22:15:00+05:30,2025-04-04 22:15+05:30,Unknown,Unknown,Departed,IX
18c48c1f-f2f2-4698-8a48-c88ae9e2da2b,6E 83,Unknown,DEL,DMM,2025-04-04 22:20:00+05:30,2025-04-04 22:20+05:30,2025-04-05 00:20+03:00,2025-04-05 00:20+03:00,Departed,6E
974c7be9-f3d7-4848-bff7-f17cad30b5f3,GF 135,Unknown,DEL,BAH,2025-04-04 21:50:00+05:30,2025-04-04 22:24+05:30,2025-04-04 23:35+03:00,2025-04-04 23:35+03:00,Departed,GF
fffe95ed-ab32-42b6-bb8b-383006c26b9f,QP 1350,VT-YBC,DEL,BLR,2025-04-04 21:55:00+05:30,2025-04-04 22:26+05:30,2025-04-05 00:50+05:30,2025-04-05 01:11+05:30,Departed,QP
fc608ab8-5c2e-4d9b-9fcd-92326d6d1901,QP 1146,Unknown,DEL,Unknown,2025-04-04 22:30:00+05:30,2025-04-04 22:30+05:30,Unknown,Unknown,Departed,QP
97ca553f-f671-43bd-8ebf-384a03dce88f,6E 71,Unknown,DEL,RUH,2025-04-04 22:00:00+05:30,2025-04-04 22:31+05:30,2025-04-05 00:25+03:00,2025-04-05 00:25+03:00,Departed,6E
5b3d46ea-0cc9-42cd-bb1f-d80e0a3f1cd0,IX 1114,Unknown,DEL,BBI,2025-04-04 21:40:00+05:30,2025-04-04 22:37+05:30,2025-04-05 00:05+05:30,2025-04-05 00:05+05:30,Departed,IX
cf60afb6-6837-47b8-8145-edd91dfbd0ba,UK 161,VT-ANQ,DEL,Unknown,2025-04-04 22:10:00+05:30,2025-04-04 22:44+05:30,Unknown,Unknown,Departed,UK
ba8fe1a2-856b-43da-999c-07e39517846a,AI 314,VT-ANQ,DEL,HKG,2025-04-04 22:10:00+05:30,2025-04-04 22:44+05:30,2025-04-05 06:15+08:00,2025-04-05 05:36+08:00,Departed,AI
67c2eb98-85cf-4763-b336-8a45a92781d1,AI 829,VT-PPX,DEL,TRV,2025-04-04 22:50:00+05:30,2025-04-04 22:50+05:30,2025-04-05 02:15+05:30,2025-04-05 02:15+05:30,Departed,AI
4e52e6f6-2c3e-43b9-83fc-d92bc8482ced,AC 43,C-FIUF,DEL,YYZ,2025-04-04 22:50:00+05:30,2025-04-04 22:50+05:30,2025-04-05 05:45-04:00,2025-04-05 05:37-04:00,Departed,AC
a7cbc246-83dd-4d63-9dbd-d08cde6497d6,AI 2999,Unknown,DEL,Unknown,2025-04-04 22:00:00+05:30,2025-04-04 22:54+05:30,Unknown,Unknown,Departed,AI
d970fa49-a946-40dd-8dd1-300c1136415c,6E 5269,VT-IWQ,DEL,BLR,2025-04-04 23:00:00+05:30,2025-04-04 23:00+05:30,2025-04-05 01:55+05:30,2025-04-05 01:49+05:30,Departed,6E
bb233e1e-b6b8-4c64-88da-960efbadd2f6,6E 2013,Unknown,DEL,Unknown,2025-04-04 23:10:00+05:30,2025-04-04 23:10+05:30,Unknown,Unknown,Departed,6E
bfe3d44e-639f-4b88-8e05-7f4aae2e57d7,6E 6061,Unknown,DEL,MAA,2025-04-04 23:10:00+05:30,2025-04-04 23:10+05:30,2025-04-05 02:05+05:30,2025-04-05 02:05+05:30,Departed,6E
2e1f8a92-cbfc-4805-ba10-ce600f03d193,CX 698,B-KQT,DEL,HKG,2025-04-04 22:40:00+05:30,2025-04-04 23:11+05:30,2025-04-05 06:40+08:00,2025-04-05 05:54+08:00,Departed,CX
660c6e95-7a9e-4fa0-be20-f80ce58d8cd5,AI 2380,VT-TSH,DEL,SIN,2025-04-04 23:15:00+05:30,2025-04-04 23:15+05:30,2025-04-05 07:30+08:00,2025-04-05 07:06+08:00,Departed,AI
c03fbc9b-48d7-4f5c-976d-30ddc6d3d779,6E 2618,Unknown,DEL,Unknown,2025-04-04 23:15:00+05:30,2025-04-04 23:15+05:30,Unknown,Unknown,Departed,6E
7af13c62-e6f4-4e16-921c-99f4dee01d29,6E 2158,Unknown,DEL,HYD,2025-04-04 23:20:00+05:30,2025-04-04 23:20+05:30,2025-04-05 01:35+05:30,2025-04-05 01:35+05:30,Departed,6E
43c8f1f5-f3bd-42ff-8678-9674dd2bbc1c,AI 2437,VT-TNH,DEL,Unknown,2025-04-04 22:30:00+05:30,2025-04-04 23:20+05:30,Unknown,Unknown,Departed,AI
a6e77f9c-6c80-419c-9a3d-dc6d7a97a18b,6E 519,Unknown,DEL,Unknown,2025-04-04 23:30:00+05:30,2025-04-04 23:30+05:30,Unknown,Unknown,Departed,6E
efc36861-e09d-4f5c-b27b-2720b50da1a5,TG 316,HS-TJV,DEL,BKK,2025-04-04 23:30:00+05:30,2025-04-04 23:30+05:30,2025-04-05 05:25+07:00,2025-04-05 04:55+07:00,Departed,TG
0b801681-0796-4a6b-92ea-2e452c35ebe7,OD 206,9M-LNC,DEL,KUL,2025-04-04 22:05:00+05:30,2025-04-04 23:30+05:30,2025-04-05 08:25+08:00,2025-04-05 08:20+08:00,Departed,OD
67b5406d-1042-4978-ad18-a3902b59b9d5,AA 293,N839AA,DEL,JFK,2025-04-04 23:30:00+05:30,2025-04-04 23:30+05:30,2025-04-05 06:05-04:00,2025-04-05 06:04-04:00,Departed,AA
f5202bbd-a1ab-4288-92e6-8535f18b1326,UA 83,N29971,DEL,EWR,2025-04-04 23:35:00+05:30,2025-04-04 23:35+05:30,2025-04-05 06:25-04:00,2025-04-05 06:43-04:00,Departed,UA
4d6f2a95-2bfb-45ec-9ea4-7a9fb1f5d1de,SG 151,VT-SYJ,DEL,BLR,2025-04-04 20:00:00+05:30,2025-04-04 23:38+05:30,2025-04-04 23:10+05:30,2025-04-05 02:23+05:30,Departed,SG
74e53e56-29d0-4f69-aeab-d072cacb4f94,AI 2439,VT-TQC,DEL,Unknown,2025-04-04 23:00:00+05:30,2025-04-04 23:42+05:30,Unknown,Unknown,Departed,AI
099d95b0-ef95-4d40-be9a-7c4264a33192,SG 473,Unknown,DEL,Unknown,2025-04-04 19:40:00+05:30,2025-04-04 23:50+05:30,Unknown,Unknown,Departed,SG
65a187ff-c50d-4ef8-a7c2-529dd94adb83,MH 191,9M-MTX,DEL,KUL,2025-04-04 23:00:00+05:30,2025-04-04 23:57+05:30,2025-04-05 07:30+08:00,2025-04-05 07:21+08:00,Departed,MH
86ea3741-10cc-482c-9b88-b5ad3bf94083,VN 980,VN-A869,DEL,HAN,2025-04-04 23:35:00+05:30,2025-04-05 00:00+05:30,2025-04-05 05:20+07:00,2025-04-05 05:20+07:00,Departed,VN
7327aedf-22d4-43c4-aba6-ee327920867b,VN 980,VN-A869,DEL,HAN,2025-04-04 23:35:00+05:30,2025-04-05 00:00+05:30,2025-04-05 05:20+07:00,2025-04-05 05:20+07:00,Departed,VN
3f3b3239-da22-4a39-8f3b-fc81af4c5fec,IX 1145,VT-EXD,DEL,Unknown,2025-04-04 23:00:00+05:30,2025-04-05 00:03+05:30,Unknown,Unknown,Departed,IX
a1b26ad4-4378-4002-95ba-88d567710a53,AC 51,C-FVLQ,DEL,YUL,2025-04-05 00:05:00+05:30,2025-04-05 00:05+05:30,2025-04-05 06:25-04:00,2025-04-05 06:59-04:00,Departed,AC
98a8affc-8af8-4879-ad81-844b492d726a,D7 183,9M-XBE,DEL,KUL,2025-04-04 23:20:00+05:30,2025-04-05 00:13+05:30,2025-04-05 07:40+08:00,2025-04-05 07:44+08:00,Departed,D7
179f7c7d-aea1-4d5b-87b3-687f2cc602b0,W5 70,Unknown,DEL,IKA,2025-04-05 00:25:00+05:30,2025-04-05 00:25+05:30,2025-04-05 04:15+03:30,2025-04-05 04:15+03:30,Departed,W5
9ca99b8a-98d0-4ffe-a829-1f0b2d3236bb,LX 147,HB-JHJ,DEL,ZRH,2025-04-05 01:05:00+05:30,2025-04-05 01:05+05:30,2025-04-05 06:20+02:00,2025-04-05 06:17+02:00,Departed,LX
b46459ac-0608-4531-bfc3-a6fc28f1cef0,IX 127,VT-ATD,DEL,DMM,2025-04-05 00:05:00+05:30,2025-04-05 01:16+05:30,2025-04-05 01:45+03:00,2025-04-05 01:45+03:00,Departed,IX
17b7721b-0a17-45b0-ba48-e0a4d5e4c2bd,AI 312,VT-ANA,DEL,ICN,2025-04-05 00:05:00+05:30,2025-04-05 01:18+05:30,2025-04-05 10:40+09:00,2025-04-05 10:49+09:00,Departed,AI
c6d7f315-0a27-47b2-b16c-45714d949d4e,AF 225,F-GSPJ,DEL,CDG,2025-04-05 00:50:00+05:30,2025-04-05 01:30+05:30,2025-04-05 06:55+02:00,2025-04-05 07:23+02:00,Departed,AF
4fdcc4b4-73ab-422e-9a86-16e084dc1578,AI 302,VT-ANS,DEL,SYD,2025-04-05 00:55:00+05:30,2025-04-05 01:31+05:30,2025-04-05 19:00+11:00,2025-04-05 18:34+11:00,Departed,AI
24f9bd29-7b56-4863-86cb-f265cd84be2f,ZZ 2355,Unknown,DEL,Unknown,2025-04-04 23:55:00+05:30,2025-04-05 01:35+05:30,Unknown,Unknown,Departed,UNKNOWN
6fb1c58c-7c9c-437b-9387-6918b637e285,VJ 896,VN-A528,DEL,SGN,2025-04-05 00:05:00+05:30,2025-04-05 01:36+05:30,2025-04-05 06:35+07:00,2025-04-05 06:35+07:00,Departed,VJ
6db1fcfe-d4ca-4d27-84d7-0a3869cad9be,KC 964,Unknown,DEL,ALA,2025-04-05 01:10:00+05:30,2025-04-05 01:43+05:30,2025-04-05 03:55+05:00,2025-04-05 03:37+05:00,Departed,KC
70bec1ac-38be-4db6-bd73-205e5df24cba,6E 2716,Unknown,DEL,Unknown,2025-04-05 01:45:00+05:30,2025-04-05 01:45+05:30,Unknown,Unknown,Canceled,6E
6d4cd11e-120c-43f0-96f4-ab7203afd5bc,6E 853,Unknown,DEL,BOM,2025-04-05 01:45:00+05:30,2025-04-05 01:45+05:30,2025-04-05 04:15+05:30,2025-04-05 04:15+05:30,Departed,6E
23115870-3905-470c-8e4b-c88fa6c6dda2,LH 763,D-AIMK,DEL,MUC,2025-04-05 01:45:00+05:30,2025-04-05 01:45+05:30,2025-04-05 06:30+02:00,2025-04-05 06:15+02:00,Departed,LH
73d70f1a-a89c-4c70-bc61-ab09f66c7caf,TG 336,Unknown,DEL,BKK,2025-04-05 01:55:00+05:30,2025-04-05 01:55+05:30,2025-04-05 07:50+07:00,2025-04-05 07:50+07:00,Canceled,TG
ed767b42-5fad-46b4-a634-d6482252b38e,AI 2702,Unknown,DEL,CCU,2025-04-05 02:00:00+05:30,2025-04-05 02:00+05:30,2025-04-05 04:15+05:30,2025-04-05 04:15+05:30,Departed,AI
cce429e0-25e1-43bf-b9b3-98f605ad71c9,CX 694,B-LQH,DEL,HKG,2025-04-05 01:00:00+05:30,2025-04-05 02:07+05:30,2025-04-05 09:05+08:00,2025-04-05 09:13+08:00,Departed,CX
576bbb45-3ec8-44e8-87d7-cf7c5bc1ac87,BA 142,G-ZBJJ,DEL,LHR,2025-04-05 01:35:00+05:30,2025-04-05 02:14+05:30,2025-04-05 06:40+01:00,2025-04-05 06:41+01:00,Departed,BA
5c85a55b-8ff3-4f8f-a4ec-eddfc790eea9,AI 2421,Unknown,DEL,BOM,2025-04-05 02:15:00+05:30,2025-04-05 02:15+05:30,2025-04-05 04:40+05:30,2025-04-05 04:40+05:30,Departed,AI
5fde92c1-a052-4337-94c1-5d63c8a8a52e,6E 2343,Unknown,DEL,PNQ,2025-04-05 02:20:00+05:30,2025-04-05 02:20+05:30,2025-04-05 04:25+05:30,2025-04-05 04:25+05:30,Departed,6E
532893f9-1ba9-49d0-9014-b860e7b58a0e,AI 105,VT-JRI,DEL,EWR,2025-04-05 02:25:00+05:30,2025-04-05 02:25+05:30,2025-04-05 07:35-04:00,2025-04-05 08:37-04:00,Departed,AI
8516c970-508c-43a2-9492-885647ff6f90,AI 2336,VT-EXN,DEL,BKK,2025-04-05 01:40:00+05:30,2025-04-05 02:25+05:30,2025-04-05 07:40+07:00,2025-04-05 07:41+07:00,Departed,AI
8d7fb6b9-5477-462d-9285-f59095610770,AI 378,Unknown,DEL,HKT,2025-04-05 01:55:00+05:30,2025-04-05 02:28+05:30,2025-04-05 08:20+07:00,2025-04-05 08:12+07:00,Departed,AI
0000c66c-b3ad-4eed-aecf-e018d3586eee,AI 2577,Unknown,DEL,HYD,2025-04-05 02:30:00+05:30,2025-04-05 02:30+05:30,2025-04-05 04:50+05:30,2025-04-05 04:50+05:30,Departed,AI
ef2c0307-d028-4454-a88e-077bc59a1a0f,6E 2308,Unknown,DEL,MAA,2025-04-05 02:30:00+05:30,2025-04-05 02:30+05:30,2025-04-05 05:15+05:30,2025-04-05 05:15+05:30,Departed,6E
a13db897-b1c7-4267-ac97-a127e7f2ca43,AI 891,VT-EXU,DEL,MAA,2025-04-05 02:30:00+05:30,2025-04-05 02:30+05:30,2025-04-05 05:20+05:30,2025-04-05 05:20+05:30,Departed,AI
b65c8239-6327-423f-9e6f-bae512fcebb9,6E 2788,Unknown,DEL,CCU,2025-04-05 02:30:00+05:30,2025-04-05 02:30+05:30,2025-04-05 04:45+05:30,2025-04-05 04:45+05:30,Departed,6E
e62ec387-77fd-4f4d-a02f-b15488172e10,ET 687,Unknown,DEL,ADD,2025-04-05 02:30:00+05:30,2025-04-05 02:30+05:30,2025-04-05 06:30+03:00,2025-04-05 06:30+03:00,Departed,ET
66bcdb33-e2b6-4b74-8319-4af5e0d9b35f,AI 103,VT-ANV,DEL,IAD,2025-04-05 01:55:00+05:30,2025-04-05 02:31+05:30,2025-04-05 07:40-04:00,2025-04-05 08:02-04:00,Departed,AI
7f9ec969-3f79-4a2a-85bf-3dda5009d206,AI 308,VT-ANC,DEL,MEL,2025-04-05 00:55:00+05:30,2025-04-05 02:34+05:30,2025-04-05 18:55+11:00,2025-04-05 19:16+11:00,Departed,AI
8d7ab6f9-c556-4cfa-af90-07f97be8220e,SG 269,OK-TVR,DEL,Unknown,2025-04-04 20:30:00+05:30,2025-04-05 02:44+05:30,Unknown,Unknown,Departed,SG
02675d7e-6414-415e-81dd-a51684ef17e8,AI 161,VT-JRB,DEL,LHR,2025-04-05 02:45:00+05:30,2025-04-05 02:45+05:30,2025-04-05 07:30+01:00,2025-04-05 07:36+01:00,Departed,AI
158f92d9-19be-4641-9346-e3cee8208c0e,LH 761,D-AIHW,DEL,FRA,2025-04-05 02:55:00+05:30,2025-04-05 02:55+05:30,2025-04-05 08:30+02:00,2025-04-05 08:11+02:00,Departed,LH
008359b9-fd1e-44d5-babb-6be90075a4cb,AZ 769,EI-HJP,DEL,FCO,2025-04-05 03:00:00+05:30,2025-04-05 03:00+05:30,2025-04-05 08:10+02:00,2025-04-05 08:10+02:00,Departed,AZ
7a941a36-db6e-44a3-8587-c8829ed8db1c,AI 101,VT-JRA,DEL,JFK,2025-04-05 02:20:00+05:30,2025-04-05 03:01+05:30,2025-04-05 07:35-04:00,2025-04-05 08:12-04:00,Departed,AI
6eb89445-48e1-4062-b306-a2ff081a3893,VS 303,G-VDOT,DEL,LHR,2025-04-05 02:05:00+05:30,2025-04-05 03:14+05:30,2025-04-05 07:20+01:00,2025-04-05 08:04+01:00,Departed,VS
d086b89d-8e64-40e2-b199-a8e37b925307,QR 579,Unknown,DEL,DOH,2025-04-05 03:25:00+05:30,2025-04-05 03:25+05:30,2025-04-05 05:15+03:00,2025-04-05 04:55+03:00,Departed,QR
d3f5887b-80dc-4e91-9435-77be6768f946,AI 2653,VT-TQQ,DEL,BLR,2025-04-05 03:30:00+05:30,2025-04-05 03:30+05:30,2025-04-05 06:15+05:30,2025-04-05 06:16+05:30,Departed,AI
0a60baa0-d207-456b-971f-5dd9410f4f97,AI 173,VT-AEI,DEL,SFO,2025-04-05 03:00:00+05:30,2025-04-05 03:33+05:30,2025-04-05 07:00-07:00,2025-04-05 06:07-07:00,Departed,AI
68727d15-8200-44f5-9fe0-2a49fd66e138,AI 127,VT-ALU,DEL,ORD,2025-04-05 02:40:00+05:30,2025-04-05 03:40+05:30,2025-04-05 07:25-05:00,2025-04-05 08:15-05:00,Departed,AI
d7045fca-168b-4b8d-a046-bd340e4cd81f,IX 1011,VT-ATB,DEL,PNQ,2025-04-05 03:45:00+05:30,2025-04-05 03:45+05:30,2025-04-05 05:55+05:30,2025-04-05 05:55+05:30,Departed,IX
6c4c9bcb-591b-4671-870a-d7f55b7d2397,TG 332,HS-TJT,DEL,BKK,2025-04-05 03:20:00+05:30,2025-04-05 03:51+05:30,2025-04-05 09:15+07:00,2025-04-05 08:49+07:00,Departed,TG
71b568e2-e8e5-4611-84c9-3f767dba0954,6E 2766,Unknown,DEL,BOM,2025-04-05 03:55:00+05:30,2025-04-05 03:55+05:30,2025-04-05 06:15+05:30,2025-04-05 06:15+05:30,Departed,6E
f7e33ad3-1b14-4def-9b82-7a6badad9b06,KL 872,PH-BKH,DEL,AMS,2025-04-05 03:55:00+05:30,2025-04-05 03:55+05:30,2025-04-05 09:35+02:00,2025-04-05 09:16+02:00,Departed,KL
0a58bf4e-17ee-477d-a7e1-cd5bdd8d08f0,AI 2477,Unknown,DEL,LKO,2025-04-05 03:55:00+05:30,2025-04-05 03:55+05:30,2025-04-05 05:00+05:30,2025-04-05 05:00+05:30,Departed,AI
026cdc86-b966-45aa-8983-b9165eefa42e,FZ 442,Unknown,DEL,DXB,2025-04-05 04:10:00+05:30,2025-04-05 04:10+05:30,2025-04-05 06:25+04:00,2025-04-05 06:25+04:00,Departed,FZ
ec23d62b-d51a-4056-8443-6a96166133f3,AI 853,VT-EDD,DEL,PNQ,2025-04-05 04:45:00+05:30,2025-04-05 04:12+05:30,2025-04-05 06:30+05:30,2025-04-05 06:30+05:30,Departed,AI
97814d5c-323f-4c51-8449-fa8ee4dbc840,XY 330,Unknown,DEL,RUH,2025-04-05 04:15:00+05:30,2025-04-05 04:15+05:30,2025-04-05 06:10+03:00,2025-04-05 06:10+03:00,Departed,XY
b1652408-8996-4295-92c8-8f8ffbfb66bb,IX 1125,VT-KOC,DEL,GOI,2025-04-05 04:35:00+05:30,2025-04-05 04:35+05:30,2025-04-05 07:10+05:30,2025-04-05 07:10+05:30,Departed,IX
3861e4a6-b99f-4530-8e55-2f0480b7038a,G9 464,Unknown,DEL,SHJ,2025-04-05 04:40:00+05:30,2025-04-05 04:40+05:30,2025-04-05 06:35+04:00,2025-04-05 06:35+04:00,Departed,G9
4d60bff1-74ac-4849-b2e1-156d71ebe81c,6E 2471,VT-IQK,DEL,PNQ,2025-04-05 04:40:00+05:30,2025-04-05 04:40+05:30,2025-04-05 06:45+05:30,2025-04-05 06:45+05:30,Departed,6E
e38fe49f-e336-4155-ba66-6da36f7b4a55,6E 2059,Unknown,DEL,GAU,2025-04-05 04:45:00+05:30,2025-04-05 04:45+05:30,2025-04-05 07:10+05:30,2025-04-05 07:10+05:30,Departed,6E
9b21b477-5eb1-49cb-98ce-3aae80144821,AI 2469,Unknown,DEL,PNQ,2025-04-05 04:45:00+05:30,2025-04-05 04:45+05:30,2025-04-05 06:55+05:30,2025-04-05 06:55+05:30,Departed,AI
2d2dd74e-1ce2-4620-b168-bbd23f04b348,AI 817,VT-PPJ,DEL,AMD,2025-04-05 04:45:00+05:30,2025-04-05 04:45+05:30,2025-04-05 06:35+05:30,2025-04-05 06:35+05:30,Departed,AI
86d8f540-a660-43d0-8c68-1ba548f7371e,6E 5119,VT-ILB,DEL,AMD,2025-04-05 04:45:00+05:30,2025-04-05 04:45+05:30,2025-04-05 06:15+05:30,2025-04-05 05:49+05:30,Departed,6E
359acbde-f368-457d-8b01-acf97323acdd,6E 6029,VT-ILO,DEL,HYD,2025-04-05 04:45:00+05:30,2025-04-05 04:45+05:30,2025-04-05 07:00+05:30,2025-04-05 07:00+05:30,Departed,6E
63448289-1580-47b9-a056-5b9c00ef3bd6,AI 833,VT-CIN,DEL,COK,2025-04-05 04:55:00+05:30,2025-04-05 04:55+05:30,2025-04-05 08:10+05:30,2025-04-05 08:10+05:30,Departed,AI
f317817f-921f-4a2b-8d1d-b3ff06c775c9,6E 2431,Unknown,DEL,NAG,2025-04-05 04:55:00+05:30,2025-04-05 04:55+05:30,2025-04-05 06:40+05:30,2025-04-05 06:40+05:30,Departed,6E
bbe9bd38-67a7-41ef-be8b-7347235d424d,AI 823,VT-PPM,DEL,BDQ,2025-04-05 04:55:00+05:30,2025-04-05 04:55+05:30,2025-04-05 06:40+05:30,2025-04-05 06:40+05:30,Departed,AI
ea9a040e-547d-47bc-bdff-176abe9ba794,6E 6073,Unknown,DEL,BBI,2025-04-05 04:55:00+05:30,2025-04-05 04:55+05:30,2025-04-05 07:10+05:30,2025-04-05 07:10+05:30,Departed,6E
d5df77b4-891d-4312-842f-f4bf56e7eebe,AI 477,Unknown,DEL,IXL,2025-04-05 04:55:00+05:30,2025-04-05 04:55+05:30,2025-04-05 06:20+05:30,2025-04-05 06:20+05:30,Departed,AI
2c7241d7-eff9-4628-b20d-b0969be11248,6E 2211,Unknown,DEL,VNS,2025-04-05 04:55:00+05:30,2025-04-05 04:55+05:30,2025-04-05 06:25+05:30,2025-04-05 06:25+05:30,Departed,6E
d28ad31f-f101-414f-99f4-6f29a1eda86e,6E 1307,Unknown,DEL,DOH,2025-04-05 04:20:00+05:30,2025-04-05 04:58+05:30,2025-04-05 05:50+03:00,2025-04-05 06:23+03:00,Departed,6E
385b8c44-8e42-433e-b520-42212cf71508,6E 449,Unknown,DEL,BOM,2025-04-05 05:00:00+05:30,2025-04-05 05:00+05:30,2025-04-05 07:20+05:30,2025-04-05 07:20+05:30,Departed,6E
e60bbffd-d0cc-4cdb-a2f5-cdd545247a1f,6E 2216,Unknown,DEL,IDR,2025-04-05 05:00:00+05:30,2025-04-05 05:00+05:30,2025-04-05 06:30+05:30,2025-04-05 06:30+05:30,Departed,6E
e66ec204-fa6b-46b0-8d0e-be28c0732a31,IX 556,Unknown,DEL,Unknown,2025-04-05 05:00:00+05:30,2025-04-05 05:00+05:30,Unknown,Unknown,Canceled,IX
3674b01d-a54a-45ed-ad92-3c074d13bf01,AI 443,VT-SCH,DEL,IXU,2025-04-05 05:00:00+05:30,2025-04-05 05:00+05:30,2025-04-05 07:10+05:30,2025-04-05 07:10+05:30,Departed,AI
6d46b022-19ac-4cb5-bf31-00f64a55acc0,6E 5015,Unknown,DEL,BHO,2025-04-05 05:05:00+05:30,2025-04-05 05:05+05:30,2025-04-05 06:30+05:30,2025-04-05 06:30+05:30,Departed,6E
f23088c1-e687-4e5d-817b-836b95f56fcd,AI 2617,VT-TNM,DEL,TRV,2025-04-05 03:55:00+05:30,2025-04-05 05:06+05:30,2025-04-05 08:10+05:30,2025-04-05 08:10+05:30,Departed,AI
57d5a614-41c0-4129-af0f-36a4f8a4e1db,IX 1197,Unknown,DEL,GAU,2025-04-05 04:30:00+05:30,2025-04-05 05:09+05:30,2025-04-05 07:05+05:30,2025-04-05 07:05+05:30,Departed,IX
bee9341b-2b3e-413c-9e20-4529838c1066,6E 6804,9H-SLF,DEL,CJB,2025-04-05 05:10:00+05:30,2025-04-05 05:10+05:30,2025-04-05 08:10+05:30,2025-04-05 08:10+05:30,Departed,6E
1fc11772-b493-45bf-8f9d-21e81aa6be1a,IX 1141,Unknown,DEL,COK,2025-04-05 05:10:00+05:30,2025-04-05 05:10+05:30,2025-04-05 08:25+05:30,2025-04-05 08:25+05:30,Departed,IX
67738acd-1fe5-4580-977b-8001946e0d67,EK 513,Unknown,DEL,DXB,2025-04-05 04:15:00+05:30,2025-04-05 05:13+05:30,2025-04-05 06:20+04:00,2025-04-05 06:20+04:00,Departed,EK
9fd2caa6-6296-4c1f-a8d6-3d6b4b742508,6E 6064,Unknown,DEL,IXM,2025-04-05 05:15:00+05:30,2025-04-05 05:15+05:30,2025-04-05 08:25+05:30,2025-04-05 08:25+05:30,Departed,6E
86af9147-2f33-44e7-aef9-03f8710e1063,6E 2037,Unknown,DEL,CCU,2025-04-05 05:15:00+05:30,2025-04-05 05:15+05:30,2025-04-05 07:30+05:30,2025-04-05 07:30+05:30,Departed,6E
383d14a7-b4b3-4aea-8f77-e4e1d09f88a0,AI 2025,VT-TSD,DEL,FRA,2025-04-05 05:15:00+05:30,2025-04-05 05:15+05:30,2025-04-05 10:40+02:00,2025-04-05 10:43+02:00,Departed,AI
165815df-3b1f-4ab6-bd45-17770d9fb1b5,AI 185,VT-ALS,DEL,YVR,2025-04-05 05:20:00+05:30,2025-04-05 05:20+05:30,2025-04-05 07:00-07:00,2025-04-05 07:10-07:00,Departed,AI
2010ab01-63cf-4ee1-ad3a-d1d5e89463a5,IX 1146,Unknown,DEL,SXR,2025-04-05 05:20:00+05:30,2025-04-05 05:20+05:30,2025-04-05 06:55+05:30,2025-04-05 06:55+05:30,Departed,IX
e93150fa-233c-424c-9459-42b969bedaaa,KB 203,Unknown,DEL,PBH,2025-04-05 04:35:00+05:30,2025-04-05 05:22+05:30,2025-04-05 07:15+06:00,2025-04-05 07:15+06:00,Departed,KB
f038670d-4a67-4f61-9844-fa19c3c045d1,6E 2607,Unknown,DEL,SXR,2025-04-05 05:25:00+05:30,2025-04-05 05:25+05:30,2025-04-05 06:50+05:30,2025-04-05 06:50+05:30,Departed,6E
83e68eb4-675c-4fe7-a9d5-b844d2ed166e,IX 1151,Unknown,DEL,BBI,2025-04-05 05:25:00+05:30,2025-04-05 05:25+05:30,2025-04-05 07:50+05:30,2025-04-05 07:50+05:30,Departed,IX
2baa60c2-67b4-45c3-9384-76d44fbcc138,AI 187,VT-ALM,DEL,YYZ,2025-04-05 03:45:00+05:30,2025-04-05 05:28+05:30,2025-04-05 08:45-04:00,2025-04-05 10:45-04:00,Departed,AI
3615729e-4878-4fe9-865e-d68f3f468148,EY 219,A6-BLD,DEL,AUH,2025-04-05 04:50:00+05:30,2025-04-05 05:30+05:30,2025-04-05 07:00+04:00,2025-04-05 07:00+04:00,Departed,EY
12f1d109-ec89-4582-a44e-e795ed23e776,6E 2995,Unknown,DEL,Unknown,2025-04-05 05:30:00+05:30,2025-04-05 05:30+05:30,Unknown,Unknown,Departed,6E
20e45e07-8942-48b9-9fe0-4c3c197d70ed,6E 1707,VT-IUJ,DEL,HKG,2025-04-05 05:30:00+05:30,2025-04-05 05:30+05:30,2025-04-05 13:10+08:00,2025-04-05 13:07+08:00,Departed,6E
f2b67a98-472e-4f8d-9f07-84421ffef7ba,SU 233,Unknown,DEL,SVO,2025-04-05 05:00:00+05:30,2025-04-05 05:34+05:30,2025-04-05 09:05+03:00,2025-04-05 09:18+03:00,Departed,SU
7b1ee03c-7ba3-483a-be1d-d550bb63fa86,6E 2064,Unknown,DEL,LKO,2025-04-05 05:35:00+05:30,2025-04-05 05:35+05:30,2025-04-05 06:45+05:30,2025-04-05 06:45+05:30,Departed,6E
c4301176-9267-49cc-91b8-ebec1da19194,AI 2913,VT-EXG,DEL,IDR,2025-04-05 05:35:00+05:30,2025-04-05 05:35+05:30,2025-04-05 07:15+05:30,2025-04-05 07:15+05:30,Departed,AI
ee3c2a3f-f713-4251-b2cc-d118d99ed865,AI 485,Unknown,DEL,VTZ,2025-04-05 05:55:00+05:30,2025-04-05 05:38+05:30,2025-04-05 07:45+05:30,2025-04-05 07:45+05:30,Departed,AI
f587792c-add7-4abc-81a5-3b503891d2d5,6E 2003,Unknown,DEL,IXL,2025-04-05 05:40:00+05:30,2025-04-05 05:40+05:30,2025-04-05 07:05+05:30,2025-04-05 07:05+05:30,Departed,6E
3cdc82a0-55e5-46ce-9a19-8f6576b337b0,6E 732,Unknown,DEL,TIR,2025-04-05 05:45:00+05:30,2025-04-05 05:41+05:30,2025-04-05 08:25+05:30,2025-04-05 08:25+05:30,Departed,6E
5b98eb3e-8bba-4e29-b0ee-52e74d3ad141,AI 147,VT-NAC,DEL,CDG,2025-04-05 04:55:00+05:30,2025-04-05 05:42+05:30,2025-04-05 10:35+02:00,2025-04-05 10:35+02:00,Departed,AI
41f85061-2a56-46cb-bfde-f22100f2a6e4,AI 2571,Unknown,DEL,VGA,2025-04-05 05:45:00+05:30,2025-04-05 05:45+05:30,2025-04-05 08:10+05:30,2025-04-05 08:10+05:30,Departed,AI
5d008b66-7daa-4da7-8093-0ee23858cc11,6E 2069,VT-NCJ,DEL,BLR,2025-04-05 05:45:00+05:30,2025-04-05 05:45+05:30,2025-04-05 08:30+05:30,2025-04-05 08:36+05:30,Departed,6E
30c100aa-fbfe-4cce-b4cb-525db062e48a,AI 2409,VT-TNK,DEL,BLR,2025-04-05 05:45:00+05:30,2025-04-05 05:45+05:30,2025-04-05 08:40+05:30,2025-04-05 08:28+05:30,Departed,AI
c524e312-c74b-48ea-bb8c-bb70ec397bb1,IX 2508,VT-HKG,DEL,BLR,2025-04-05 05:00:00+05:30,2025-04-05 05:46+05:30,2025-04-05 08:00+05:30,2025-04-05 08:24+05:30,Departed,IX
56c62a4e-36a3-4037-a5ef-89eef4fa7d10,AI 2567,Unknown,DEL,IXC,2025-04-05 05:50:00+05:30,2025-04-05 05:50+05:30,2025-04-05 07:00+05:30,2025-04-05 07:00+05:30,Departed,AI
caa09afc-a560-46ef-802b-05103774e0b9,6E 6261,Unknown,DEL,AMD,2025-04-05 05:50:00+05:30,2025-04-05 05:50+05:30,2025-04-05 07:20+05:30,2025-04-05 07:02+05:30,Departed,6E
af3ea9fb-edb9-4fc2-bdf4-35f87708f3bf,GF 131,A9C-NH,DEL,BAH,2025-04-05 04:55:00+05:30,2025-04-05 05:52+05:30,2025-04-05 06:40+03:00,2025-04-05 06:40+03:00,Departed,GF
d66f5d05-2d5f-441c-9a0b-fa613e8603d3,AI 453,Unknown,DEL,ATQ,2025-04-05 05:55:00+05:30,2025-04-05 05:55+05:30,2025-04-05 07:15+05:30,2025-04-05 07:15+05:30,Departed,AI
250244a3-4d47-48fa-805e-8c2ebe5865e7,AI 2975,VT-TNJ,DEL,BOM,2025-04-05 05:55:00+05:30,2025-04-05 05:55+05:30,2025-04-05 08:20+05:30,2025-04-05 08:20+05:30,Departed,AI
d48d62d2-040d-418a-82a9-0e75ab4601f8,6E 5068,Unknown,DEL,VTZ,2025-04-05 05:55:00+05:30,2025-04-05 05:55+05:30,2025-04-05 08:10+05:30,2025-04-05 08:10+05:30,Departed,6E
968dcefc-b8bc-416f-bc68-c51f7bca2f69,AI 2527,Unknown,DEL,BHO,2025-04-05 05:55:00+05:30,2025-04-05 05:55+05:30,2025-04-05 07:15+05:30,2025-04-05 07:15+05:30,Departed,AI
c06c6575-65cb-4853-964b-ab54994ea107,6E 6483,Unknown,DEL,JAI,2025-04-05 06:00:00+05:30,2025-04-05 05:59+05:30,2025-04-05 06:45+05:30,2025-04-05 06:45+05:30,Departed,6E
242b895d-2d23-4def-8692-4fb09ed4ad44,6E 2412,VT-ILQ,DEL,BDQ,2025-04-05 06:00:00+05:30,2025-04-05 06:00+05:30,2025-04-05 07:30+05:30,2025-04-05 07:30+05:30,Departed,6E
8ef3dbd9-d6c4-41f6-b739-b43ecb352aa9,6E 6218,Unknown,DEL,BOM,2025-04-05 06:00:00+05:30,2025-04-05 06:00+05:30,2025-04-05 08:10+05:30,2025-04-05 08:10+05:30,Departed,6E
b093fd7f-c23b-4764-88a9-f083548e375b,AI 2525,Unknown,DEL,MAA,2025-04-05 06:00:00+05:30,2025-04-05 06:00+05:30,2025-04-05 08:55+05:30,2025-04-05 08:55+05:30,Departed,AI
2dfb80a4-ca4b-41ef-85bb-054dd87b833a,6E 2262,Unknown,DEL,PNQ,2025-04-05 06:00:00+05:30,2025-04-05 06:00+05:30,2025-04-05 08:00+05:30,2025-04-05 08:00+05:30,Departed,6E
a55a1876-7fc1-4424-ab50-639361d51607,SG 2950,Unknown,DEL,Unknown,2025-04-05 06:00:00+05:30,2025-04-05 06:00+05:30,Unknown,Unknown,Departed,SG
109fd6b7-46a6-4ae4-8b63-9ec771d5a36f,UL 192,4R-ABL,DEL,CMB,2025-04-05 05:15:00+05:30,2025-04-05 06:01+05:30,2025-04-05 08:50+05:30,2025-04-05 08:50+05:30,Departed,UL
8d52f81a-4af6-404b-9512-2c33173491b8,SG 121,Unknown,DEL,IXL,2025-04-05 06:10:00+05:30,2025-04-05 06:05+05:30,2025-04-05 07:30+05:30,2025-04-05 07:30+05:30,Departed,SG
c65f9ec8-c9eb-43c7-a13d-fbd65adcc2c1,6E 2272,VT-IZB,DEL,STV,2025-04-05 06:10:00+05:30,2025-04-05 06:10+05:30,2025-04-05 08:00+05:30,2025-04-05 08:00+05:30,Departed,6E
97eedc37-9e49-413b-a982-deda60acd346,AI 2829,Unknown,DEL,HYD,2025-04-05 06:10:00+05:30,2025-04-05 06:10+05:30,2025-04-05 08:20+05:30,2025-04-05 08:20+05:30,Departed,AI
fa5a01b5-703c-43e5-8cb2-84d9533d979c,9I 649,Unknown,DEL,DED,2025-04-05 06:10:00+05:30,2025-04-05 06:10+05:30,2025-04-05 07:20+05:30,2025-04-05 07:20+05:30,Departed,9I
6a3f8292-0c86-4eda-aa4a-9481758a9330,6E 2993,Unknown,DEL,Unknown,2025-04-05 05:15:00+05:30,2025-04-05 06:13+05:30,Unknown,Unknown,Departed,6E
e076a101-0fb9-4c3d-8ca3-788cf8e7201d,6E 2511,VT-IJX,DEL,IXG,2025-04-05 06:15:00+05:30,2025-04-05 06:15+05:30,2025-04-05 08:40+05:30,2025-04-05 08:40+05:30,Departed,6E
379e7a9d-c1a6-4e70-a1b4-b09c49f40c60,6E 5058,Unknown,DEL,PAT,2025-04-05 06:20:00+05:30,2025-04-05 06:20+05:30,2025-04-05 07:55+05:30,2025-04-05 07:55+05:30,Departed,6E
14e675c8-f6c3-4eac-85ff-400aad4b247e,IX 3305,Unknown,DEL,SXR,2025-04-05 06:20:00+05:30,2025-04-05 06:20+05:30,2025-04-05 07:55+05:30,2025-04-05 07:55+05:30,Departed,IX
440b2c0a-4bda-4ef6-9f55-1cb5d93067b1,6E 1073,Unknown,DEL,HKT,2025-04-05 06:20:00+05:30,2025-04-05 06:20+05:30,2025-04-05 12:30+07:00,2025-04-05 12:01+07:00,Departed,6E
8a13e3e6-b08a-451e-953d-572b9419166d,AI 2959,VT-TVB,DEL,AMD,2025-04-05 06:20:00+05:30,2025-04-05 06:20+05:30,2025-04-05 08:00+05:30,2025-04-05 08:00+05:30,Departed,AI
312588b0-9b52-49ae-87ed-167f3f9a18f2,AI 2803,VT-TNF,DEL,BLR,2025-04-05 06:25:00+05:30,2025-04-05 06:25+05:30,2025-04-05 09:20+05:30,2025-04-05 09:06+05:30,Departed,AI
b3374af8-49e2-4899-bc58-7c3b40ad2974,6E 6371,VT-IJR,DEL,DIB,2025-04-05 06:30:00+05:30,2025-04-05 06:30+05:30,2025-04-05 09:15+05:30,2025-04-05 09:15+05:30,Departed,6E
ccc96e23-0be2-42d2-9abc-4dd0d6727ed4,AI 3170,VT-CIF,DEL,BLR,2025-04-05 06:30:00+05:30,2025-04-05 06:30+05:30,2025-04-05 09:30+05:30,2025-04-05 09:03+05:30,Departed,AI
978bd6c7-78fb-44b4-9d9b-2d584846d978,IX 1170,Unknown,DEL,BLR,2025-04-05 06:30:00+05:30,2025-04-05 06:30+05:30,2025-04-05 09:30+05:30,2025-04-05 09:20+05:30,Canceled,IX
a0cf5cc2-3a39-4697-942d-5dd29c6c1dcc,B3 774,Unknown,DEL,KTM,2025-04-05 06:30:00+05:30,2025-04-05 06:30+05:30,2025-04-05 08:15+05:45,2025-04-05 08:15+05:45,Departed,B3
9762a59e-97a5-4d00-8a5a-dcf84b62e1c7,AI 2793,Unknown,DEL,RPR,2025-04-05 06:35:00+05:30,2025-04-05 06:35+05:30,2025-04-05 08:20+05:30,2025-04-05 08:20+05:30,Departed,AI
c9dfa414-f3d2-476e-a188-6aace904beba,6E 7483,Unknown,DEL,DHM,2025-04-05 06:40:00+05:30,2025-04-05 06:40+05:30,2025-04-05 08:20+05:30,2025-04-05 08:20+05:30,Departed,6E
d28d3998-303d-4b69-8734-5cc8a530c431,IX 1191,Unknown,DEL,GAU,2025-04-05 06:40:00+05:30,2025-04-05 06:40+05:30,2025-04-05 09:20+05:30,2025-04-05 09:20+05:30,Departed,IX
a4e7049c-c272-4bd3-a59c-6b3a5ae70229,6E 203,Unknown,DEL,HYD,2025-04-05 06:45:00+05:30,2025-04-05 06:44+05:30,2025-04-05 09:00+05:30,2025-04-05 09:00+05:30,Departed,6E
3bcd8273-bb94-4908-bb48-c9edf4ac83bd,AI 2535,Unknown,DEL,CCU,2025-04-05 06:45:00+05:30,2025-04-05 06:45+05:30,2025-04-05 09:00+05:30,2025-04-05 09:00+05:30,Departed,AI
dcbf0454-6bce-4537-9aa3-58c399a86d6b,6E 5007,Unknown,DEL,ATQ,2025-04-05 06:50:00+05:30,2025-04-05 06:45+05:30,2025-04-05 08:05+05:30,2025-04-05 08:05+05:30,Departed,6E
ed0dcaa2-7ce0-48eb-80d4-54b35a204367,AI 111,VT-JRE,DEL,LHR,2025-04-05 06:45:00+05:30,2025-04-05 06:45+05:30,2025-04-05 11:30+01:00,2025-04-05 11:23+01:00,Departed,AI
a195b427-4c13-4d95-8455-17e5bcfb31ed,SG 8157,OK-TVL,DEL,BOM,2025-04-05 06:10:00+05:30,2025-04-05 06:46+05:30,2025-04-05 08:25+05:30,2025-04-05 08:25+05:30,Departed,SG
3d4fdfeb-5cff-4415-ae50-b22a8b3d8604,6E 6708,Unknown,DEL,NAG,2025-04-05 06:50:00+05:30,2025-04-05 06:50+05:30,2025-04-05 08:35+05:30,2025-04-05 08:35+05:30,Departed,6E
2f5e6695-bdf4-465b-a23b-509c27ff078a,9I 643,Unknown,DEL,Unknown,2025-04-05 06:55:00+05:30,2025-04-05 06:55+05:30,Unknown,Unknown,Departed,9I
d561a53a-8662-4c72-bd61-9cd454b8ab2c,6E 2062,Unknown,DEL,RPR,2025-04-05 06:55:00+05:30,2025-04-05 06:55+05:30,2025-04-05 08:45+05:30,2025-04-05 08:45+05:30,Departed,6E
c608d753-3bb3-4cff-b29f-badc4cfcdb02,TK 717,Unknown,DEL,Unknown,2025-04-05 06:20:00+05:30,2025-04-05 06:55+05:30,Unknown,Unknown,Departed,TK
082109d7-f79c-4302-b16e-57bc01e31d41,6E 219,Unknown,DEL,CCU,2025-04-05 07:00:00+05:30,2025-04-05 06:58+05:30,2025-04-05 09:20+05:30,2025-04-05 09:20+05:30,Departed,6E
04a5598e-84ac-4138-8cb7-4ccd3e1afa53,AI 827,Unknown,DEL,SXR,2025-04-05 07:20:00+05:30,2025-04-05 06:59+05:30,2025-04-05 08:45+05:30,2025-04-05 08:45+05:30,Departed,AI
b299c662-46df-4e38-8c81-9ce544dbee4c,AI 2429,VT-TQB,DEL,BOM,2025-04-05 07:00:00+05:30,2025-04-05 07:00+05:30,2025-04-05 09:15+05:30,2025-04-05 09:15+05:30,Departed,AI
52d102b5-ae74-4932-b593-c6a7d47f6efc,6E 6814,Unknown,DEL,BOM,2025-04-05 07:00:00+05:30,2025-04-05 07:00+05:30,2025-04-05 09:15+05:30,2025-04-05 09:15+05:30,Departed,6E
c2616f54-ba8e-4632-9fca-2113d6474e77,AI 473,Unknown,DEL,BBI,2025-04-05 07:00:00+05:30,2025-04-05 07:00+05:30,2025-04-05 09:05+05:30,2025-04-05 09:05+05:30,Departed,AI
4d20f63c-7b50-48af-983a-529a3063fe77,6E 2103,VT-ICH,DEL,BLR,2025-04-05 07:00:00+05:30,2025-04-05 07:00+05:30,2025-04-05 09:55+05:30,2025-04-05 09:45+05:30,Departed,6E
5d1caa46-060a-4267-8450-d229270ff7f2,6E 7324,Unknown,DEL,PGH,2025-04-05 07:05:00+05:30,2025-04-05 07:05+05:30,2025-04-05 08:10+05:30,2025-04-05 08:10+05:30,Departed,6E
e0e30a17-bed2-45e6-9465-e2df75d7eafa,6E 2316,Unknown,DEL,IXJ,2025-04-05 07:05:00+05:30,2025-04-05 07:05+05:30,2025-04-05 08:30+05:30,2025-04-05 08:30+05:30,Departed,6E
1c475a52-79f4-494c-83d2-edee8ba78529,IX 2752,Unknown,DEL,IXE,2025-04-05 07:10:00+05:30,2025-04-05 07:10+05:30,2025-04-05 10:05+05:30,2025-04-05 10:05+05:30,Departed,IX
8892c207-928c-4edb-b3b9-1be5ce125ef7,SG 479,Unknown,DEL,SXR,2025-04-05 06:05:00+05:30,2025-04-05 07:10+05:30,2025-04-05 07:40+05:30,2025-04-05 07:40+05:30,Departed,SG
5d6f70f7-0ad1-42a5-8b96-292f0fd3c756,IX 2761,Unknown,DEL,Unknown,2025-04-05 07:10:00+05:30,2025-04-05 07:10+05:30,Unknown,Unknown,Canceled,IX
b505600a-aa00-4b39-9c70-096f3db56dc2,9I 821,Unknown,DEL,SLV,2025-04-05 07:10:00+05:30,2025-04-05 07:10+05:30,2025-04-05 08:20+05:30,2025-04-05 08:20+05:30,Departed,9I
4ff2c28b-0761-452e-82f1-5f01fedf9bd7,AI 2499,Unknown,DEL,LKO,2025-04-05 07:10:00+05:30,2025-04-05 07:10+05:30,2025-04-05 08:15+05:30,2025-04-05 08:15+05:30,Departed,AI
43697876-b457-4cfe-8e64-7907f3107073,AI 2560,VT-TQF,DEL,HYD,2025-04-05 07:10:00+05:30,2025-04-05 07:10+05:30,2025-04-05 09:30+05:30,2025-04-05 09:30+05:30,Departed,AI
1f0c5700-2da9-47f8-829a-5c986d718061,6E 2022,Unknown,DEL,IXR,2025-04-05 07:10:00+05:30,2025-04-05 07:10+05:30,2025-04-05 09:10+05:30,2025-04-05 09:10+05:30,Departed,6E
64be2c0b-5571-469b-b651-95fb1ba43f59,6E 2281,Unknown,DEL,MAA,2025-04-05 07:15:00+05:30,2025-04-05 07:15+05:30,2025-04-05 10:05+05:30,2025-04-05 10:05+05:30,Departed,6E
4de24917-5d3d-4374-a448-a820e7f71b9c,6E 2006,Unknown,DEL,IXL,2025-04-05 06:30:00+05:30,2025-04-05 07:16+05:30,2025-04-05 07:50+05:30,2025-04-05 07:50+05:30,Departed,6E
b0adb096-fd35-428d-9a74-34440e83732f,9I 613,Unknown,DEL,PAB,2025-04-05 07:20:00+05:30,2025-04-05 07:20+05:30,2025-04-05 09:55+05:30,2025-04-05 09:55+05:30,Departed,9I
2562befb-6d58-4896-bef4-dc1503366d0c,6E 2076,VT-ISS,DEL,AMD,2025-04-05 07:20:00+05:30,2025-04-05 07:20+05:30,2025-04-05 08:55+05:30,2025-04-05 08:55+05:30,Departed,6E
c24e0637-9f3b-4582-b89b-0f5604cf041e,AI 2207,Unknown,DEL,DXB,2025-04-05 07:20:00+05:30,2025-04-05 07:20+05:30,2025-04-05 09:30+04:00,2025-04-05 09:30+04:00,Departed,AI
aca4133a-2e8a-4509-a6d3-17eec978d883,6E 2411,Unknown,DEL,VNS,2025-04-05 07:25:00+05:30,2025-04-05 07:24+05:30,2025-04-05 08:55+05:30,2025-04-05 08:55+05:30,Departed,6E
f48b7d05-37eb-4fc7-ae03-700288ce1eef,KU 384,Unknown,DEL,KWI,2025-04-05 07:25:00+05:30,2025-04-05 07:25+05:30,2025-04-05 09:25+03:00,2025-04-05 09:25+03:00,Departed,KU
6a8a2665-6b7d-4c5a-be7f-c6daee145867,6E 2413,VT-ILS,DEL,Unknown,2025-04-05 07:25:00+05:30,2025-04-05 07:25+05:30,Unknown,Unknown,Departed,6E
7c9bed6c-b651-4dea-aca0-ee2d6fdce469,6E 5102,Unknown,DEL,SXR,2025-04-05 07:35:00+05:30,2025-04-05 07:29+05:30,2025-04-05 09:00+05:30,2025-04-05 09:00+05:30,Departed,6E
8cce714a-cf5a-4e83-afe6-62f719f533ee,B2 758,EW-527PA,DEL,MSQ,2025-04-05 06:55:00+05:30,2025-04-05 07:29+05:30,2025-04-05 12:55+03:00,2025-04-05 13:14+03:00,Departed,B2
f18dd118-f7e3-4962-b4f7-323f62c495d2,AI 2943,Unknown,DEL,BOM,2025-04-05 07:30:00+05:30,2025-04-05 07:30+05:30,2025-04-05 09:35+05:30,2025-04-05 09:35+05:30,Departed,AI
4226d623-4934-4651-b05d-e2a233276dd0,UK 943,Unknown,DEL,Unknown,2025-04-05 07:30:00+05:30,2025-04-05 07:30+05:30,Unknown,Unknown,Departed,UK
89a77024-cd19-485c-9d05-895ee4a20f51,6E 6311,VT-ILZ,DEL,ISK,2025-04-05 07:30:00+05:30,2025-04-05 07:30+05:30,2025-04-05 09:25+05:30,2025-04-05 09:25+05:30,Departed,6E
6e6e9b13-4663-4525-a540-466ace3da1be,AI 2705,Unknown,DEL,CCU,2025-04-05 07:30:00+05:30,2025-04-05 07:30+05:30,2025-04-05 09:45+05:30,2025-04-05 09:45+05:30,Departed,AI
405f2a8f-43a4-4b6f-acd9-e56bbc00c34f,AI 2815,VT-TVE,DEL,BLR,2025-04-05 07:30:00+05:30,2025-04-05 07:30+05:30,2025-04-05 10:10+05:30,2025-04-05 10:20+05:30,Departed,AI
2b0e592c-1164-45eb-938e-5123be56ba79,6E 5317,Unknown,DEL,IXB,2025-04-05 07:30:00+05:30,2025-04-05 07:30+05:30,2025-04-05 09:30+05:30,2025-04-05 09:30+05:30,Departed,6E
b6db8d8e-1211-439e-9ea2-63d2329923b2,6E 2147,Unknown,DEL,LKO,2025-04-05 07:35:00+05:30,2025-04-05 07:35+05:30,2025-04-05 08:45+05:30,2025-04-05 08:45+05:30,Departed,6E
670acee1-2e4c-4940-8546-d2f36b82a87a,AY 122,OH-LTU,DEL,HEL,2025-04-05 07:40:00+05:30,2025-04-05 07:40+05:30,2025-04-05 14:25+03:00,2025-04-05 14:23+03:00,Departed,AY
0f49dc38-6b23-472d-a36c-dfdf0682824d,SG 2937,Unknown,DEL,DHM,2025-04-05 07:50:00+05:30,2025-04-05 07:43+05:30,2025-04-05 09:15+05:30,2025-04-05 09:15+05:30,Departed,SG
c76a1304-ce23-456c-9635-3f0ec87090ed,AI 2833,Unknown,DEL,MAA,2025-04-05 07:45:00+05:30,2025-04-05 07:45+05:30,2025-04-05 10:35+05:30,2025-04-05 10:35+05:30,Departed,AI
5f837712-25e5-4471-aad7-b97958c2b13e,SG 8913,Unknown,DEL,SXR,2025-04-05 07:55:00+05:30,2025-04-05 07:52+05:30,2025-04-05 09:35+05:30,2025-04-05 09:35+05:30,Departed,SG
a043def4-cc06-4c9d-99e1-408c18357e04,6E 9581,Unknown,DEL,Unknown,2025-04-05 07:55:00+05:30,2025-04-05 07:55+05:30,Unknown,Unknown,Canceled,6E
6c9a1a31-1993-4eb0-92d6-adfbbc244c34,6E 686,Unknown,DEL,IXJ,2025-04-05 08:00:00+05:30,2025-04-05 07:57+05:30,2025-04-05 09:30+05:30,2025-04-05 09:30+05:30,Departed,6E
6a542ae6-bcc6-4486-bf3d-ac988d3e8520,ZZ 2000,Unknown,Unknown,DEL,,Unknown,2025-04-04 20:00+05:30,2025-04-04 20:00+05:30,Arrived,UNKNOWN
e3612dde-badf-47ea-bef3-1f77ad59f92d,6E 6046,Unknown,PAT,DEL,2025-04-04 18:20:00+05:30,2025-04-04 18:20+05:30,2025-04-04 20:05+05:30,2025-04-04 20:02+05:30,Arrived,6E
7d8cbb3b-e342-4d34-aaa5-56f5dee23f90,AI 2440,Unknown,BOM,DEL,2025-04-04 18:00:00+05:30,2025-04-04 18:00+05:30,2025-04-04 20:25+05:30,2025-04-04 20:02+05:30,Arrived,AI
36683ca8-7e34-45ca-aecd-6089e170ee45,AI 2602,Unknown,IXC,DEL,2025-04-04 19:15:00+05:30,2025-04-04 19:15+05:30,2025-04-04 20:20+05:30,2025-04-04 20:03+05:30,Arrived,AI
9c7a64c6-8d88-4a7b-9599-9d2c8c467e49,AI 2834,VT-ATV,MAA,DEL,2025-04-04 17:30:00+05:30,2025-04-04 17:30+05:30,2025-04-04 20:30+05:30,2025-04-04 20:05+05:30,Arrived,AI
53c22c17-f110-489f-8270-888547bb4610,SQ 406,9V-SKZ,SIN,DEL,2025-04-04 16:50:00+08:00,2025-04-04 16:50+08:00,2025-04-04 20:10+05:30,2025-04-04 20:06+05:30,Arrived,SQ
b42b6afe-448f-4c3a-80ff-b2640e292166,6E 2437,Unknown,LKO,DEL,2025-04-04 18:55:00+05:30,2025-04-04 18:55+05:30,2025-04-04 20:15+05:30,2025-04-04 20:07+05:30,Arrived,6E
7f973777-487a-43a4-90de-2314a48f2f27,EK 514,Unknown,DXB,DEL,2025-04-04 15:25:00+04:00,2025-04-04 15:25+04:00,2025-04-04 20:25+05:30,2025-04-04 20:12+05:30,Arrived,EK
11dc0749-f3fd-4007-b5da-d38ec678ea37,6E 6183,Unknown,CCU,DEL,2025-04-04 18:00:00+05:30,2025-04-04 18:00+05:30,2025-04-04 20:25+05:30,2025-04-04 20:14+05:30,Arrived,6E
9a20a9b9-d168-48eb-94bb-1a94782aa6a7,AC 42,C-FIUF,YYZ,DEL,2025-04-03 19:40:00-04:00,2025-04-03 19:46-04:00,2025-04-04 20:15+05:30,2025-04-04 20:15+05:30,Arrived,AC
b824f9e4-d189-4620-80bf-4ab2c47b6ac7,6E 2213,Unknown,NAG,DEL,2025-04-04 18:45:00+05:30,2025-04-04 18:45+05:30,2025-04-04 20:30+05:30,2025-04-04 20:19+05:30,Arrived,6E
862d5063-b0b5-49f8-8041-cad32c1523fe,6E 1054,LN-FNC,BKK,DEL,2025-04-04 17:45:00+07:00,2025-04-04 17:46+07:00,2025-04-04 20:20+05:30,2025-04-04 20:20+05:30,Arrived,6E
ad55e8b3-7a31-4b55-a3b5-eb74a0b5c62a,6E 2268,Unknown,SXR,DEL,2025-04-04 19:05:00+05:30,2025-04-04 19:05+05:30,2025-04-04 20:40+05:30,2025-04-04 20:23+05:30,Arrived,6E
abd4f55c-3a35-44b2-9950-82ca66deabf2,AI 836,VT-PPM,AMD,DEL,2025-04-04 18:40:00+05:30,2025-04-04 18:40+05:30,2025-04-04 20:30+05:30,2025-04-04 20:25+05:30,Arrived,AI
70dea5ec-52d4-48ea-bd25-2042048f9a5d,6E 2032,Unknown,AMD,DEL,2025-04-04 18:50:00+05:30,2025-04-04 18:50+05:30,2025-04-04 20:35+05:30,2025-04-04 20:30+05:30,Arrived,6E
868d015f-0afb-4c01-ad38-11b1fcd31d51,6E 698,Unknown,MAA,DEL,2025-04-04 17:50:00+05:30,2025-04-04 17:50+05:30,2025-04-04 20:45+05:30,2025-04-04 20:32+05:30,Arrived,6E
2bc00f29-6fef-4723-9e02-2407e7b509ab,AI 2880,VT-TNK,HYD,DEL,2025-04-04 18:25:00+05:30,2025-04-04 18:25+05:30,2025-04-04 20:45+05:30,2025-04-04 20:34+05:30,Arrived,AI
948e55f8-b2e2-42f7-8dc6-42df9b763309,SG 184,VT-SLC,PNQ,DEL,2025-04-04 18:30:00+05:30,2025-04-04 18:30+05:30,2025-04-04 20:35+05:30,2025-04-04 20:35+05:30,Arrived,SG
4c86af00-f056-40fc-885c-a1d9ea5257fc,AI 2570,Unknown,VTZ,DEL,2025-04-04 18:15:00+05:30,2025-04-04 18:15+05:30,2025-04-04 20:35+05:30,2025-04-04 20:35+05:30,Arrived,AI
88f7a6dc-7c58-440e-896e-2e4cea7e350e,6E 6034,VT-NCE,BLR,DEL,2025-04-04 18:00:00+05:30,2025-04-04 18:00+05:30,2025-04-04 20:55+05:30,2025-04-04 20:35+05:30,Arrived,6E
86e0c24d-b9b8-4243-8fa3-d1de62120635,6E 2401,Unknown,HYD,DEL,2025-04-04 18:15:00+05:30,2025-04-04 18:15+05:30,2025-04-04 20:40+05:30,2025-04-04 20:40+05:30,Arrived,6E
7509d061-bc0a-48b7-a81f-6a729aacdab9,AI 2820,VT-RTX,BLR,DEL,2025-04-04 17:45:00+05:30,2025-04-04 17:45+05:30,2025-04-04 20:40+05:30,2025-04-04 20:40+05:30,Arrived,AI
50e53f08-73f1-45b4-9b21-9c7c5e48455e,AI 2522,Unknown,PAT,DEL,2025-04-04 19:10:00+05:30,2025-04-04 19:10+05:30,2025-04-04 20:55+05:30,2025-04-04 20:41+05:30,Arrived,AI
cf69e512-c54e-4e0a-b29f-aea968d81ad6,6E 5063,Unknown,DED,DEL,2025-04-04 20:05:00+05:30,2025-04-04 20:05+05:30,2025-04-04 21:00+05:30,2025-04-04 20:44+05:30,Arrived,6E
9c241e04-27b4-485c-9bd9-cceac5428b16,6E 2033,Unknown,GAU,DEL,2025-04-04 18:10:00+05:30,2025-04-04 18:10+05:30,2025-04-04 20:55+05:30,2025-04-04 20:44+05:30,Arrived,6E
6cfa0be8-b485-4ab1-8ef0-22cc855a2dc6,6E 2362,Unknown,RPR,DEL,2025-04-04 19:10:00+05:30,2025-04-04 19:10+05:30,2025-04-04 21:05+05:30,2025-04-04 20:44+05:30,Arrived,6E
3e2cfd30-18fa-456d-b800-094770bb99a8,9I 832,Unknown,IXC,DEL,2025-04-04 20:40:00+05:30,2025-04-04 20:40+05:30,2025-04-04 20:45+05:30,2025-04-04 20:45+05:30,Arrived,9I
ce885006-75de-4e4d-8d88-970879fab06f,AI 2996,VT-TVI,BOM,DEL,2025-04-04 18:30:00+05:30,2025-04-04 18:30+05:30,2025-04-04 20:50+05:30,2025-04-04 20:50+05:30,Arrived,AI
e866a768-7d94-4e76-8b95-68fa3e37b5b9,GF 134,Unknown,BAH,DEL,2025-04-04 14:20:00+03:00,2025-04-04 14:20+03:00,2025-04-04 20:50+05:30,2025-04-04 20:50+05:30,Arrived,GF
c4a3d445-306c-44d7-b794-41d806a46c58,AI 890,Unknown,GAU,DEL,2025-04-04 18:25:00+05:30,2025-04-04 18:25+05:30,2025-04-04 21:10+05:30,2025-04-04 20:55+05:30,Arrived,AI
0119d2bc-12c8-4210-91ac-6cafffbde3f5,IX 1130,Unknown,BBI,DEL,2025-04-04 18:50:00+05:30,2025-04-04 18:50+05:30,2025-04-04 21:25+05:30,2025-04-04 20:58+05:30,Arrived,IX
273193d7-d2c2-47f5-b11a-b41fa70969a7,6E 2267,Unknown,UDR,DEL,2025-04-04 20:00:00+05:30,2025-04-04 20:00+05:30,2025-04-04 21:20+05:30,2025-04-04 20:59+05:30,Arrived,6E
75376782-b2ae-4ca8-a18d-80ae1a6cc564,6E 5072,VT-ILD,IXU,DEL,2025-04-04 18:55:00+05:30,2025-04-04 18:55+05:30,2025-04-04 21:00+05:30,2025-04-04 21:00+05:30,Arrived,6E
4015d620-1311-45cd-a258-62c33ba66627,6E 6613,Unknown,BOM,DEL,2025-04-04 19:00:00+05:30,2025-04-04 19:00+05:30,2025-04-04 21:15+05:30,2025-04-04 21:06+05:30,Arrived,6E
f3cf23dd-249e-4af5-a371-a2fe9bc724ec,AI 2972,VT-TNH,PNQ,DEL,2025-04-04 18:45:00+05:30,2025-04-04 18:45+05:30,2025-04-04 21:10+05:30,2025-04-04 21:07+05:30,Arrived,AI
2c469a80-9d26-4d36-960f-1a3888b31663,UA 82,N29971,EWR,DEL,2025-04-03 20:55:00-04:00,2025-04-03 21:17-04:00,2025-04-04 21:30+05:30,2025-04-04 21:07+05:30,Arrived,UA
1b374678-1ef3-4ada-a40f-7a47dc645e17,CX 695,B-KQT,HKG,DEL,2025-04-04 17:45:00+08:00,2025-04-04 17:45+08:00,2025-04-04 21:10+05:30,2025-04-04 21:10+05:30,Arrived,CX
8c362a3f-bc54-4d44-a9bb-e449d37bae59,IX 2747,VT-GWH,BLR,DEL,2025-04-04 18:25:00+05:30,2025-04-04 18:25+05:30,2025-04-04 21:25+05:30,2025-04-04 21:12+05:30,Arrived,IX
2e697fe1-114c-44e1-926d-7b038b298bb2,QP 1120,Unknown,BOM,DEL,2025-04-04 19:00:00+05:30,2025-04-04 19:00+05:30,2025-04-04 21:15+05:30,2025-04-04 21:15+05:30,Arrived,QP
4b90590d-70b1-4876-ac06-472da1c37bfa,AI 2426,VT-TQC,BOM,DEL,2025-04-04 19:00:00+05:30,2025-04-04 19:00+05:30,2025-04-04 21:15+05:30,2025-04-04 21:15+05:30,Arrived,AI
0fd95a48-8f37-4ef9-86dc-7dda57ccab76,6E 6752,Unknown,IDR,DEL,2025-04-04 19:45:00+05:30,2025-04-04 19:45+05:30,2025-04-04 21:20+05:30,2025-04-04 21:20+05:30,Arrived,6E
a98eeed9-8dc3-440e-9fdb-eca74572efa7,AI 2738,Unknown,CCU,DEL,2025-04-04 18:45:00+05:30,2025-04-04 18:45+05:30,2025-04-04 21:20+05:30,2025-04-04 21:20+05:30,Arrived,AI
a30d9e3f-48a8-4f08-9fb2-8134addbe3eb,IX 1154,Unknown,IXB,DEL,2025-04-04 19:00:00+05:30,2025-04-04 19:00+05:30,2025-04-04 21:30+05:30,2025-04-04 21:21+05:30,Arrived,IX
dd65ff88-f902-4008-871a-2c0754c52d59,6E 2226,Unknown,SXR,DEL,2025-04-04 20:15:00+05:30,2025-04-04 20:15+05:30,2025-04-04 21:45+05:30,2025-04-04 21:25+05:30,Arrived,6E
f81adae8-67fb-4102-9bf3-f4a58af0f8e2,IX 1114,Unknown,IXR,DEL,2025-04-04 18:50:00+05:30,2025-04-04 18:50+05:30,2025-04-04 20:50+05:30,2025-04-04 21:25+05:30,Arrived,IX
4faa8c6a-ae96-4d59-8ccc-571b1f377db3,AI 856,Unknown,ATQ,DEL,2025-04-04 20:20:00+05:30,2025-04-04 20:20+05:30,2025-04-04 21:45+05:30,2025-04-04 21:26+05:30,Arrived,AI
80d72856-006c-457d-b39b-59c99aff64fb,AI 2335,VT-EXN,BKK,DEL,2025-04-04 17:55:00+07:00,2025-04-04 18:16+07:00,2025-04-04 20:55+05:30,2025-04-04 21:27+05:30,Arrived,AI
63a69add-50fd-4203-acca-39bdd1fd646a,QP 1358,Unknown,Unknown,DEL,,Unknown,2025-04-04 21:45+05:30,2025-04-04 21:31+05:30,Arrived,QP
ea833b78-2d3a-4964-9e8d-f8168811df94,AI 2802,VT-TNK,BLR,DEL,2025-04-04 18:45:00+05:30,2025-04-04 18:45+05:30,2025-04-04 21:40+05:30,2025-04-04 21:31+05:30,Arrived,AI
f439af75-5c34-46b5-832d-36086a93c817,AA 292,N839AA,JFK,DEL,2025-04-03 21:10:00-04:00,2025-04-03 21:37-04:00,2025-04-04 21:00+05:30,2025-04-04 21:33+05:30,Arrived,AA
5fae3e14-3121-4a31-966b-d87d0e1c1430,IX 1937,Unknown,IDR,DEL,2025-04-04 19:55:00+05:30,2025-04-04 19:55+05:30,2025-04-04 21:35+05:30,2025-04-04 21:35+05:30,Arrived,IX
d078e02f-0afa-4835-9eae-718a88783fb5,TG 315,HS-TJV,BKK,DEL,2025-04-04 18:50:00+07:00,2025-04-04 18:48+07:00,2025-04-04 21:50+05:30,2025-04-04 21:38+05:30,Arrived,TG
037cb4ce-268e-41c3-868a-8dc47b917f65,6E 493,Unknown,CCU,DEL,2025-04-04 19:30:00+05:30,2025-04-04 19:30+05:30,2025-04-04 21:55+05:30,2025-04-04 21:41+05:30,Arrived,6E
5fdb1979-395a-4089-8a15-86017f544c90,6E 5642,Unknown,IXJ,DEL,2025-04-04 20:30:00+05:30,2025-04-04 20:30+05:30,2025-04-04 21:50+05:30,2025-04-04 21:42+05:30,Arrived,6E
e451e39e-fc4e-4453-8611-f8e7c42c4f79,6E 5008,VT-IUH,GOI,DEL,2025-04-04 19:25:00+05:30,2025-04-04 19:25+05:30,2025-04-04 22:10+05:30,2025-04-04 21:42+05:30,Arrived,6E
406aef69-edc3-4d95-bdbc-2422412bda5d,AI 2408,Unknown,BOM,DEL,2025-04-04 19:25:00+05:30,2025-04-04 19:25+05:30,2025-04-04 21:45+05:30,2025-04-04 21:42+05:30,Arrived,AI
d8a8af7c-8c78-4b26-96a5-253de9691a56,MJ 9302,4L-MWB,Unknown,DEL,,Unknown,2025-04-04 21:45+05:30,2025-04-04 21:45+05:30,Arrived,MJ
efed2cd5-707b-4ad9-a1d2-320e4eabdfb6,MH 190,Unknown,KUL,DEL,2025-04-04 18:50:00+08:00,2025-04-04 19:36+08:00,2025-04-04 21:50+05:30,2025-04-04 21:50+05:30,Arrived,MH
cd897e76-421e-40b5-89fc-f0210a9221a2,6E 2193,Unknown,IXC,DEL,2025-04-04 21:00:00+05:30,2025-04-04 21:00+05:30,2025-04-04 22:00+05:30,2025-04-04 21:50+05:30,Arrived,6E
8119c127-481d-40c5-8dfa-7fd402f6c41c,AC 50,C-FVLQ,YUL,DEL,2025-04-03 22:20:00-04:00,2025-04-03 22:11-04:00,2025-04-04 22:10+05:30,2025-04-04 21:53+05:30,Arrived,AC
6fa83f59-6d4e-4ed6-b21f-0fc2ffca1dd1,6E 5057,Unknown,BBI,DEL,2025-04-04 19:45:00+05:30,2025-04-04 19:45+05:30,2025-04-04 22:05+05:30,2025-04-04 21:55+05:30,Arrived,6E
858f3063-f1b4-4ea1-b2e2-d195e8ec17ad,AI 2502,Unknown,CJB,DEL,2025-04-04 18:45:00+05:30,2025-04-04 18:45+05:30,2025-04-04 22:00+05:30,2025-04-04 21:58+05:30,Arrived,AI
1d5dfee6-a20b-48a6-9e4d-e9d148505f35,AI 810,VT-PPJ,AMD,DEL,2025-04-04 20:20:00+05:30,2025-04-04 20:40+05:30,2025-04-04 22:00+05:30,2025-04-04 21:59+05:30,Arrived,AI
5d10458c-86f0-4836-a421-db9d2d7d43a3,6E 613,VT-ILO,MAA,DEL,2025-04-04 19:30:00+05:30,2025-04-04 19:30+05:30,2025-04-04 22:25+05:30,2025-04-04 22:05+05:30,Arrived,6E
fefa3b2b-eef2-4002-a278-b7c8f247ff29,VN 981,VN-A869,HAN,DEL,2025-04-04 19:05:00+07:00,2025-04-04 19:05+07:00,2025-04-04 22:05+05:30,2025-04-04 22:05+05:30,Arrived,VN
9906412e-e944-48f5-95bd-235d480dda06,6E 2792,Unknown,PAT,DEL,2025-04-04 20:25:00+05:30,2025-04-04 20:25+05:30,2025-04-04 22:10+05:30,2025-04-04 22:10+05:30,Arrived,6E
d78f1351-08c1-4781-930c-e230ec367a1c,AI 2940,VT-TNC,BOM,DEL,2025-04-04 19:55:00+05:30,2025-04-04 19:55+05:30,2025-04-04 22:10+05:30,2025-04-04 22:10+05:30,Arrived,AI
1206f4aa-b55a-4b7b-83ef-5c525dad0929,6E 5267,VT-IWQ,BLR,DEL,2025-04-04 19:15:00+05:30,2025-04-04 19:15+05:30,2025-04-04 22:10+05:30,2025-04-04 22:10+05:30,Arrived,6E
54d4b8f3-4cf4-4e2e-b3c9-a6b8e4b7b0a5,9I 628,Unknown,IDR,DEL,2025-04-04 20:05:00+05:30,2025-04-04 20:05+05:30,2025-04-04 22:10+05:30,2025-04-04 22:10+05:30,Arrived,9I
cde6f792-3df0-4174-8d22-7b67fbc6bd32,AI 2665,VT-RTK,BLR,DEL,2025-04-04 19:20:00+05:30,2025-04-04 19:20+05:30,2025-04-04 22:30+05:30,2025-04-04 22:10+05:30,Arrived,AI
e5dc705d-6276-4436-b376-8e63f2f7363a,6E 657,Unknown,BDQ,DEL,2025-04-04 20:40:00+05:30,2025-04-04 20:40+05:30,2025-04-04 22:30+05:30,2025-04-04 22:11+05:30,Arrived,6E
f4fc9a3c-8913-49a3-ab0a-45bf4e9a9a95,IX 1143,Unknown,GAU,DEL,2025-04-04 19:20:00+05:30,2025-04-04 19:20+05:30,2025-04-04 22:20+05:30,2025-04-04 22:14+05:30,Arrived,IX
1f51c025-422a-47b8-a8cf-bfb11b0d55ba,AI 840,VT-JRI,HYD,DEL,2025-04-04 20:15:00+05:30,2025-04-04 20:15+05:30,2025-04-04 22:40+05:30,2025-04-04 22:15+05:30,Arrived,AI
4b58217e-4253-4c44-950f-399c0eecd91d,6E 6049,Unknown,BOM,DEL,2025-04-04 20:00:00+05:30,2025-04-04 20:00+05:30,2025-04-04 22:15+05:30,2025-04-04 22:15+05:30,Arrived,6E
9daf0b18-0999-4778-b3b9-ac59f17ad59e,AI 2538,VT-TYC,Unknown,DEL,,Unknown,2025-04-04 22:20+05:30,2025-04-04 22:18+05:30,Arrived,AI
b1bf37b6-b70d-46c1-9242-c5b85f2490aa,ZZ 1900,Unknown,Unknown,DEL,,Unknown,2025-04-04 19:00+05:30,2025-04-04 22:19+05:30,Arrived,UNKNOWN
f742312f-dec8-4a1f-bbdc-92c9c8065f98,AI 804,Unknown,IDR,DEL,2025-04-04 21:00:00+05:30,2025-04-04 21:00+05:30,2025-04-04 23:00+05:30,2025-04-04 22:20+05:30,Arrived,AI
a45b4daf-45f7-4687-bec9-dcf5dc278c3e,AI 2798,Unknown,RPR,DEL,2025-04-04 20:25:00+05:30,2025-04-04 20:25+05:30,2025-04-04 22:20+05:30,2025-04-04 22:20+05:30,Arrived,AI
28ef4f97-d17a-4b68-9344-797fb8e07470,6E 2395,Unknown,VNS,DEL,2025-04-04 20:55:00+05:30,2025-04-04 20:55+05:30,2025-04-04 22:30+05:30,2025-04-04 22:20+05:30,Arrived,6E
af9c6569-e6f3-4232-8442-652f3072a216,SG 8842,Unknown,IXB,DEL,2025-04-04 15:20:00+05:30,2025-04-04 15:20+05:30,2025-04-04 17:30+05:30,2025-04-04 22:22+05:30,Arrived,SG
8603ad3c-06dc-49b7-8a36-10af9f91a09a,6E 2577,Unknown,ATQ,DEL,2025-04-04 21:40:00+05:30,2025-04-04 21:40+05:30,2025-04-04 22:55+05:30,2025-04-04 22:24+05:30,Expected,6E
a01bec9a-5f17-424a-b06d-51fae71efc15,W5 71,Unknown,IKA,DEL,2025-04-04 18:35:00+03:30,2025-04-04 18:35+03:30,2025-04-04 23:05+05:30,2025-04-04 22:25+05:30,Arrived,W5
0953f712-9725-470c-99b0-818dadacf139,6E 2027,Unknown,HYD,DEL,2025-04-04 20:00:00+05:30,2025-04-04 20:00+05:30,2025-04-04 22:25+05:30,2025-04-04 22:25+05:30,Arrived,6E
15e921a2-9448-4c5c-afe4-29b67af897c7,AI 212,Unknown,KTM,DEL,2025-04-04 21:05:00+05:45,2025-04-04 21:05+05:45,2025-04-04 21:45+05:30,2025-04-04 22:32+05:30,Arrived,AI
56a7a994-ecb6-4b41-bd1f-38b2ac87092b,IX 1119,Unknown,LKO,DEL,2025-04-04 20:35:00+05:30,2025-04-04 20:35+05:30,2025-04-04 21:35+05:30,2025-04-04 22:33+05:30,Arrived,IX
0c1f5a25-e9a7-4589-a606-e90b0f4608b1,AI 2638,Unknown,IXC,DEL,2025-04-04 22:00:00+05:30,2025-04-04 22:00+05:30,2025-04-04 23:10+05:30,2025-04-04 22:34+05:30,Arrived,AI
ed63c6e5-a6cb-4aa0-a484-09e1f9f68f31,AI 820,VT-PPT,BDQ,DEL,2025-04-04 20:50:00+05:30,2025-04-04 20:50+05:30,2025-04-04 22:35+05:30,2025-04-04 22:35+05:30,Arrived,AI
7067bf5f-25fa-4fd0-9bc6-2dc984db52c1,6E 5024,Unknown,IXR,DEL,2025-04-04 20:35:00+05:30,2025-04-04 20:35+05:30,2025-04-04 22:35+05:30,2025-04-04 22:35+05:30,Arrived,6E
44c1e413-78fe-4832-b5a0-605d3548cb04,AF 226,F-GSPJ,CDG,DEL,2025-04-04 10:50:00+02:00,2025-04-04 11:20+02:00,2025-04-04 22:50+05:30,2025-04-04 22:36+05:30,Arrived,AF
48080728-fabc-4ed5-9031-fffc51faa1af,AI 2818,VT-TQQ,BLR,DEL,2025-04-04 19:50:00+05:30,2025-04-04 19:50+05:30,2025-04-04 22:40+05:30,2025-04-04 22:39+05:30,Arrived,AI
e711516f-457d-497c-b3f8-8f67373deac6,AI 874,VT-SCH,PNQ,DEL,2025-04-04 20:30:00+05:30,2025-04-04 20:30+05:30,2025-04-04 22:40+05:30,2025-04-04 22:40+05:30,Arrived,AI
8e3eb403-2d7e-40a0-b9e8-21f3c3f03408,D7 182,Unknown,KUL,DEL,2025-04-04 19:10:00+08:00,2025-04-04 20:03+08:00,2025-04-04 22:05+05:30,2025-04-04 22:41+05:30,Arrived,D7
02ecf4da-0043-4e0e-8269-895a648195d3,IX 1175,Unknown,SXR,DEL,2025-04-04 21:30:00+05:30,2025-04-04 21:30+05:30,2025-04-04 21:35+05:30,2025-04-04 22:42+05:30,Arrived,IX
9f2336fd-ce17-4b6a-807f-210985aede0c,AI 2708,VT-TVJ,CCU,DEL,2025-04-04 20:30:00+05:30,2025-04-04 20:30+05:30,2025-04-04 22:55+05:30,2025-04-04 22:45+05:30,Arrived,AI
1ea460ae-c384-442e-af26-025cf2bcc151,6E 6317,Unknown,GAU,DEL,2025-04-04 20:15:00+05:30,2025-04-04 20:15+05:30,2025-04-04 22:45+05:30,2025-04-04 22:45+05:30,Arrived,6E
5198566e-babd-41e5-9041-2fdf7d952548,AI 2455,VT-TNM,TRV,DEL,2025-04-04 19:15:00+05:30,2025-04-04 19:15+05:30,2025-04-04 22:45+05:30,2025-04-04 22:45+05:30,Arrived,AI
5414fa3c-1bde-4f9f-8273-cde7cd6bffd1,6E 6573,Unknown,NAG,DEL,2025-04-04 21:15:00+05:30,2025-04-04 21:15+05:30,2025-04-04 23:00+05:30,2025-04-04 22:45+05:30,Arrived,6E
63207dc1-79ca-4847-8c87-44e2b16a1355,AI 162,VT-JRB,LHR,DEL,2025-04-04 09:45:00+01:00,2025-04-04 10:09+01:00,2025-04-04 22:55+05:30,2025-04-04 22:47+05:30,Arrived,AI
be5034a2-efd0-4cb8-9e01-137601731e94,6E 102,Unknown,BOM,DEL,2025-04-04 21:15:00+05:30,2025-04-04 21:15+05:30,2025-04-04 23:30+05:30,2025-04-04 22:49+05:30,Expected,6E
bc71fae6-1518-4273-aac7-a299bb21290e,AI 2490,Unknown,BBI,DEL,2025-04-04 20:30:00+05:30,2025-04-04 20:30+05:30,2025-04-04 22:55+05:30,2025-04-04 22:49+05:30,Arrived,AI
4d99b9da-fd13-41a9-8c80-361847201315,AI 2870,Unknown,HYD,DEL,2025-04-04 20:35:00+05:30,2025-04-04 20:35+05:30,2025-04-04 23:05+05:30,2025-04-04 22:53+05:30,Arrived,AI
796a6428-8820-4b0e-88d8-d7c59019fbc9,AI 2661,Unknown,Unknown,DEL,,Unknown,2025-04-04 23:30+05:30,2025-04-04 22:54+05:30,Expected,AI
af223e35-311d-4b8a-b9a7-d9718f05756d,6E 2029,Unknown,BHO,DEL,2025-04-04 20:55:00+05:30,2025-04-04 20:55+05:30,2025-04-04 22:25+05:30,2025-04-04 22:56+05:30,Arrived,6E
f422a903-6ec2-4a7e-a42b-669120340be8,6E 1082,Unknown,HKT,DEL,2025-04-04 16:45:00+07:00,2025-04-04 18:07+07:00,2025-04-04 19:55+05:30,2025-04-04 22:58+05:30,Arrived,6E
770ade49-f342-456a-8b2b-fe7b7eccedde,6E 2624,Unknown,PNQ,DEL,2025-04-04 21:00:00+05:30,2025-04-04 21:00+05:30,2025-04-04 23:15+05:30,2025-04-04 23:04+05:30,Arrived,6E
80e879f5-2172-44b1-8e46-ca4426211cad,ZZ 2230,Unknown,Unknown,DEL,,Unknown,2025-04-04 22:30+05:30,2025-04-04 23:04+05:30,Arrived,UNKNOWN
43e8b54f-07ff-4754-9f92-a44e1d5786ee,AI 2988,VT-TNW,BOM,DEL,2025-04-04 20:40:00+05:30,2025-04-04 20:40+05:30,2025-04-04 23:10+05:30,2025-04-04 23:04+05:30,Arrived,AI
66afaadc-57f0-4685-bc85-dcfe371ab944,6E 1014,VT-ILJ,SIN,DEL,2025-04-04 19:45:00+08:00,2025-04-04 19:45+08:00,2025-04-04 23:05+05:30,2025-04-04 23:05+05:30,Arrived,6E
29de9caf-766c-45de-8d90-f1ef8d8c0942,6E 2246,Unknown,PAT,DEL,2025-04-04 21:40:00+05:30,2025-04-04 21:40+05:30,2025-04-04 23:25+05:30,2025-04-04 23:07+05:30,Arrived,6E
788c4ddd-c3a0-415c-9dc8-19f27f2a9fb1,SG 2932,Unknown,GOP,DEL,2025-04-04 20:00:00+05:30,2025-04-04 20:00+05:30,2025-04-04 21:35+05:30,2025-04-04 23:12+05:30,Arrived,SG
0ccecba4-6b38-46e7-8b10-5a9a54d1e143,AI 148,VT-ANX,CDG,DEL,2025-04-04 12:10:00+02:00,2025-04-04 12:54+02:00,2025-04-05 00:05+05:30,2025-04-04 23:15+05:30,Expected,AI
59d68f4a-9053-4298-a0a9-f2066e7be7da,6E 6512,VT-IJR,STV,DEL,2025-04-04 21:30:00+05:30,2025-04-04 21:30+05:30,2025-04-04 23:15+05:30,2025-04-04 23:15+05:30,Arrived,6E
54c371a1-51cb-4220-8866-286a438cc340,AI 816,Unknown,BOM,DEL,2025-04-04 21:00:00+05:30,2025-04-04 21:00+05:30,2025-04-04 23:15+05:30,2025-04-04 23:15+05:30,Arrived,AI
adef0a8a-9d44-4517-a3df-684c5131f02a,6E 5347,Unknown,RPR,DEL,2025-04-04 21:30:00+05:30,2025-04-04 21:30+05:30,2025-04-04 23:25+05:30,2025-04-04 23:16+05:30,Arrived,6E
c48383cc-c6cd-4449-bd02-87eb5210d664,AI 377,Unknown,HKT,DEL,2025-04-04 20:25:00+07:00,2025-04-04 20:24+07:00,2025-04-04 21:30+05:30,2025-04-04 23:18+05:30,Arrived,AI
94c395bb-2c8c-4be7-b9fe-8a3f3112133a,6E 6406,VT-NCC,BLR,DEL,2025-04-04 20:30:00+05:30,2025-04-04 20:30+05:30,2025-04-04 23:20+05:30,2025-04-04 23:19+05:30,Arrived,6E
8267697a-911f-4c46-8ab0-2ab5d1f22a90,AI 2116,VT-TVJ,SIN,DEL,2025-04-04 20:30:00+08:00,2025-04-04 20:30+08:00,2025-04-05 00:10+05:30,2025-04-04 23:20+05:30,Expected,AI
7ee9946c-1765-464a-a57d-d72e0ae45e5b,6E 6972,Unknown,IDR,DEL,2025-04-04 21:45:00+05:30,2025-04-04 21:45+05:30,2025-04-04 23:20+05:30,2025-04-04 23:20+05:30,Arrived,6E
ab67b7f7-cc3d-468b-b3ab-707e2deb39f7,6E 5207,VT-IUP,GOI,DEL,2025-04-04 21:05:00+05:30,2025-04-04 21:05+05:30,2025-04-04 23:50+05:30,2025-04-04 23:24+05:30,Arrived,6E
ce7b76d6-43af-4b3d-aa14-6a932147e3cc,AI 538,VT-AEI,MAA,DEL,2025-04-04 20:40:00+05:30,2025-04-04 20:40+05:30,2025-04-04 23:25+05:30,2025-04-04 23:25+05:30,Arrived,AI
479368c7-153c-43de-917d-6d271a67a810,SG 478,Unknown,PAT,DEL,2025-04-04 21:50:00+05:30,2025-04-04 21:50+05:30,2025-04-04 23:40+05:30,2025-04-04 23:25+05:30,Expected,SG
309ba2d8-bf35-4fdf-80f1-fdb4193bf4de,6E 2159,Unknown,AMD,DEL,2025-04-04 22:05:00+05:30,2025-04-04 22:05+05:30,2025-04-04 23:50+05:30,2025-04-04 23:26+05:30,Arrived,6E
569c04b8-71cd-4849-8731-1608190825a3,AI 2026,VT-TSD,FRA,DEL,2025-04-04 12:10:00+02:00,2025-04-04 12:10+02:00,2025-04-04 23:45+05:30,2025-04-04 23:26+05:30,Arrived,AI
d1fffa69-1279-44bd-ad0f-53f2d3b5e9c4,CX 679,B-LQH,HKG,DEL,2025-04-04 20:30:00+08:00,2025-04-04 20:30+08:00,2025-04-04 23:50+05:30,2025-04-04 23:29+05:30,Arrived,CX
6401f9c8-2114-45ca-a706-3711393982c6,AI 504,VT-CIQ,COK,DEL,2025-04-04 20:10:00+05:30,2025-04-04 20:10+05:30,2025-04-04 23:30+05:30,2025-04-04 23:30+05:30,Arrived,AI
01687838-6f41-4c71-925d-2880462843cc,6E 6480,Unknown,LKO,DEL,2025-04-04 22:10:00+05:30,2025-04-04 22:10+05:30,2025-04-04 23:30+05:30,2025-04-04 23:30+05:30,Arrived,6E
9a36e42b-f813-4d18-ba31-c1c10a6c96b2,AI 238,VT-CIF,DAC,DEL,2025-04-04 21:00:00+06:00,2025-04-04 21:00+06:00,2025-04-05 00:05+05:30,2025-04-04 23:31+05:30,Arrived,AI
f8d300d9-a22c-4622-b2e7-94f5aa4fdd06,AI 812,Unknown,LKO,DEL,2025-04-04 20:40:00+05:30,2025-04-04 20:40+05:30,2025-04-04 21:55+05:30,2025-04-04 23:31+05:30,Arrived,AI
3d258991-c7f2-4324-9a49-280c82471a9c,VS 302,G-VDOT,LHR,DEL,2025-04-04 10:30:00+01:00,2025-04-04 11:08+01:00,2025-04-05 00:05+05:30,2025-04-04 23:32+05:30,Arrived,VS
9924afe6-2374-4599-95c1-1b22ae74903e,BA 143,G-ZBJJ,LHR,DEL,2025-04-04 10:25:00+01:00,2025-04-04 11:10+01:00,2025-04-04 23:35+05:30,2025-04-04 23:35+05:30,Arrived,BA
f0eb9bdd-5bb0-45d8-85ac-ed2d27b2bdaf,LX 146,HB-JHJ,ZRH,DEL,2025-04-04 12:10:00+02:00,2025-04-04 12:45+02:00,2025-04-04 23:35+05:30,2025-04-04 23:35+05:30,Arrived,LX
1cdbd272-62e3-4ef0-a290-f37c0cc30c69,ET 688,Unknown,ADD,DEL,2025-04-04 15:50:00+03:00,2025-04-04 15:50+03:00,2025-04-05 01:05+05:30,2025-04-04 23:37+05:30,Arrived,ET
3a907e87-7797-4393-af59-354de337a3ed,AI 2710,Unknown,CCU,DEL,2025-04-04 21:20:00+05:30,2025-04-04 21:20+05:30,2025-04-04 23:50+05:30,2025-04-04 23:39+05:30,Arrived,AI
47443370-61ce-4eae-8f7d-c7c3e6727896,6E 6262,Unknown,JAI,DEL,2025-04-04 22:35:00+05:30,2025-04-04 22:35+05:30,2025-04-04 23:40+05:30,2025-04-04 23:40+05:30,Arrived,6E
e7ae231f-bb29-4967-8947-2a60c2711ba5,AI 2712,VT-EDC,VGA,DEL,2025-04-04 21:10:00+05:30,2025-04-04 21:10+05:30,2025-04-04 23:40+05:30,2025-04-04 23:40+05:30,Arrived,AI
bff95300-1a8a-4f5b-8ad8-655b4b059477,6E 2166,Unknown,MAA,DEL,2025-04-04 21:05:00+05:30,2025-04-04 21:05+05:30,2025-04-05 00:05+05:30,2025-04-04 23:43+05:30,Arrived,6E
34036bc7-f7f9-48e1-8c08-ca78e6db1ee6,OD 205,Unknown,KUL,DEL,2025-04-04 19:30:00+08:00,2025-04-04 21:01+08:00,2025-04-04 21:05+05:30,2025-04-04 23:45+05:30,Arrived,OD
cda697e5-2046-4dbd-ad5e-87dac2c77f50,AI 2714,Unknown,VTZ,DEL,2025-04-04 21:25:00+05:30,2025-04-04 21:25+05:30,2025-04-04 23:45+05:30,2025-04-04 23:45+05:30,Arrived,AI
c89ed104-fcc2-4fb6-89ca-4cf5f77fd0b2,AI 466,Unknown,NAG,DEL,2025-04-04 21:30:00+05:30,2025-04-04 21:30+05:30,2025-04-04 23:55+05:30,2025-04-04 23:51+05:30,Arrived,AI
e8f03208-1fce-4cf8-8a6b-1ba67282c4eb,6E 192,Unknown,HYD,DEL,2025-04-04 21:30:00+05:30,2025-04-04 21:30+05:30,2025-04-05 00:05+05:30,2025-04-04 23:54+05:30,Arrived,6E
0d459f58-f03c-4e49-8927-71fd017a8dd8,AI 480,Unknown,ATQ,DEL,2025-04-04 23:15:00+05:30,2025-04-04 23:15+05:30,2025-04-05 00:30+05:30,2025-04-04 23:54+05:30,Arrived,AI
b1a02e56-4141-4125-918c-1d0f49ba426c,AI 532,VT-PPV,AMD,DEL,2025-04-04 22:10:00+05:30,2025-04-04 22:10+05:30,2025-04-05 00:10+05:30,2025-04-04 23:56+05:30,Arrived,AI
477f170d-1fab-44bd-93a5-0dd9bdd23782,AI 926,Unknown,Unknown,DEL,,Unknown,2025-04-05 01:00+05:30,2025-04-04 23:56+05:30,Expected,AI
9c44bf31-bb8a-447c-ac87-20f08a0dfe74,AI 2461,Unknown,LKO,DEL,2025-04-04 22:55:00+05:30,2025-04-04 22:55+05:30,2025-04-05 01:00+05:30,2025-04-04 23:57+05:30,Arrived,AI
dee03387-4c4d-4cd6-9ee8-a0a70cfef511,AI 896,Unknown,PAT,DEL,2025-04-04 22:40:00+05:30,2025-04-04 22:40+05:30,2025-04-05 00:30+05:30,2025-04-04 23:59+05:30,Arrived,AI
a40461d9-6aac-4fe7-ae6b-525d294211ab,LH 762,D-AIMK,MUC,DEL,2025-04-04 13:00:00+02:00,2025-04-04 13:00+02:00,2025-04-04 23:55+05:30,2025-04-05 00:01+05:30,Arrived,LH
0b3b7e04-cae1-42a8-8a3f-731ef9a5ec37,IX 1104,VT-ATD,COK,DEL,2025-04-04 20:35:00+05:30,2025-04-04 20:35+05:30,2025-04-04 23:45+05:30,2025-04-05 00:01+05:30,Arrived,IX
af252927-2033-4cc4-b3e2-2a9475e63781,IX 1203,Unknown,VNS,DEL,2025-04-04 21:30:00+05:30,2025-04-04 21:30+05:30,2025-04-04 23:10+05:30,2025-04-05 00:01+05:30,Arrived,IX
bbfe1e0a-2e61-4df0-aee8-ce754459e666,UK 856,Unknown,Unknown,DEL,,Unknown,2025-04-05 00:40+05:30,2025-04-05 00:04+05:30,Expected,UK
3bf88dee-31ea-4593-b911-d2ec49b6a9b8,6E 2344,VT-ITN,IXE,DEL,2025-04-04 21:00:00+05:30,2025-04-04 21:00+05:30,2025-04-05 00:05+05:30,2025-04-05 00:05+05:30,Arrived,6E
1c6f751d-dfd8-401d-92e0-12f9f347f40e,KC 963,Unknown,ALA,DEL,2025-04-04 20:20:00+05:00,2025-04-04 20:20+05:00,2025-04-05 00:10+05:30,2025-04-05 00:06+05:30,Arrived,KC
a53adec7-5764-4189-acf8-6a2c5f7364fd,AI 2950,Unknown,Unknown,DEL,,Unknown,2025-04-05 00:15+05:30,2025-04-05 00:07+05:30,Arrived,AI
e1e1e5db-d454-496a-92e2-8c8f62688e87,ZZ 15,Unknown,Unknown,DEL,,Unknown,2025-04-05 00:15+05:30,2025-04-05 00:07+05:30,Arrived,UNKNOWN
b7c4baf7-d34c-4ecb-a95a-67b93d675dbe,VJ 895,VN-A528,SGN,DEL,2025-04-04 19:25:00+07:00,2025-04-04 19:25+07:00,2025-04-04 22:55+05:30,2025-04-05 00:08+05:30,Arrived,VJ
003d7d46-83db-4311-accc-25bf29afdfe9,AI 140,VT-ANI,TLV,DEL,2025-04-04 16:12:00+03:00,2025-04-04 16:12+03:00,2025-04-04 23:40+05:30,2025-04-05 00:10+05:30,Arrived,AI
0363c911-701f-45e6-baeb-c392e395e357,6E 2409,VT-IMU,CJB,DEL,2025-04-04 21:00:00+05:30,2025-04-04 21:00+05:30,2025-04-05 00:10+05:30,2025-04-05 00:10+05:30,Arrived,6E
8ab17b1d-1ed5-4e85-88e1-c98d2d4f04f6,AI 2838,Unknown,MAA,DEL,2025-04-04 21:45:00+05:30,2025-04-04 21:45+05:30,2025-04-05 01:05+05:30,2025-04-05 00:20+05:30,Arrived,AI
8790e508-b006-454f-b052-646616c6c678,6E 2704,Unknown,LKO,DEL,2025-04-04 23:20:00+05:30,2025-04-04 23:20+05:30,2025-04-05 00:35+05:30,2025-04-05 00:20+05:30,Arrived,6E
dbe1373e-2bc9-40dd-aee6-5179e21cdb58,AI 2448,Unknown,GOI,DEL,2025-04-04 22:00:00+05:30,2025-04-04 22:00+05:30,2025-04-05 00:40+05:30,2025-04-05 00:21+05:30,Arrived,AI
1dacfb11-0100-4467-882c-237609170688,6E 651,Unknown,BOM,DEL,2025-04-04 22:30:00+05:30,2025-04-04 22:30+05:30,2025-04-05 00:45+05:30,2025-04-05 00:22+05:30,Arrived,6E
6922b81c-bd52-440b-a647-6c66be4b2422,LH 760,D-AIHW,FRA,DEL,2025-04-04 13:10:00+02:00,2025-04-04 13:10+02:00,2025-04-05 00:55+05:30,2025-04-05 00:30+05:30,Arrived,LH
84f596d3-d65c-487b-adfd-0b48aba06641,6E 2359,VT-NCD,BLR,DEL,2025-04-04 21:45:00+05:30,2025-04-04 21:45+05:30,2025-04-05 00:35+05:30,2025-04-05 00:34+05:30,Arrived,6E
a31e0820-6f96-4502-9eab-b56b48799265,AI 389,VT-CIG,SGN,DEL,2025-04-04 20:55:00+07:00,2025-04-04 20:55+07:00,2025-04-05 00:40+05:30,2025-04-05 00:38+05:30,Arrived,AI
0f3ddc41-f22f-4a40-8d6a-750ea23bbbb4,6E 2265,Unknown,Unknown,DEL,,Unknown,2025-04-05 01:20+05:30,2025-04-05 00:39+05:30,Arrived,6E
562d3c4c-31b7-448f-9765-b4f12cba3738,AI 456,VT-PPO,AMD,DEL,2025-04-04 23:00:00+05:30,2025-04-04 23:18+05:30,2025-04-05 00:45+05:30,2025-04-05 00:40+05:30,Arrived,AI
191430e0-1cff-477d-9866-a48bf4980b37,AI 2814,VT-TNH,BLR,DEL,2025-04-04 22:00:00+05:30,2025-04-04 22:00+05:30,2025-04-05 00:45+05:30,2025-04-05 00:45+05:30,Arrived,AI
e1a94932-c5ad-4a2d-898e-875e8d86d9aa,AI 2464,Unknown,HYD,DEL,2025-04-04 22:40:00+05:30,2025-04-04 22:40+05:30,2025-04-05 00:55+05:30,2025-04-05 00:48+05:30,Arrived,AI
5c910b8a-cb17-4ea7-a030-520b421431ba,6E 6072,Unknown,CCJ,DEL,2025-04-04 21:55:00+05:30,2025-04-04 21:55+05:30,2025-04-05 01:00+05:30,2025-04-05 00:51+05:30,Arrived,6E
1f33af37-ba13-4521-9af2-169a7c6c6630,AI 2986,VT-TNF,BOM,DEL,2025-04-04 22:50:00+05:30,2025-04-04 22:50+05:30,2025-04-05 01:00+05:30,2025-04-05 00:54+05:30,Arrived,AI
56f4aebb-d925-4ac5-8c26-af4ea6a54975,6E 2385,Unknown,AMD,DEL,2025-04-04 23:15:00+05:30,2025-04-04 23:15+05:30,2025-04-05 00:55+05:30,2025-04-05 00:55+05:30,Arrived,6E
f27809e9-4d81-49e7-a8af-ebc1aa68225f,AI 1466,Unknown,Unknown,DEL,,Unknown,2025-04-05 00:30+05:30,2025-04-05 01:03+05:30,Arrived,AI
cab01b5a-752a-4b29-8a2f-d0ddf4dd7707,6E 2278,Unknown,PNQ,DEL,2025-04-04 23:05:00+05:30,2025-04-04 23:05+05:30,2025-04-05 01:05+05:30,2025-04-05 01:05+05:30,Arrived,6E
4d5b2515-8fb5-44cb-80c0-b1888b350d7d,ZZ 30,Unknown,Unknown,DEL,,Unknown,2025-04-05 00:30+05:30,2025-04-05 01:07+05:30,Arrived,UNKNOWN
2634bff5-4f9f-4738-a775-02be95758b63,6E 2035,Unknown,NAG,DEL,2025-04-04 23:25:00+05:30,2025-04-04 23:25+05:30,2025-04-05 01:10+05:30,2025-04-05 01:08+05:30,Arrived,6E
94cfa203-ea34-4178-a533-bfb19ccde2e2,AZ 770,EI-HJP,FCO,DEL,2025-04-04 13:55:00+02:00,2025-04-04 14:03+02:00,2025-04-05 01:10+05:30,2025-04-05 01:10+05:30,Arrived,AZ
d0214524-1605-4448-8e92-60eb56e59c99,6E 2776,Unknown,VTZ,DEL,2025-04-04 22:45:00+05:30,2025-04-04 22:45+05:30,2025-04-05 01:10+05:30,2025-04-05 01:10+05:30,Arrived,6E
86855343-fdd4-4415-bd00-858605d03448,SG 710,VT-SLA,BOM,DEL,2025-04-04 22:35:00+05:30,2025-04-04 22:35+05:30,2025-04-05 00:45+05:30,2025-04-05 01:16+05:30,Arrived,SG
472a4574-d47d-4461-a555-6c69eeaa8647,AI 2303,Unknown,BKK,DEL,2025-04-04 22:25:00+07:00,2025-04-04 22:26+07:00,2025-04-05 01:40+05:30,2025-04-05 01:25+05:30,Arrived,AI
9f9b2727-0150-437c-9a69-f65a67d1f57c,6E 1464,Unknown,DXB,DEL,2025-04-04 20:50:00+04:00,2025-04-04 20:50+04:00,2025-04-05 01:55+05:30,2025-04-05 01:34+05:30,Arrived,6E
dae9f952-3a4d-4643-b8ae-e68394ac9686,6E 2335,VT-NCJ,BLR,DEL,2025-04-04 23:00:00+05:30,2025-04-04 23:00+05:30,2025-04-05 02:00+05:30,2025-04-05 01:36+05:30,Arrived,6E
587d7068-fbf6-403e-8aa9-e8795c38d652,6E 6076,Unknown,HYD,DEL,2025-04-04 23:30:00+05:30,2025-04-04 23:30+05:30,2025-04-05 02:00+05:30,2025-04-05 01:37+05:30,Arrived,6E
2aaa25b9-7b7a-4d84-bf19-1d52d84acf9f,AI 2206,Unknown,DXB,DEL,2025-04-04 20:40:00+04:00,2025-04-04 20:40+04:00,2025-04-05 01:40+05:30,2025-04-05 01:40+05:30,Arrived,AI
863e7b12-b10b-456f-a3d1-d7c0d0542fca,6E 6021,Unknown,MAA,DEL,2025-04-04 23:00:00+05:30,2025-04-04 23:00+05:30,2025-04-05 02:00+05:30,2025-04-05 01:53+05:30,Arrived,6E
8f366dfc-045c-44f2-a685-3c5ba1a9bbf3,KL 871,PH-BKH,AMS,DEL,2025-04-04 14:20:00+02:00,2025-04-04 14:50+02:00,2025-04-05 01:55+05:30,2025-04-05 01:55+05:30,Arrived,KL
abb1a625-af5b-41b0-bc9c-903190f07fae,QR 578,Unknown,DOH,DEL,2025-04-04 19:35:00+03:00,2025-04-04 19:47+03:00,2025-04-05 01:55+05:30,2025-04-05 01:55+05:30,Arrived,QR
bd0e57a7-46c7-408f-b3b9-0d8a87ec5e07,6E 2007,Unknown,BOM,DEL,2025-04-04 23:45:00+05:30,2025-04-04 23:45+05:30,2025-04-05 02:00+05:30,2025-04-05 01:59+05:30,Arrived,6E
0ca8add7-b983-4ed5-b1c9-37e4861c80c3,6E 2202,Unknown,BBI,DEL,2025-04-04 22:45:00+05:30,2025-04-04 22:45+05:30,2025-04-05 01:10+05:30,2025-04-05 02:05+05:30,Arrived,6E
d73c6b3e-10e8-480d-b95d-5236dbdbc3bf,TG 331,HS-TJT,BKK,DEL,2025-04-04 23:15:00+07:00,2025-04-04 23:29+07:00,2025-04-05 02:15+05:30,2025-04-05 02:11+05:30,Arrived,TG
7cf3ad7f-c19f-4313-9164-13b10aadeb60,AI 112,VT-JRE,LHR,DEL,2025-04-04 13:15:00+01:00,2025-04-04 13:39+01:00,2025-04-05 02:25+05:30,2025-04-05 02:14+05:30,Arrived,AI
db1299f0-7785-4ba9-81a8-52cd99ab7c83,AI 2383,VT-TVB,SIN,DEL,2025-04-04 23:00:00+08:00,2025-04-04 23:00+08:00,2025-04-05 03:00+05:30,2025-04-05 02:17+05:30,Arrived,AI
c897bfbb-e08f-4b1f-aab5-2c4e1a9bc00a,IX 1150,VT-MLE,PNQ,DEL,2025-04-05 00:10:00+05:30,2025-04-05 00:10+05:30,2025-04-05 02:30+05:30,2025-04-05 02:22+05:30,Arrived,IX
e6d33553-c4b7-4a87-813a-cdcd69b62e22,AI 506,VT-CIP,COK,DEL,2025-04-04 23:00:00+05:30,2025-04-04 23:00+05:30,2025-04-05 02:25+05:30,2025-04-05 02:25+05:30,Arrived,AI
664dfd55-02e7-4525-bd1b-8e25b7cf9a18,6E 2279,VT-ILP,PNQ,DEL,2025-04-05 00:15:00+05:30,2025-04-05 00:15+05:30,2025-04-05 02:30+05:30,2025-04-05 02:29+05:30,Arrived,6E
6ca01af9-ade7-4aa8-a2f7-30d8e0f1d111,AI 184,VT-ALH,SFO,DEL,2025-04-03 22:00:00-07:00,2025-04-03 21:55-07:00,2025-04-05 02:30+05:30,2025-04-05 02:30+05:30,Arrived,AI
7f218184-99f3-4fb2-91a9-3b555434c5d5,IX 1201,Unknown,GAU,DEL,2025-04-05 00:10:00+05:30,2025-04-05 00:10+05:30,2025-04-05 02:55+05:30,2025-04-05 02:32+05:30,Arrived,IX
c2089b7a-687d-4993-a57a-7de0383566b0,EK 512,Unknown,DXB,DEL,2025-04-04 21:40:00+04:00,2025-04-04 21:40+04:00,2025-04-05 02:35+05:30,2025-04-05 02:35+05:30,Arrived,EK
a02a586e-324f-485f-bb54-372eefad4898,AI 2608,Unknown,PNQ,DEL,2025-04-05 00:40:00+05:30,2025-04-05 00:40+05:30,2025-04-05 03:00+05:30,2025-04-05 02:37+05:30,Arrived,AI
86eb0d9f-df10-417f-bf28-06be2bf1e53f,6E 1346,Unknown,DOH,DEL,2025-04-04 20:35:00+03:00,2025-04-04 20:20+03:00,2025-04-05 02:55+05:30,2025-04-05 02:41+05:30,Arrived,6E
1c656c23-16c5-43af-adb5-f852913c0d0a,IX 1124,Unknown,BOM,DEL,2025-04-05 00:35:00+05:30,2025-04-05 00:35+05:30,2025-04-05 02:55+05:30,2025-04-05 02:49+05:30,Arrived,IX
77b6f33e-32c8-4474-8d09-066a5431267f,IX 1110,Unknown,BBI,DEL,2025-04-05 00:35:00+05:30,2025-04-05 00:35+05:30,2025-04-05 02:55+05:30,2025-04-05 02:55+05:30,Arrived,IX
99402fa5-1fec-4489-87a8-71146c324ae2,LO 71,SP-LSB,WAW,DEL,2025-04-04 15:50:00+02:00,2025-04-04 15:50+02:00,2025-04-05 02:55+05:30,2025-04-05 02:55+05:30,Arrived,LO
9a671e96-da4f-43a3-b650-18188990b06b,EY 218,A6-BLD,AUH,DEL,2025-04-04 22:10:00+04:00,2025-04-04 22:10+04:00,2025-04-05 03:15+05:30,2025-04-05 02:57+05:30,Arrived,EY
033714c0-1cd1-4ce0-872a-0675532e19d9,IX 1144,VT-AMD,PNQ,DEL,2025-04-05 01:05:00+05:30,2025-04-05 01:05+05:30,2025-04-05 03:25+05:30,2025-04-05 02:59+05:30,Arrived,IX
09d81e23-b63e-4bc1-878c-1e1511329a05,SU 232,Unknown,SVO,DEL,2025-04-04 18:40:00+03:00,2025-04-04 18:49+03:00,2025-04-05 03:20+05:30,2025-04-05 03:03+05:30,Arrived,SU
21563588-1464-4384-be30-e6e539d66d7b,6E 2775,Unknown,BOM,DEL,2025-04-05 01:15:00+05:30,2025-04-05 01:15+05:30,2025-04-05 03:15+05:30,2025-04-05 03:10+05:30,Arrived,6E
4df0db23-6bbb-4264-a4bc-c553032e71f4,FZ 441,Unknown,DXB,DEL,2025-04-04 22:10:00+04:00,2025-04-04 22:10+04:00,2025-04-05 03:10+05:30,2025-04-05 03:10+05:30,Arrived,FZ
c5718060-d38f-40b3-b5b7-bf25676ac859,AI 2703,Unknown,CCU,DEL,2025-04-05 00:55:00+05:30,2025-04-05 00:55+05:30,2025-04-05 03:25+05:30,2025-04-05 03:25+05:30,Arrived,AI
7fcb5548-c60c-42e2-b225-8cf46ba4f729,XY 329,Unknown,RUH,DEL,2025-04-04 20:40:00+03:00,2025-04-04 20:40+03:00,2025-04-05 03:25+05:30,2025-04-05 03:25+05:30,Arrived,XY
acdb7651-38d3-48de-91de-38adef8b10bb,6E 1806,Unknown,TAS,DEL,2025-04-05 00:40:00+05:00,2025-04-05 01:05+05:00,2025-04-05 04:00+05:30,2025-04-05 03:25+05:30,Expected,6E
a5485edc-f133-4f3d-b054-7783af5ffca7,SG 12,Unknown,DXB,DEL,2025-04-04 22:45:00+04:00,2025-04-04 22:45+04:00,2025-04-05 03:30+05:30,2025-04-05 03:30+05:30,Arrived,SG
3033b88f-585c-42a4-8f38-07656d5373d2,AI 2422,Unknown,BOM,DEL,2025-04-05 01:30:00+05:30,2025-04-05 01:30+05:30,2025-04-05 03:45+05:30,2025-04-05 03:37+05:30,Arrived,AI
4b601275-b189-4ab4-9dd6-f35b036a95fa,G9 463,Unknown,SHJ,DEL,2025-04-04 23:10:00+04:00,2025-04-04 23:10+04:00,2025-04-05 04:00+05:30,2025-04-05 03:41+05:30,Arrived,G9
883259e7-dafa-4d9a-aa7a-c6d120e0b82f,AI 301,VT-ANJ,SYD,DEL,2025-04-04 20:30:00+11:00,2025-04-04 20:30+11:00,2025-04-05 03:55+05:30,2025-04-05 03:48+05:30,Arrived,AI
b98090b5-5469-42cb-8569-5cac2dc41c58,6E 2418,VT-ISO,PNQ,DEL,2025-04-05 02:00:00+05:30,2025-04-05 02:00+05:30,2025-04-05 04:15+05:30,2025-04-05 04:01+05:30,Arrived,6E
61ee687b-4276-40a9-8677-56b5bfbabdfb,GF 130,A9C-NH,BAH,DEL,2025-04-04 21:35:00+03:00,2025-04-04 21:35+03:00,2025-04-05 04:05+05:30,2025-04-05 04:05+05:30,Arrived,GF
2014aa44-6f4b-40e4-90b5-09210f1e2707,UL 191,Unknown,CMB,DEL,2025-04-05 00:40:00+05:30,2025-04-05 00:40+05:30,2025-04-05 04:15+05:30,2025-04-05 04:15+05:30,Arrived,UL
08e1aab1-c04a-443d-b54e-50410a57bf76,IX 1146,VT-EXD,BOM,DEL,2025-04-05 02:15:00+05:30,2025-04-05 02:15+05:30,2025-04-05 04:40+05:30,2025-04-05 04:39+05:30,Arrived,IX
2bf871c1-3510-453d-bf80-030542910130,TK 716,Unknown,Unknown,DEL,,Unknown,2025-04-05 04:40+05:30,2025-04-05 04:40+05:30,Arrived,TK
adc5757d-7c9a-45d9-ba5e-a12bc052634d,AI 2284,VT-EXP,DOH,DEL,2025-04-04 22:20:00+03:00,2025-04-04 22:34+03:00,2025-04-05 04:40+05:30,2025-04-05 04:40+05:30,Arrived,AI
9e07c8b1-350a-468b-b055-f84924c57b8a,6E 1802,Unknown,ALA,DEL,2025-04-05 00:50:00+05:00,2025-04-05 00:50+05:00,2025-04-05 04:50+05:30,2025-04-05 04:41+05:30,Arrived,6E
84db3d55-0511-4c85-933a-c8d095e24d8a,AI 2210,Unknown,DXB,DEL,2025-04-05 00:15:00+04:00,2025-04-05 00:15+04:00,2025-04-05 04:55+05:30,2025-04-05 04:55+05:30,Arrived,AI
8447c53b-e7ef-441c-a07a-79266517719b,6E 12,TC-LKF,IST,DEL,2025-04-04 20:05:00+03:00,2025-04-04 20:05+03:00,2025-04-05 05:00+05:30,2025-04-05 05:00+05:30,Arrived,6E
a9e7b6cc-a51f-4311-ab78-e9e89fbe0a4b,6E 6045,Unknown,BOM,DEL,2025-04-05 03:00:00+05:30,2025-04-05 03:00+05:30,2025-04-05 05:15+05:30,2025-04-05 05:03+05:30,Arrived,6E
b72a5a03-010e-40cb-a55f-c6ccc1b78239,IX 146,VT-JRT,BAH,DEL,2025-04-04 22:50:00+03:00,2025-04-04 22:50+03:00,2025-04-05 05:10+05:30,2025-04-05 05:10+05:30,Arrived,IX
dab3df42-67aa-4394-bb38-09deb0ab9451,AI 992,Unknown,JED,DEL,2025-04-04 20:55:00+03:00,2025-04-04 20:55+03:00,2025-04-05 05:15+05:30,2025-04-05 05:12+05:30,Arrived,AI
f4e5b8d7-5b43-463a-9ba3-51847c3fee68,B2 757,Unknown,MSQ,DEL,2025-04-04 20:25:00+03:00,2025-04-04 20:16+03:00,2025-04-05 05:35+05:30,2025-04-05 05:18+05:30,Arrived,B2
c5a26489-af01-40d7-9ba6-c84dd37fc10f,AY 121,OH-LTU,HEL,DEL,2025-04-04 18:30:00+03:00,2025-04-04 18:59+03:00,2025-04-05 05:20+05:30,2025-04-05 05:20+05:30,Arrived,AY
a47841f4-2254-4f36-b16d-59448113d451,6E 1406,Unknown,AUH,DEL,2025-04-05 00:25:00+04:00,2025-04-05 00:25+04:00,2025-04-05 05:20+05:30,2025-04-05 05:20+05:30,Arrived,6E
1206697b-c8ed-4815-8284-9c4768d1b93c,KU 383,Unknown,KWI,DEL,2025-04-04 23:15:00+03:00,2025-04-04 23:15+03:00,2025-04-05 05:55+05:30,2025-04-05 05:26+05:30,Arrived,KU
96cfcb87-5c16-4bd8-ac33-5c15d8abde4b,SQ 402,9V-SCV,SIN,DEL,2025-04-05 02:35:00+08:00,2025-04-05 02:35+08:00,2025-04-05 05:40+05:30,2025-04-05 05:34+05:30,Arrived,SQ
9a47c2e5-3ab3-4a60-a016-f9bc9fe6cb26,6E 2357,Unknown,MAA,DEL,2025-04-05 03:15:00+05:30,2025-04-05 03:15+05:30,2025-04-05 06:10+05:30,2025-04-05 05:43+05:30,Arrived,6E
5423d0fe-90b9-4270-acaa-0fd69be5e436,IX 136,Unknown,SHJ,DEL,2025-04-05 00:55:00+04:00,2025-04-05 00:55+04:00,2025-04-05 06:10+05:30,2025-04-05 06:05+05:30,Arrived,IX
985c0808-90e7-4fdb-82c4-63929f2101b6,6E 2209,VT-ISS,AMD,DEL,2025-04-05 04:55:00+05:30,2025-04-05 04:58+05:30,2025-04-05 06:40+05:30,2025-04-05 06:14+05:30,Arrived,6E
83d0a977-db77-4372-9c1e-228979862974,SG 530,VT-SYJ,BLR,DEL,2025-04-04 23:45:00+05:30,2025-04-05 02:30+05:30,2025-04-05 03:00+05:30,2025-04-05 06:17+05:30,Arrived,SG
de75451c-82bb-4c47-a585-9383605479db,WY 241,Unknown,MCT,DEL,2025-04-05 02:10:00+04:00,2025-04-05 02:10+04:00,2025-04-05 06:55+05:30,2025-04-05 06:19+05:30,Arrived,WY
6e60b6c3-627f-4e7a-90b7-362592b4a835,6E 6402,Unknown,IXC,DEL,2025-04-05 05:45:00+05:30,2025-04-05 05:45+05:30,2025-04-05 06:40+05:30,2025-04-05 06:21+05:30,Arrived,6E
68902267-5a97-4070-85fa-799b60f947bb,6E 2146,Unknown,LKO,DEL,2025-04-05 05:40:00+05:30,2025-04-05 05:40+05:30,2025-04-05 07:00+05:30,2025-04-05 06:27+05:30,Arrived,6E
9c60c7df-da4f-4d15-916f-593611372c29,AI 962,VT-ANM,NBO,DEL,2025-04-04 20:05:00+03:00,2025-04-04 20:05+03:00,2025-04-05 06:00+05:30,2025-04-05 06:35+05:30,Arrived,AI
eb5c44df-54fa-42eb-b478-4b5104577d6e,SG 88,VT-MXC,BKK,DEL,2025-04-05 03:50:00+07:00,2025-04-05 03:40+07:00,2025-04-05 06:45+05:30,2025-04-05 06:45+05:30,Arrived,SG
ce90eb7e-a79d-4664-b462-652d853fd7c1,6E 656,Unknown,BOM,DEL,2025-04-05 05:00:00+05:30,2025-04-05 05:00+05:30,2025-04-05 07:05+05:30,2025-04-05 06:49+05:30,Arrived,6E
44fa6f61-19d3-4b47-a712-30daac4f55a6,AI 2478,Unknown,LKO,DEL,2025-04-05 05:50:00+05:30,2025-04-05 05:50+05:30,2025-04-05 07:05+05:30,2025-04-05 06:53+05:30,Arrived,AI
0dc7d80d-decf-4354-a81c-bc375880e728,6E 1232,Unknown,KWI,DEL,2025-04-05 00:35:00+03:00,2025-04-05 00:35+03:00,2025-04-05 06:55+05:30,2025-04-05 06:55+05:30,Arrived,6E
10d035da-5218-4e15-ba26-ac7419b9bb2f,6E 2263,Unknown,AMD,DEL,2025-04-05 05:40:00+05:30,2025-04-05 05:40+05:30,2025-04-05 07:25+05:30,2025-04-05 07:00+05:30,Arrived,6E
8e329d51-2559-447d-b0db-01dc107c566d,IX 1116,VT-VNS,BLR,DEL,2025-04-05 04:30:00+05:30,2025-04-05 04:30+05:30,2025-04-05 07:25+05:30,2025-04-05 07:07+05:30,Arrived,IX
63d34dcf-4026-48b5-9cf0-a55783492394,QP 1145,Unknown,AMD,DEL,2025-04-05 05:40:00+05:30,2025-04-05 05:40+05:30,2025-04-05 07:30+05:30,2025-04-05 07:08+05:30,Arrived,QP
f4e0dbb0-d9cd-4f3f-b702-85cda73b8adb,6E 1804,Unknown,GYD,DEL,2025-04-05 01:20:00+04:00,2025-04-05 01:20+04:00,2025-04-05 07:10+05:30,2025-04-05 07:10+05:30,Arrived,6E
2f4e7744-70ce-4f8d-a130-86e9da208529,6E 2419,Unknown,PNQ,DEL,2025-04-05 05:05:00+05:30,2025-04-05 05:05+05:30,2025-04-05 07:20+05:30,2025-04-05 07:16+05:30,Arrived,6E
b153685f-11a3-4eeb-9a80-a1aecd61f2f2,6E 84,Unknown,DMM,DEL,2025-04-05 01:20:00+03:00,2025-04-05 01:20+03:00,2025-04-05 07:55+05:30,2025-04-05 07:18+05:30,Arrived,6E
1c56b5b4-e3f3-4bf6-9b52-67e8dba00da5,AI 2578,VT-TNU,HYD,DEL,2025-04-05 05:30:00+05:30,2025-04-05 05:30+05:30,2025-04-05 07:55+05:30,2025-04-05 07:26+05:30,Arrived,AI
c49a66ff-f83c-4782-9392-3b3dae9b794a,UK 954,Unknown,Unknown,DEL,,Unknown,2025-04-05 08:05+05:30,2025-04-05 07:34+05:30,Expected,UK
57e1855f-22da-47e6-8cf7-05fd2b947bc2,6E 474,Unknown,CCU,DEL,2025-04-05 05:30:00+05:30,2025-04-05 05:30+05:30,2025-04-05 07:45+05:30,2025-04-05 07:34+05:30,Arrived,6E
8e629959-0682-4941-be5c-03c6803aedfe,6E 1808,Unknown,TBS,DEL,2025-04-05 01:20:00+04:00,2025-04-05 01:20+04:00,2025-04-05 07:35+05:30,2025-04-05 07:35+05:30,Arrived,6E
20aa34b3-8287-49b0-87a7-35b4678e68f4,AI 2404,VT-TNV,PNQ,DEL,2025-04-05 05:40:00+05:30,2025-04-05 05:40+05:30,2025-04-05 07:45+05:30,2025-04-05 07:42+05:30,Arrived,AI
886ebd16-6309-4245-9880-6ae822ba807b,QP 1359,VT-YAT,BLR,DEL,2025-04-05 05:05:00+05:30,2025-04-05 04:50+05:30,2025-04-05 07:45+05:30,2025-04-05 07:45+05:30,Arrived,QP
64955f82-d9aa-4166-a93d-b003fad6a88e,EY 212,A6-EIW,AUH,DEL,2025-04-05 02:45:00+04:00,2025-04-05 02:45+04:00,2025-04-05 07:50+05:30,2025-04-05 07:50+05:30,Arrived,EY
27671902-43be-44a4-850f-dbfad08d1205,SG 252,OK-TVR,BOM,DEL,2025-04-05 05:55:00+05:30,2025-04-05 05:55+05:30,2025-04-05 08:20+05:30,2025-04-05 07:53+05:30,Arrived,SG
fc247867-5fdb-4ee0-a2ee-554cf7523fed,6E 762,Unknown,BOM,DEL,2025-04-05 06:00:00+05:30,2025-04-05 06:00+05:30,2025-04-05 08:00+05:30,2025-04-05 07:57+05:30,Arrived,6E
e91bbbf0-f849-41a8-ba49-6787750363ac,ET 686,ET-AYC,ADD,DEL,2025-04-04 22:55:00+03:00,2025-04-04 22:55+03:00,2025-04-05 08:10+05:30,2025-04-05 07:59+05:30,Arrived,ET
3c884946-3d59-4ea6-8895-3de96f40f74b,AI 2583,VT-TZD,BOM,NAG,2025-04-04 20:00:00+05:30,2025-04-04 20:00+05:30,2025-04-04 21:30+05:30,2025-04-04 21:30+05:30,Unknown,AI
2832dadd-38f3-4009-be3a-6bc4b72ad4d3,6E 6049,Unknown,BOM,DEL,2025-04-04 20:00:00+05:30,2025-04-04 20:00+05:30,2025-04-04 22:15+05:30,2025-04-04 22:15+05:30,Departed,6E
decab315-4523-41ba-840a-a0956b31acd7,6E 5233,VT-IIP,BOM,IXC,2025-04-04 20:00:00+05:30,2025-04-04 20:00+05:30,2025-04-04 22:15+05:30,2025-04-04 22:15+05:30,Unknown,6E
d4d811e9-d642-4423-bbf4-c674a10dbb44,QP 567,Unknown,BOM,RUH,2025-04-04 20:05:00+05:30,2025-04-04 20:05+05:30,2025-04-04 21:55+03:00,2025-04-04 21:55+03:00,Unknown,QP
2b401363-fbff-4aec-820f-7b6c1e9f54c3,AI 2865,VT-TNP,BOM,BLR,2025-04-04 20:10:00+05:30,2025-04-04 20:10+05:30,2025-04-04 22:05+05:30,2025-04-04 22:14+05:30,Departed,AI
cd56a234-b623-4c89-8280-ab88640b407d,6E 6287,VT-IUV,BOM,CCU,2025-04-04 20:10:00+05:30,2025-04-04 20:10+05:30,2025-04-04 23:10+05:30,2025-04-04 23:10+05:30,Unknown,6E
f063a8ae-b560-4986-bafc-67b3552481cf,6E 5147,Unknown,BOM,NAG,2025-04-04 20:10:00+05:30,2025-04-04 20:10+05:30,2025-04-04 21:55+05:30,2025-04-04 21:55+05:30,Unknown,6E
80300118-76d8-46c7-80ae-0b21e1bd9a4f,6E 416,Unknown,BOM,BBI,2025-04-04 20:15:00+05:30,2025-04-04 20:15+05:30,2025-04-04 22:40+05:30,2025-04-04 22:40+05:30,Unknown,6E
610d8565-c6cc-4ba2-bf53-6de4ce6e72d4,SG 204,VT-SGV,BOM,CCU,2025-04-04 20:20:00+05:30,2025-04-04 20:20+05:30,2025-04-04 23:15+05:30,2025-04-04 23:15+05:30,Unknown,SG
e3f1d7a7-1960-47d1-a73b-d4b68332c3e3,AI 983,VT-ANT,BOM,DXB,2025-04-04 20:25:00+05:30,2025-04-04 20:25+05:30,2025-04-04 21:55+04:00,2025-04-04 21:55+04:00,Unknown,AI
1ba03a38-dec3-4c8c-bc0a-ddf08ed2d210,AI 2585,VT-TVH,BOM,AMD,2025-04-04 20:30:00+05:30,2025-04-04 20:30+05:30,2025-04-04 21:40+05:30,2025-04-04 21:40+05:30,Unknown,AI
737e65d9-02b3-40e1-815f-f20fb1bfb48e,6E 843,Unknown,BOM,GAU,2025-04-04 20:30:00+05:30,2025-04-04 20:30+05:30,2025-04-04 23:40+05:30,2025-04-04 23:40+05:30,Unknown,6E
83abfb8c-542a-42d2-b1d2-9ac041974ac4,6E 397,Unknown,BOM,BHO,2025-04-04 20:30:00+05:30,2025-04-04 20:30+05:30,2025-04-04 22:05+05:30,2025-04-04 22:05+05:30,Unknown,6E
dc468804-ce18-4a95-a4cd-3b401bad9a57,IX 235,Unknown,BOM,MCT,2025-04-04 20:35:00+05:30,2025-04-04 20:35+05:30,2025-04-04 21:55+04:00,2025-04-04 21:55+04:00,Unknown,IX
38036d65-607d-4bb4-b07a-c29561fdd60e,6E 5136,Unknown,BOM,IDR,2025-04-04 20:35:00+05:30,2025-04-04 20:35+05:30,2025-04-04 22:10+05:30,2025-04-04 22:10+05:30,Unknown,6E
d1c565e9-33dd-422d-b899-fbeb41da8876,UL 144,Unknown,BOM,CMB,2025-04-04 20:40:00+05:30,2025-04-04 20:40+05:30,2025-04-04 23:10+05:30,2025-04-04 23:10+05:30,Unknown,UL
e885ecc6-cc79-400c-bbba-4fff8991fa9a,AI 935,VT-EXL,BOM,DMM,2025-04-04 20:40:00+05:30,2025-04-04 20:40+05:30,2025-04-04 22:25+03:00,2025-04-04 22:25+03:00,Unknown,AI
b3d55596-d8ce-4af6-ab5e-0694d9f7f989,AI 2988,VT-TNW,BOM,DEL,2025-04-04 20:40:00+05:30,2025-04-04 20:40+05:30,2025-04-04 23:10+05:30,2025-04-04 23:04+05:30,Departed,AI
a0614416-676e-407f-9159-22a2e66376b7,6E 5252,VT-ICY,BOM,BLR,2025-04-04 20:45:00+05:30,2025-04-04 20:45+05:30,2025-04-04 22:45+05:30,2025-04-04 23:00+05:30,Departed,6E
ca61fe79-950c-4212-a82b-5ff3146f3e43,AI 2505,Unknown,BOM,GOI,2025-04-04 20:50:00+05:30,2025-04-04 20:50+05:30,2025-04-04 22:10+05:30,2025-04-04 22:10+05:30,Unknown,AI
c59c2755-f069-49f7-bbb6-4def94aa7708,AI 816,Unknown,BOM,DEL,2025-04-04 21:00:00+05:30,2025-04-04 21:00+05:30,2025-04-04 23:15+05:30,2025-04-04 23:15+05:30,Departed,AI
09971e93-4e1b-4679-bec9-807e2f6ba45b,AI 2827,Unknown,BOM,MAA,2025-04-04 21:00:00+05:30,2025-04-04 21:00+05:30,2025-04-04 23:10+05:30,2025-04-04 23:10+05:30,Unknown,AI
7ea88a4f-d3b5-43fb-8bcc-6a5f9c81c4f0,6E 5238,Unknown,BOM,JAI,2025-04-04 21:00:00+05:30,2025-04-04 21:00+05:30,2025-04-04 22:45+05:30,2025-04-04 22:45+05:30,Unknown,6E
fb01bb87-c554-4f9d-8ca2-78b49e1128f4,QP 1528,Unknown,BOM,AMD,2025-04-04 21:10:00+05:30,2025-04-04 21:10+05:30,2025-04-04 22:40+05:30,2025-04-04 22:40+05:30,Unknown,QP
e505798f-f454-4aac-acd1-79bc216d83f6,AI 2565,VT-TNY,BOM,JAI,2025-04-04 21:10:00+05:30,2025-04-04 21:10+05:30,2025-04-04 23:10+05:30,2025-04-04 23:10+05:30,Unknown,AI
bf7f01af-fbc2-410c-86ed-9cb6e628e62c,6E 5137,Unknown,BOM,GOI,2025-04-04 21:10:00+05:30,2025-04-04 21:10+05:30,2025-04-04 22:25+05:30,2025-04-04 22:25+05:30,Unknown,6E
16e1f6b0-779e-43ca-9eb6-74c8dc891c89,6E 1201,Unknown,BOM,BAH,2025-04-04 21:15:00+05:30,2025-04-04 21:15+05:30,2025-04-04 22:45+03:00,2025-04-04 22:45+03:00,Unknown,6E
25fa73a3-48a1-42b5-9409-3cb652b6661d,6E 102,Unknown,BOM,DEL,2025-04-04 21:15:00+05:30,2025-04-04 21:15+05:30,2025-04-04 23:30+05:30,2025-04-04 22:49+05:30,Expected,6E
9f3fa30b-2505-472a-8962-e34f5f890bef,6E 5056,VT-ILU,BOM,HYD,2025-04-04 21:20:00+05:30,2025-04-04 21:20+05:30,2025-04-04 23:00+05:30,2025-04-04 23:00+05:30,Unknown,6E
5835077b-c7cf-4ee3-bae7-0057f729f838,AI 945,VT-EXI,BOM,AUH,2025-04-04 21:30:00+05:30,2025-04-04 21:30+05:30,2025-04-04 23:15+04:00,2025-04-04 23:15+04:00,Unknown,AI
11130823-053b-475c-a718-d734c6624f2a,AI 2401,VT-TQR,BOM,BLR,2025-04-04 21:30:00+05:30,2025-04-04 21:30+05:30,2025-04-04 23:35+05:30,2025-04-04 23:29+05:30,Departed,AI
987cb984-6af6-4e4e-8f8f-8bb207a2f7c4,IX 1219,VT-BWR,BOM,LKO,2025-04-04 21:35:00+05:30,2025-04-04 21:35+05:30,2025-04-04 23:50+05:30,2025-04-04 23:50+05:30,Unknown,IX
d544c54c-001d-40a7-9726-2613515620ba,6E 1267,Unknown,BOM,MCT,2025-04-04 21:40:00+05:30,2025-04-04 21:40+05:30,2025-04-04 22:55+04:00,2025-04-04 22:55+04:00,Unknown,6E
12a0bc27-dbeb-4a62-b1b9-da9df1d10578,GF 65,A9C-AC,BOM,BAH,2025-04-04 21:45:00+05:30,2025-04-04 21:45+05:30,2025-04-04 23:00+03:00,2025-04-04 23:00+03:00,Unknown,GF
229074a0-0419-442c-a148-cefab87d3d8d,6E 5283,Unknown,BOM,AMD,2025-04-04 21:45:00+05:30,2025-04-04 21:45+05:30,2025-04-04 22:55+05:30,2025-04-04 22:55+05:30,Unknown,6E
aca73bfa-e917-4d9a-9c95-af0961454728,6E 1341,Unknown,BOM,DOH,2025-04-04 21:50:00+05:30,2025-04-04 21:50+05:30,2025-04-04 22:50+03:00,2025-04-04 23:07+03:00,Departed,6E
af854d06-3fdf-4c3e-9ffe-42fdd3a10516,G9 402,Unknown,BOM,SHJ,2025-04-04 21:55:00+05:30,2025-04-04 21:55+05:30,2025-04-04 23:25+04:00,2025-04-04 23:25+04:00,Unknown,G9
a39c0faa-2a1b-4933-910b-ebda180b9de8,6E 5388,VT-IMD,BOM,BLR,2025-04-04 22:00:00+05:30,2025-04-04 22:00+05:30,2025-04-05 00:05+05:30,2025-04-04 23:49+05:30,Departed,6E
eddf472b-eb31-4732-a15d-a57e26c275f2,6E 5291,Unknown,BOM,MAA,2025-04-04 22:00:00+05:30,2025-04-04 22:00+05:30,2025-04-04 23:59+05:30,2025-04-04 23:59+05:30,Unknown,6E
fd18b8a3-f827-420f-b1b9-a8e078b8faf1,6E 81,Unknown,BOM,DMM,2025-04-04 22:05:00+05:30,2025-04-04 22:05+05:30,2025-04-04 23:45+03:00,2025-04-04 23:45+03:00,Unknown,6E
02529e34-a436-4556-bb39-c41f0cc94a6e,6E 1491,VT-IJG,BOM,RKT,2025-04-04 22:10:00+05:30,2025-04-04 22:10+05:30,2025-04-04 23:50+04:00,2025-04-04 23:50+04:00,Unknown,6E
01fe68fc-ea82-4c5e-b3aa-41c7c39dc398,6E 5106,Unknown,BOM,GOI,2025-04-04 22:15:00+05:30,2025-04-04 22:15+05:30,2025-04-04 23:30+05:30,2025-04-04 23:30+05:30,Unknown,6E
27d1956d-b733-4948-9dce-6d4642c2e49c,6E 278,VT-IFI,BOM,NAG,2025-04-04 22:20:00+05:30,2025-04-04 22:20+05:30,2025-04-04 23:55+05:30,2025-04-04 23:55+05:30,Unknown,6E
f79e72ed-2618-45fe-a28e-5b1ed0930d6e,EK 509,Unknown,BOM,DXB,2025-04-04 22:25:00+05:30,2025-04-04 22:25+05:30,2025-04-05 00:05+04:00,2025-04-05 00:05+04:00,Unknown,EK
4583a386-b355-4a14-97e8-733d3a9398d6,IX 1241,Unknown,BOM,TRZ,2025-04-04 22:30:00+05:30,2025-04-04 22:30+05:30,2025-04-05 00:35+05:30,2025-04-05 00:35+05:30,Unknown,IX
fd1e3e20-99da-432d-9536-c35c1d95b392,CX 696,B-KQY,BOM,HKG,2025-04-04 22:30:00+05:30,2025-04-04 22:30+05:30,2025-04-05 07:00+08:00,2025-04-05 06:24+08:00,Departed,CX
f9d7563e-4d03-4781-a855-74d31d0ef221,AI 2869,VT-TNU,BOM,HYD,2025-04-04 22:30:00+05:30,2025-04-04 22:30+05:30,2025-04-05 00:05+05:30,2025-04-05 00:05+05:30,Unknown,AI
35608ce1-0c46-472c-8d2a-292af47672d1,6E 651,Unknown,BOM,DEL,2025-04-04 22:30:00+05:30,2025-04-04 22:30+05:30,2025-04-05 00:45+05:30,2025-04-05 00:22+05:30,Departed,6E
acedd422-6010-4678-985f-034cbffb8f12,SG 710,VT-SLA,BOM,DEL,2025-04-04 22:35:00+05:30,2025-04-04 22:35+05:30,2025-04-05 00:45+05:30,2025-04-05 01:16+05:30,Departed,SG
6ba5adaf-92bd-4818-a7cf-d5fc23d1fe25,QP 1367,VT-YAE,BOM,BLR,2025-04-04 22:35:00+05:30,2025-04-04 22:35+05:30,2025-04-05 00:20+05:30,2025-04-05 00:28+05:30,Departed,QP
3b83b379-8257-4f13-823a-57cbda7280cd,AI 2919,VT-TQE,BOM,AMD,2025-04-04 22:45:00+05:30,2025-04-04 22:45+05:30,2025-04-04 23:55+05:30,2025-04-04 23:55+05:30,Unknown,AI
20b8993c-1c2d-4e9d-b9ce-ff4dd270bbac,AI 2986,VT-TQF,BOM,DEL,2025-04-04 22:50:00+05:30,2025-04-04 22:50+05:30,2025-04-05 01:00+05:30,2025-04-05 00:54+05:30,Departed,AI
f93ab73a-9707-4b13-ba71-2a68ca50bca4,AI 639,VT-PPU,BOM,MAA,2025-04-04 22:55:00+05:30,2025-04-04 22:55+05:30,2025-04-05 00:55+05:30,2025-04-05 00:55+05:30,Unknown,AI
350b4deb-feb8-4796-b1ef-98f2f331729a,9I 659,Unknown,BOM,Unknown,2025-04-04 22:55:00+05:30,2025-04-04 22:55+05:30,Unknown,Unknown,Unknown,9I
4529aa0a-67a3-4721-831a-6a77da729029,6E 6352,VT-ISK,BOM,Unknown,2025-04-04 23:00:00+05:30,2025-04-04 23:00+05:30,Unknown,Unknown,Unknown,6E
a4dbc879-6640-44ab-8849-04f10c33ac29,6E 5393,Unknown,BOM,HYD,2025-04-04 23:00:00+05:30,2025-04-04 23:00+05:30,2025-04-05 00:35+05:30,2025-04-05 00:35+05:30,Unknown,6E
2e0c51cd-ac0d-460d-a3e2-976f443c9c5f,EY 205,A6-BMF,BOM,AUH,2025-04-04 23:05:00+05:30,2025-04-04 23:05+05:30,2025-04-05 00:45+04:00,2025-04-05 00:45+04:00,Unknown,EY
e5eef455-7471-4f4e-b43c-e418c393e212,VN 978,VN-A398,BOM,SGN,2025-04-04 23:10:00+05:30,2025-04-04 23:10+05:30,2025-04-05 06:05+07:00,2025-04-05 06:05+07:00,Unknown,VN
e4ce2630-1249-4b78-a246-40fbf6c9616c,SG 13,Unknown,BOM,DXB,2025-04-04 23:15:00+05:30,2025-04-04 23:15+05:30,2025-04-05 01:30+04:00,2025-04-05 01:30+04:00,Unknown,SG
018149c6-690a-4b55-a044-774216065fb1,OD 216,9M-LCF,BOM,KUL,2025-04-04 23:15:00+05:30,2025-04-04 23:15+05:30,2025-04-05 09:00+08:00,2025-04-05 08:58+08:00,Departed,OD
497efd1c-a05b-4488-80a1-e964643fa519,6E 677,Unknown,BOM,LKO,2025-04-04 23:15:00+05:30,2025-04-04 23:15+05:30,2025-04-05 01:25+05:30,2025-04-05 01:25+05:30,Unknown,6E
29ec6068-b56b-446f-a47f-6ae61a22c7c2,MH 195,9M-MTJ,BOM,KUL,2025-04-04 23:25:00+05:30,2025-04-04 23:25+05:30,2025-04-05 08:00+08:00,2025-04-05 07:56+08:00,Departed,MH
352f7359-cfee-4b90-9dae-ff70ade5a0ed,TG 318,Unknown,BOM,BKK,2025-04-04 23:35:00+05:30,2025-04-04 23:35+05:30,2025-04-05 05:35+07:00,2025-04-05 05:02+07:00,Departed,TG
0f0bbdbe-b7c2-47ac-af3f-cbf123aee666,SQ 423,9V-SKU,BOM,SIN,2025-04-04 23:40:00+05:30,2025-04-04 23:40+05:30,2025-04-05 07:40+08:00,2025-04-05 07:23+08:00,Departed,SQ
5739dc48-f5b2-484f-9f7b-50e61117b3fe,6E 2007,Unknown,BOM,DEL,2025-04-04 23:45:00+05:30,2025-04-04 23:45+05:30,2025-04-05 02:00+05:30,2025-04-05 01:59+05:30,Departed,6E
6c24254e-21af-464b-b094-82a962a7d940,QP 1738,VT-YBD,BOM,BLR,2025-04-04 23:55:00+05:30,2025-04-04 23:55+05:30,2025-04-05 01:45+05:30,2025-04-05 01:40+05:30,Departed,QP
755fcee2-416a-493a-8e61-072cc9405d47,AI 518,VT-EXT,BOM,COK,2025-04-04 23:55:00+05:30,2025-04-04 23:55+05:30,2025-04-05 01:55+05:30,2025-04-05 01:55+05:30,Unknown,AI
3e89dfa9-9431-4a8e-9714-8535613dc9d4,6E 91,Unknown,BOM,JED,2025-04-05 00:05:00+05:30,2025-04-05 00:05+05:30,2025-04-05 03:10+03:00,2025-04-05 03:10+03:00,Unknown,6E
3e511bdb-ac40-4d76-ad42-e4db2f63ee3e,6E 5322,VT-IMX,BOM,BLR,2025-04-05 00:05:00+05:30,2025-04-05 00:05+05:30,2025-04-05 02:05+05:30,2025-04-05 01:58+05:30,Departed,6E
627a975e-9409-418c-8f55-00dd6c98ca08,SL 219,HS-LUP,BOM,DMK,2025-04-05 00:10:00+05:30,2025-04-05 00:10+05:30,2025-04-05 06:00+07:00,2025-04-05 06:00+07:00,Departed,SL
0bf0d8fe-c0d0-4eb2-9bb3-67cebe587c8d,QP 1172,Unknown,BOM,CCU,2025-04-05 00:35:00+05:30,2025-04-05 00:35+05:30,2025-04-05 03:20+05:30,2025-04-05 03:20+05:30,Unknown,QP
0002f35d-a6ca-4aae-9aa0-f0da3d243d33,IX 1124,Unknown,BOM,DEL,2025-04-05 00:35:00+05:30,2025-04-05 00:35+05:30,2025-04-05 02:55+05:30,2025-04-05 02:49+05:30,Departed,IX
d738d6c0-8c4e-4358-9d7b-6eaabd7c85d2,VJ 910,VN-A532,BOM,HAN,2025-04-05 00:40:00+05:30,2025-04-05 00:40+05:30,2025-04-05 07:10+07:00,2025-04-05 07:10+07:00,Unknown,VJ
b85dde31-8280-4592-bf90-bf41c946aa78,LX 155,HB-JHI,BOM,ZRH,2025-04-05 00:40:00+05:30,2025-04-05 00:40+05:30,2025-04-05 06:15+02:00,2025-04-05 06:06+02:00,Departed,LX
6d84c0c4-ae46-46f1-9f94-bb9c42a143e4,VZ 761,HS-VKF,BOM,BKK,2025-04-05 00:45:00+05:30,2025-04-05 00:45+05:30,2025-04-05 06:40+07:00,2025-04-05 06:18+07:00,Departed,VZ
bf0b3ebe-5a46-4073-94a8-97cc84282ed9,AI 2105,VT-TVC,BOM,SIN,2025-04-05 00:55:00+05:30,2025-04-05 00:55+05:30,2025-04-05 09:15+08:00,2025-04-05 08:48+08:00,Departed,AI
7f8edeef-1416-425b-97d2-67265cbcd52a,6E 911,VT-IIH,BOM,AMD,2025-04-05 01:00:00+05:30,2025-04-05 01:00+05:30,2025-04-05 02:20+05:30,2025-04-05 02:20+05:30,Unknown,6E
a497ef40-c2de-439f-8f44-3bbf86fb1454,6E 1413,VT-IVX,BOM,AUH,2025-04-05 01:10:00+05:30,2025-04-05 01:10+05:30,2025-04-05 02:45+04:00,2025-04-05 02:45+04:00,Unknown,6E
539c6feb-1ed9-4519-9266-57d9b51119e6,6E 2775,Unknown,BOM,DEL,2025-04-05 01:15:00+05:30,2025-04-05 01:15+05:30,2025-04-05 03:15+05:30,2025-04-05 03:10+05:30,Departed,6E
49c9ac51-f067-45be-995b-ec4a0f556e3e,AF 217,F-HUVN,BOM,CDG,2025-04-05 01:20:00+05:30,2025-04-05 01:20+05:30,2025-04-05 07:30+02:00,2025-04-05 07:26+02:00,Departed,AF
1149b914-9a76-47be-91f1-25305e7a9ee2,CX 660,B-KQN,BOM,HKG,2025-04-05 01:25:00+05:30,2025-04-05 01:25+05:30,2025-04-05 09:55+08:00,2025-04-05 09:28+08:00,Departed,CX
55c0ba61-eb77-49fd-b0ca-2e21e9c080df,LH 767,D-AIVC,BOM,MUC,2025-04-05 01:30:00+05:30,2025-04-05 01:30+05:30,2025-04-05 06:15+02:00,2025-04-05 06:05+02:00,Departed,LH
f65beb21-b8a1-40c9-954a-b4b945473a7a,AI 2422,Unknown,BOM,DEL,2025-04-05 01:30:00+05:30,2025-04-05 01:30+05:30,2025-04-05 03:45+05:30,2025-04-05 03:37+05:30,Departed,AI
ee739042-47b8-4ff9-aa8f-a04c6b17f255,BA 138,G-ZBKD,BOM,LHR,2025-04-05 01:40:00+05:30,2025-04-05 01:40+05:30,2025-04-05 07:10+01:00,2025-04-05 06:47+01:00,Departed,BA
a058c649-3689-44b4-9df2-04f447c2cfbe,AI 119,VT-ALX,BOM,JFK,2025-04-05 01:40:00+05:30,2025-04-05 01:40+05:30,2025-04-05 07:55-04:00,2025-04-05 08:20-04:00,Departed,AI
e2a5b481-f91e-4f85-92e0-4223e9956ed6,6E 1269,VT-ISQ,BOM,MCT,2025-04-05 01:55:00+05:30,2025-04-05 01:55+05:30,2025-04-05 03:10+04:00,2025-04-05 03:10+04:00,Unknown,6E
6cc3e06a-c24f-437a-b969-a6f0edc11634,SG 59,Unknown,BOM,DXB,2025-04-05 02:00:00+05:30,2025-04-05 02:00+05:30,2025-04-05 03:55+04:00,2025-04-05 03:55+04:00,Unknown,SG
b70f89e9-54ab-4971-b461-134c2fa55b33,AI 2241,Unknown,BOM,MRU,2025-04-05 02:00:00+05:30,2025-04-05 02:00+05:30,2025-04-05 06:30+04:00,2025-04-05 06:30+04:00,Unknown,AI
e09ef55c-191d-48e6-bf99-da55ece137d8,DD 939,HS-DBP,BOM,DMK,2025-04-05 02:05:00+05:30,2025-04-05 02:05+05:30,2025-04-05 08:10+07:00,2025-04-05 07:43+07:00,Departed,DD
52db4181-8b42-457c-b519-81c4ce310763,6E 1853,Unknown,BOM,NBO,2025-04-05 02:10:00+05:30,2025-04-05 02:10+05:30,2025-04-05 05:40+03:00,2025-04-05 05:40+03:00,Unknown,6E
8ceefa41-b0a4-4af0-a307-7ccb5ba851d8,6E 1511,Unknown,BOM,DXB,2025-04-05 02:10:00+05:30,2025-04-05 02:10+05:30,2025-04-05 04:00+04:00,2025-04-05 04:00+04:00,Unknown,6E
70f10555-4c70-4153-9c7a-9e365e0f1810,KL 878,PH-BQK,BOM,AMS,2025-04-05 02:15:00+05:30,2025-04-05 02:15+05:30,2025-04-05 08:00+02:00,2025-04-05 07:40+02:00,Departed,KL
228c6e38-7a30-4ca7-82a0-04850e3f7090,IX 1146,VT-EXD,BOM,DEL,2025-04-05 02:15:00+05:30,2025-04-05 02:15+05:30,2025-04-05 04:40+05:30,2025-04-05 04:39+05:30,Departed,IX
3b3a15d2-af18-4b9d-ade6-ef7c6d6d7a87,QP 1539,VT-YAT,BOM,BLR,2025-04-05 02:20:00+05:30,2025-04-05 02:20+05:30,2025-04-05 04:10+05:30,2025-04-05 03:55+05:30,Departed,QP
3ed6a082-8677-43db-8660-b96fd0177552,SV 773,Unknown,BOM,JED,2025-04-05 02:30:00+05:30,2025-04-05 02:30+05:30,2025-04-05 04:50+03:00,2025-04-05 04:50+03:00,Unknown,SV
f3472aa7-78cc-4748-baa4-ba17efa97490,6E 6284,VT-ICD,BOM,BLR,2025-04-05 02:30:00+05:30,2025-04-05 02:30+05:30,2025-04-05 04:15+05:30,2025-04-05 04:15+05:30,Departed,6E
91697dbf-f683-4628-a15c-f10224b41c22,TG 352,HS-TXL,BOM,BKK,2025-04-05 02:40:00+05:30,2025-04-05 02:40+05:30,2025-04-05 08:40+07:00,2025-04-05 08:06+07:00,Departed,TG
26e4258f-bed0-436a-98eb-61fdfb2ada8f,LH 757,D-AIFD,BOM,FRA,2025-04-05 02:40:00+05:30,2025-04-05 02:40+05:30,2025-04-05 08:05+02:00,2025-04-05 08:00+02:00,Departed,LH
9b75d7f0-059d-4919-9289-361f8814d41e,KQ 203,Unknown,BOM,NBO,2025-04-05 02:40:00+05:30,2025-04-05 02:40+05:30,2025-04-05 06:25+03:00,2025-04-05 06:25+03:00,Unknown,KQ
82177b10-0562-4cb4-822c-624017272828,MK 749,Unknown,BOM,MRU,2025-04-05 02:45:00+05:30,2025-04-05 02:45+05:30,2025-04-05 07:30+04:00,2025-04-05 07:30+04:00,Unknown,MK
a899bf0f-5ccf-4a0c-867b-73ae852646af,6E 5179,Unknown,BOM,HYD,2025-04-05 02:45:00+05:30,2025-04-05 02:45+05:30,2025-04-05 04:20+05:30,2025-04-05 04:20+05:30,Unknown,6E
8de87b0c-4b21-475a-b49d-e74f6a59905a,6E 138,Unknown,BOM,CCU,2025-04-05 02:45:00+05:30,2025-04-05 02:45+05:30,2025-04-05 05:30+05:30,2025-04-05 05:30+05:30,Unknown,6E
d83150f6-366e-4037-9253-576a2b4f94a4,KU 302,9K-API,BOM,KWI,2025-04-05 02:50:00+05:30,2025-04-05 02:50+05:30,2025-04-05 04:40+03:00,2025-04-05 04:40+03:00,Unknown,KU
6c43c10b-19c2-45f8-9516-cb22cae90c22,6E 6045,Unknown,BOM,DEL,2025-04-05 03:00:00+05:30,2025-04-05 03:00+05:30,2025-04-05 05:15+05:30,2025-04-05 05:03+05:30,Departed,6E
50c518fa-f99b-4449-a97c-408bb2e2ee01,UL 142,Unknown,BOM,CMB,2025-04-05 03:10:00+05:30,2025-04-05 03:10+05:30,2025-04-05 05:40+05:30,2025-04-05 05:40+05:30,Unknown,UL
095d8eb2-1992-4887-96c7-3cf26184caf3,IX 281,Unknown,BOM,DMM,2025-04-05 03:15:00+05:30,2025-04-05 03:15+05:30,2025-04-05 04:50+03:00,2025-04-05 04:50+03:00,Unknown,IX
5b6c89c8-cb9c-42b9-bb80-d500bd2dba60,6E 136,VT-ITL,BOM,MAA,2025-04-05 03:15:00+05:30,2025-04-05 03:15+05:30,2025-04-05 05:10+05:30,2025-04-05 05:10+05:30,Unknown,6E
9ab9bcaa-1103-4f98-b049-1da84001fa54,XY 322,HZ-NS36,BOM,RUH,2025-04-05 03:55:00+05:30,2025-04-05 03:55+05:30,2025-04-05 05:30+03:00,2025-04-05 05:30+03:00,Unknown,XY
6832c16c-6f65-491c-86e0-49ca5c3f6214,6E 1071,Unknown,BOM,HKT,2025-04-05 03:55:00+05:30,2025-04-05 03:55+05:30,2025-04-05 10:05+07:00,2025-04-05 09:32+07:00,Departed,6E
96d737a8-470e-40ab-ac7f-f6755fb5bfda,6E 632,Unknown,BOM,AMD,2025-04-05 04:00:00+05:30,2025-04-05 04:00+05:30,2025-04-05 05:20+05:30,2025-04-05 05:20+05:30,Unknown,6E
71fc247a-7e72-4c7a-bd6a-15f5d047aeaf,6E 632,Unknown,BOM,AMD,2025-04-05 04:00:00+05:30,2025-04-05 04:00+05:30,2025-04-05 05:20+05:30,2025-04-05 05:20+05:30,Unknown,6E
7aecf442-a56a-4dac-ab06-fbb77e0bc552,VS 359,G-VPRD,BOM,LHR,2025-04-05 04:05:00+05:30,2025-04-05 04:05+05:30,2025-04-05 09:40+01:00,2025-04-05 09:06+01:00,Departed,VS
22d8169b-b6aa-4b82-a6ed-69b3070426f7,J2 60,Unknown,BOM,GYD,2025-04-05 04:05:00+05:30,2025-04-05 04:05+05:30,2025-04-05 07:35+04:00,2025-04-05 07:35+04:00,Unknown,J2
bc51592a-8fc3-41da-9807-a9cfc97e1e6f,ET 611,Unknown,BOM,ADD,2025-04-05 04:05:00+05:30,2025-04-05 04:05+05:30,2025-04-05 07:00+03:00,2025-04-05 07:00+03:00,Unknown,ET
2bf52608-5822-412a-9580-07b23e7de0b6,AI 921,VT-CID,BOM,RUH,2025-04-05 04:05:00+05:30,2025-04-05 04:05+05:30,2025-04-05 06:00+03:00,2025-04-05 06:00+03:00,Unknown,AI
06f697ae-83f0-4937-b8d7-064d626749eb,QR 557,Unknown,BOM,DOH,2025-04-05 04:10:00+05:30,2025-04-05 04:10+05:30,2025-04-05 05:25+03:00,2025-04-05 05:21+03:00,Departed,QR
c0e87ddf-ffd5-467c-801f-abfc96d694cc,6E 1085,Unknown,BOM,KBV,2025-04-05 04:15:00+05:30,2025-04-05 04:15+05:30,2025-04-05 10:10+07:00,2025-04-05 10:10+07:00,Unknown,6E
e2a894ec-7905-4391-b31a-4bf25cff8cbf,6E 1303,Unknown,BOM,DOH,2025-04-05 04:20:00+05:30,2025-04-05 04:20+05:30,2025-04-05 05:20+03:00,2025-04-05 08:24+03:00,Departed,6E
9381717f-d9ff-43a0-bbe9-565e9d25378f,EK 501,A6-EEW,BOM,DXB,2025-04-05 04:25:00+05:30,2025-04-05 04:25+05:30,2025-04-05 06:00+04:00,2025-04-05 06:00+04:00,Unknown,EK
7cf0e66e-751a-4842-9e2d-2ed09edd803b,6E 73,VT-IZV,BOM,RUH,2025-04-05 04:35:00+05:30,2025-04-05 04:35+05:30,2025-04-05 06:45+03:00,2025-04-05 06:45+03:00,Unknown,6E
1c02817b-2062-48bd-b589-34b8a9f72e88,6E 6397,Unknown,BOM,IXC,2025-04-05 04:40:00+05:30,2025-04-05 04:40+05:30,2025-04-05 06:50+05:30,2025-04-05 06:50+05:30,Unknown,6E
7e287501-bd14-407c-918f-1d4efac1ec57,6E 643,Unknown,BOM,LKO,2025-04-05 04:45:00+05:30,2025-04-05 04:45+05:30,2025-04-05 06:55+05:30,2025-04-05 06:55+05:30,Unknown,6E
e34b260d-4f58-40b5-b857-ac4ef4321c8f,6E 5202,Unknown,BOM,GOI,2025-04-05 04:50:00+05:30,2025-04-05 04:50+05:30,2025-04-05 06:00+05:30,2025-04-05 06:00+05:30,Unknown,6E
4d08cbff-0932-43cf-bcee-ef1a3767aac4,6E 5135,VT-IIN,BOM,JAI,2025-04-05 04:50:00+05:30,2025-04-05 04:50+05:30,2025-04-05 06:40+05:30,2025-04-05 06:40+05:30,Unknown,6E
8384c424-04db-4265-b007-201297e4c630,G9 406,A6-ANQ,BOM,SHJ,2025-04-05 04:55:00+05:30,2025-04-05 04:55+05:30,2025-04-05 06:25+04:00,2025-04-05 06:25+04:00,Unknown,G9
ac28f5f0-058a-4b0b-ae89-435fa7814017,EY 207,A6-ETS,BOM,AUH,2025-04-05 04:55:00+05:30,2025-04-05 04:55+05:30,2025-04-05 06:30+04:00,2025-04-05 06:30+04:00,Unknown,EY
e4925dbd-ba32-4d14-884c-bd4507e303a9,QP 1304,Unknown,BOM,MAA,2025-04-05 05:00:00+05:30,2025-04-05 05:00+05:30,2025-04-05 07:00+05:30,2025-04-05 07:00+05:30,Unknown,QP
636faee3-4638-4dd3-a22f-3752b3f9775e,IA 442,YI-ARB,BOM,NJF,2025-04-05 05:00:00+05:30,2025-04-05 05:00+05:30,2025-04-05 07:00+03:00,2025-04-05 07:00+03:00,Unknown,IA
8d91224b-8281-43ef-a701-f6db30b4d1d3,AI 129,VT-AEQ,BOM,LHR,2025-04-05 05:00:00+05:30,2025-04-05 05:00+05:30,2025-04-05 10:15+01:00,2025-04-05 12:26+01:00,Departed,AI
1ed868ce-0d78-4d4d-b2be-9b339c8f2bf1,6E 656,Unknown,BOM,DEL,2025-04-05 05:00:00+05:30,2025-04-05 05:00+05:30,2025-04-05 07:05+05:30,2025-04-05 06:49+05:30,Departed,6E
42535bd1-0950-4353-9bbd-ed2b20af34d6,AI 2743,Unknown,BOM,COK,2025-04-05 05:05:00+05:30,2025-04-05 05:05+05:30,2025-04-05 07:00+05:30,2025-04-05 07:00+05:30,Unknown,AI
f42c6247-0b9e-4d6c-bfa4-7821a437a1db,AI 603,Unknown,BOM,GOI,2025-04-05 05:10:00+05:30,2025-04-05 05:10+05:30,2025-04-05 06:30+05:30,2025-04-05 06:30+05:30,Unknown,AI
757fb885-088a-4924-a65d-72de4e09620f,IX 1231,Unknown,BOM,IXE,2025-04-05 05:15:00+05:30,2025-04-05 05:15+05:30,2025-04-05 07:00+05:30,2025-04-05 07:00+05:30,Unknown,IX
c4bcee8b-d658-4600-8d28-d1b0684b089f,HM 261,Unknown,BOM,SEZ,2025-04-05 05:15:00+05:30,2025-04-05 05:15+05:30,2025-04-05 08:10+04:00,2025-04-05 08:10+04:00,Unknown,HM
f60da4ae-1c9d-41b2-b72c-7e5b6cbe0afe,AI 501,VT-EXV,BOM,DED,2025-04-05 05:15:00+05:30,2025-04-05 05:15+05:30,2025-04-05 07:30+05:30,2025-04-05 07:30+05:30,Unknown,AI
cb5b0e7d-95b4-402e-bab4-7b021f5eb0cc,FZ 446,A6-FKQ,BOM,DXB,2025-04-05 05:20:00+05:30,2025-04-05 05:20+05:30,2025-04-05 07:05+04:00,2025-04-05 07:05+04:00,Unknown,FZ
2e76c836-3308-4ce5-908d-0af5da026fcc,AI 2581,VT-TYB,BOM,NAG,2025-04-05 05:25:00+05:30,2025-04-05 05:25+05:30,2025-04-05 06:50+05:30,2025-04-05 06:50+05:30,Unknown,AI
7ebe6744-dd4f-46ef-91b1-d13a87a0b89f,6E 6187,Unknown,BOM,BDQ,2025-04-05 05:25:00+05:30,2025-04-05 05:25+05:30,2025-04-05 06:35+05:30,2025-04-05 06:35+05:30,Unknown,6E
e94b1e25-5b3f-48fc-85a9-ba69b5cc819f,AI 613,VT-PPQ,BOM,AMD,2025-04-05 05:30:00+05:30,2025-04-05 05:30+05:30,2025-04-05 06:50+05:30,2025-04-05 06:25+05:30,Departed,AI
6fa9efe2-b789-4515-8461-75b4bd7ca222,AI 2728,VT-TZD,BOM,ATQ,2025-04-05 05:30:00+05:30,2025-04-05 05:30+05:30,2025-04-05 07:55+05:30,2025-04-05 07:55+05:30,Unknown,AI
7fbebcd0-0b8c-4957-92ca-56226fcc0a2a,6E 532,Unknown,BOM,TIR,2025-04-05 05:30:00+05:30,2025-04-05 05:30+05:30,2025-04-05 07:15+05:30,2025-04-05 07:15+05:30,Unknown,6E
c61662bb-0ba5-4d0c-b9bc-d4f45a43391b,QP 1524,Unknown,BOM,LKO,2025-04-05 05:35:00+05:30,2025-04-05 05:35+05:30,2025-04-05 07:45+05:30,2025-04-05 07:45+05:30,Unknown,QP
b8d44ba1-e023-413d-a329-e9963d90676a,IX 297,Unknown,BOM,AUH,2025-04-05 05:35:00+05:30,2025-04-05 05:35+05:30,2025-04-05 07:35+04:00,2025-04-05 07:35+04:00,Unknown,IX
595e42f7-75b9-48ae-a5fa-dd9251f0f923,6E 6128,Unknown,BOM,IXU,2025-04-05 05:35:00+05:30,2025-04-05 05:35+05:30,2025-04-05 06:45+05:30,2025-04-05 06:45+05:30,Unknown,6E
ef244eb2-5bc2-49d3-a7ef-0af9f9475f0a,6E 5122,Unknown,BOM,CCU,2025-04-05 05:40:00+05:30,2025-04-05 05:40+05:30,2025-04-05 08:25+05:30,2025-04-05 08:25+05:30,Unknown,6E
cb474c64-24ab-4482-aa40-e019afc88e6f,6E 5012,VT-ILZ,BOM,HYD,2025-04-05 05:45:00+05:30,2025-04-05 05:45+05:30,2025-04-05 07:10+05:30,2025-04-05 07:10+05:30,Unknown,6E
481bd245-cc7a-4abc-84eb-46b86da2197b,TC 401,Unknown,BOM,DAR,2025-04-05 05:50:00+05:30,2025-04-05 05:50+05:30,2025-04-05 09:20+03:00,2025-04-05 09:20+03:00,Unknown,TC
a38edb9f-0961-4b2c-9f93-f4ec5dfb466d,AI 657,Unknown,BOM,TRV,2025-04-05 05:50:00+05:30,2025-04-05 05:50+05:30,2025-04-05 07:55+05:30,2025-04-05 07:55+05:30,Unknown,AI
d31a7edb-d3c3-4efc-8738-b6d4e001df10,AI 2741,VT-TNP,BOM,CCU,2025-04-05 05:50:00+05:30,2025-04-05 05:50+05:30,2025-04-05 08:30+05:30,2025-04-05 08:30+05:30,Unknown,AI
ec578657-f8ee-4f77-814e-ea57365fe007,SG 252,OK-TVR,BOM,DEL,2025-04-05 05:55:00+05:30,2025-04-05 05:55+05:30,2025-04-05 08:20+05:30,2025-04-05 07:53+05:30,Departed,SG
4b708ffe-8ac6-430c-a522-65a086e51d91,IX 1237,Unknown,BOM,IXR,2025-04-05 05:55:00+05:30,2025-04-05 05:55+05:30,2025-04-05 08:15+05:30,2025-04-05 08:15+05:30,Unknown,IX
c2782335-270f-4084-8f4e-16bda0588620,AI 697,VT-SCQ,BOM,BDQ,2025-04-05 05:55:00+05:30,2025-04-05 05:55+05:30,2025-04-05 07:15+05:30,2025-04-05 07:15+05:30,Unknown,AI
79dc9687-55c5-41d6-be6b-801b35a520e2,AI 2954,Unknown,BOM,DEL,2025-04-05 05:55:00+05:30,2025-04-05 05:55+05:30,2025-04-05 08:05+05:30,2025-04-05 08:05+05:30,Departed,AI
449e3f70-318c-4b80-b6c1-8bdca2527e40,IX 1069,VT-BWR,BOM,IXR,2025-04-05 06:00:00+05:30,2025-04-05 06:00+05:30,2025-04-05 08:20+05:30,2025-04-05 08:20+05:30,Unknown,IX
e45ea01d-9625-43a9-9424-cd17421b64f8,AI 2845,VT-TVF,BOM,BLR,2025-04-05 06:00:00+05:30,2025-04-05 06:00+05:30,2025-04-05 07:45+05:30,2025-04-05 07:49+05:30,Departed,AI
3a45a87a-f1be-4bc6-92a6-d58d5efea725,AI 2625,Unknown,BOM,HYD,2025-04-05 06:00:00+05:30,2025-04-05 06:00+05:30,2025-04-05 07:25+05:30,2025-04-05 07:25+05:30,Unknown,AI
a5651422-e32b-448b-a223-44863f1ef6fa,6E 762,Unknown,BOM,DEL,2025-04-05 06:00:00+05:30,2025-04-05 06:00+05:30,2025-04-05 08:00+05:30,2025-04-05 07:57+05:30,Departed,6E
0f25f3c1-363e-45de-910e-df2d62ec8f0b,QP 1891,Unknown,BOM,SXR,2025-04-05 06:05:00+05:30,2025-04-05 06:05+05:30,2025-04-05 08:45+05:30,2025-04-05 08:45+05:30,Unknown,QP
2535a51d-0ea4-4ea9-9271-28c715fb987e,6E 5352,VT-IMY,BOM,BLR,2025-04-05 06:05:00+05:30,2025-04-05 06:05+05:30,2025-04-05 07:55+05:30,2025-04-05 07:59+05:30,Departed,6E
90a8e462-48b1-4e54-afea-8236a079a509,AI 2509,Unknown,BOM,IXC,2025-04-05 06:10:00+05:30,2025-04-05 06:10+05:30,2025-04-05 08:20+05:30,2025-04-05 08:20+05:30,Unknown,AI
e2bc1142-e22d-4409-8af8-110e5481beb1,6E 6058,VT-IIJ,BOM,NAG,2025-04-05 06:10:00+05:30,2025-04-05 06:10+05:30,2025-04-05 07:45+05:30,2025-04-05 07:45+05:30,Unknown,6E
1a1fe9e6-09b7-4dca-b5f0-b83ca9cb73c2,6E 6794,Unknown,BOM,UDR,2025-04-05 06:15:00+05:30,2025-04-05 06:15+05:30,2025-04-05 07:40+05:30,2025-04-05 07:40+05:30,Unknown,6E
925fbcfa-2123-44d3-b869-4368eda9349d,AI 2507,Unknown,BOM,CJB,2025-04-05 06:20:00+05:30,2025-04-05 06:20+05:30,2025-04-05 08:25+05:30,2025-04-05 08:25+05:30,Unknown,AI
7892bd7d-9d7a-4ab2-a0df-0243fc8f9871,6E 5223,Unknown,BOM,RPR,2025-04-05 06:20:00+05:30,2025-04-05 06:20+05:30,2025-04-05 08:15+05:30,2025-04-05 08:15+05:30,Unknown,6E
cb51a0b3-d8c7-4762-bbb5-903e05c24acb,6E 446,VT-IIM,BOM,AMD,2025-04-05 06:20:00+05:30,2025-04-05 06:20+05:30,2025-04-05 07:40+05:30,2025-04-05 07:40+05:30,Unknown,6E
81f7ea87-6a3c-4982-a0ee-219c72ef32d2,OV 760,Unknown,BOM,MCT,2025-04-05 06:25:00+05:30,2025-04-05 06:25+05:30,2025-04-05 07:25+04:00,2025-04-05 07:25+04:00,Unknown,OV
0eae9709-46b0-487b-83f7-61f8136f2fdc,AI 2539,VT-TNH,BOM,AMD,2025-04-05 06:25:00+05:30,2025-04-05 06:25+05:30,2025-04-05 07:50+05:30,2025-04-05 07:50+05:30,Unknown,AI
5cc19eb1-ac7c-4b81-8a31-136e024e83da,6E 5188,Unknown,BOM,MAA,2025-04-05 06:25:00+05:30,2025-04-05 06:25+05:30,2025-04-05 08:30+05:30,2025-04-05 08:30+05:30,Unknown,6E
0fff925c-235e-4350-82e0-6272b1869ea1,SG 115,VT-SGV,BOM,Unknown,2025-04-05 06:30:00+05:30,2025-04-05 06:30+05:30,Unknown,Unknown,Unknown,SG
4c1afc1c-af0f-4197-8d94-8f8b43d8f0d1,GF 57,A9C-NA,BOM,BAH,2025-04-05 06:30:00+05:30,2025-04-05 06:30+05:30,2025-04-05 07:30+03:00,2025-04-05 07:30+03:00,Unknown,GF
2185590f-6de0-4d74-bb36-f85ad3560dd7,AI 2928,VT-TQC,BOM,DEL,2025-04-05 06:30:00+05:30,2025-04-05 06:30+05:30,2025-04-05 08:40+05:30,2025-04-05 08:40+05:30,Departed,AI
049ccaf0-921e-48a5-84f7-7ae8d67e54c3,AI 2603,VT-RTV,BOM,BLR,2025-04-05 06:35:00+05:30,2025-04-05 06:35+05:30,2025-04-05 08:30+05:30,2025-04-05 08:16+05:30,Departed,AI
cf791829-01da-4694-ac55-ba241d88cd83,6E 1601,Unknown,BOM,CGK,2025-04-05 06:35:00+05:30,2025-04-05 06:35+05:30,2025-04-05 14:50+07:00,2025-04-05 14:50+07:00,Unknown,6E
7165600f-6ab5-4c8a-b82e-d12be0fd49a3,TK 721,Unknown,BOM,IST,2025-04-05 06:40:00+05:30,2025-04-05 06:40+05:30,2025-04-05 10:55+03:00,2025-04-05 11:10+03:00,Expected,TK
fc32c021-3a06-4eec-891b-54f1fb8966c1,AI 2821,VT-RTS,BOM,MAA,2025-04-05 06:40:00+05:30,2025-04-05 06:40+05:30,2025-04-05 08:55+05:30,2025-04-05 08:55+05:30,Unknown,AI
2db0999b-ede6-41da-a454-1e014fab8280,6E 294,Unknown,BOM,IDR,2025-04-05 06:40:00+05:30,2025-04-05 06:40+05:30,2025-04-05 08:00+05:30,2025-04-05 08:00+05:30,Unknown,6E
129567ae-1c5c-4c2d-9170-18e7f28b12ae,KQ 205,Unknown,BOM,NBO,2025-04-05 06:45:00+05:30,2025-04-05 06:45+05:30,2025-04-05 10:30+03:00,2025-04-05 10:30+03:00,Unknown,KQ
1b93a072-e030-4c6c-bccd-b359f2cc4557,AI 601,VT-PPL,BOM,BHJ,2025-04-05 06:50:00+05:30,2025-04-05 06:50+05:30,2025-04-05 08:05+05:30,2025-04-05 08:05+05:30,Unknown,AI
f22256b9-02bd-4609-bdd2-84791046f5cd,AI 2771,Unknown,BOM,CCU,2025-04-05 06:50:00+05:30,2025-04-05 06:50+05:30,2025-04-05 09:30+05:30,2025-04-05 09:30+05:30,Unknown,AI
8e027714-fd8a-4826-9367-499d583433e8,SG 944,VT-SLG,BOM,SXR,2025-04-05 07:00:00+05:30,2025-04-05 07:00+05:30,2025-04-05 09:20+05:30,2025-04-05 09:20+05:30,Unknown,SG
a252b265-3e49-4ca7-ac15-9a1705c46e22,AI 2873,VT-TQA,BOM,HYD,2025-04-05 07:00:00+05:30,2025-04-05 07:00+05:30,2025-04-05 08:40+05:30,2025-04-05 08:40+05:30,Unknown,AI
084bade6-7b84-40e5-bb8b-4152aed88653,AI 2424,VT-TNZ,BOM,DEL,2025-04-05 07:00:00+05:30,2025-04-05 07:00+05:30,2025-04-05 09:15+05:30,2025-04-05 09:07+05:30,Departed,AI
db76aefd-5224-4785-9d2c-32d957a6f657,6E 301,Unknown,BOM,DEL,2025-04-05 07:00:00+05:30,2025-04-05 07:00+05:30,2025-04-05 09:10+05:30,2025-04-05 09:10+05:30,Departed,6E
92f32509-28e8-4fc5-b8bc-108eece27585,QP 1410,Unknown,BOM,DEL,2025-04-05 07:05:00+05:30,2025-04-05 07:05+05:30,2025-04-05 09:20+05:30,2025-04-05 09:20+05:30,Departed,QP
d040363d-e2f7-44cc-9c0b-8ef32cf2470e,6E 5159,Unknown,BOM,SXR,2025-04-05 07:10:00+05:30,2025-04-05 07:10+05:30,2025-04-05 09:50+05:30,2025-04-05 09:50+05:30,Unknown,6E
d38fd111-8965-485f-aebf-6020cbd29d71,KU 304,9K-AKQ,BOM,KWI,2025-04-05 07:15:00+05:30,2025-04-05 07:15+05:30,2025-04-05 09:05+03:00,2025-04-05 09:05+03:00,Unknown,KU
0ed2a058-04bc-495a-96b7-cf573bc20d5e,6E 17,Unknown,BOM,IST,2025-04-05 07:15:00+05:30,2025-04-05 07:15+05:30,2025-04-05 11:35+03:00,2025-04-05 11:45+03:00,Expected,6E
5a0eeb51-c192-46a9-85a0-a6b4d53daf09,6E 5246,Unknown,BOM,HYD,2025-04-05 07:20:00+05:30,2025-04-05 07:20+05:30,2025-04-05 08:50+05:30,2025-04-05 08:50+05:30,Unknown,6E
ee400c3c-09ec-48d9-8385-5602308e7f92,UK 183,Unknown,BOM,DAC,2025-04-05 07:25:00+05:30,2025-04-05 07:25+05:30,2025-04-05 10:45+06:00,2025-04-05 10:45+06:00,Unknown,UK
13cbb8e0-5222-417d-b946-d797b7628ff1,AI 2183,VT-TNI,BOM,DAC,2025-04-05 07:25:00+05:30,2025-04-05 07:25+05:30,2025-04-05 10:45+06:00,2025-04-05 10:45+06:00,Unknown,AI
822950e0-ad8b-46d8-ae4a-35daadb2e173,AI 623,VT-EXL,BOM,COK,2025-04-05 07:25:00+05:30,2025-04-05 07:25+05:30,2025-04-05 09:30+05:30,2025-04-05 09:30+05:30,Unknown,AI
ff932747-229d-47d8-b860-84f7f28b2e6c,6E 5284,Unknown,BOM,Unknown,2025-04-05 07:25:00+05:30,2025-04-05 07:25+05:30,Unknown,Unknown,Unknown,6E
d2bfcabf-7929-4542-ad7f-6b463a484079,6E 5172,Unknown,BOM,BHO,2025-04-05 07:25:00+05:30,2025-04-05 07:25+05:30,2025-04-05 09:00+05:30,2025-04-05 09:00+05:30,Unknown,6E
c844f143-e091-4879-8023-60e9327ad508,AI 2930,VT-TVD,BOM,DEL,2025-04-05 07:30:00+05:30,2025-04-05 07:30+05:30,2025-04-05 09:45+05:30,2025-04-05 10:19+05:30,Departed,AI
ac501b7b-a0f1-47db-8dd8-8fe7b740c2a2,6E 5296,VT-ICS,BOM,BLR,2025-04-05 07:30:00+05:30,2025-04-05 07:30+05:30,2025-04-05 09:30+05:30,2025-04-05 09:40+05:30,Departed,6E
a845f9ad-df07-4a24-8c87-2718d6f53960,9I 611,VT-AIU,BOM,AMD,2025-04-05 07:35:00+05:30,2025-04-05 07:35+05:30,2025-04-05 09:20+05:30,2025-04-05 09:20+05:30,Unknown,9I
56aa04e4-520b-4f29-8cbd-e508ce00c61d,6E 802,Unknown,BOM,IXL,2025-04-05 07:35:00+05:30,2025-04-05 07:35+05:30,2025-04-05 10:20+05:30,2025-04-05 10:20+05:30,Unknown,6E
12cdcc4b-26f6-4a6f-a8b4-5db80e491dcf,6E 5108,Unknown,BOM,CJB,2025-04-05 07:35:00+05:30,2025-04-05 07:35+05:30,2025-04-05 09:30+05:30,2025-04-05 09:30+05:30,Unknown,6E
081a5f82-fdb9-4616-8cec-842551ef4019,AI 2591,Unknown,BOM,IDR,2025-04-05 07:40:00+05:30,2025-04-05 07:40+05:30,2025-04-05 09:10+05:30,2025-04-05 09:10+05:30,Unknown,AI
5fcb46b6-9f56-4b3a-b5e5-9b67acf9412c,6E 6543,Unknown,BOM,VNS,2025-04-05 07:40:00+05:30,2025-04-05 07:40+05:30,2025-04-05 09:55+05:30,2025-04-05 09:55+05:30,Unknown,6E
a302935d-d4ad-4bb4-aacf-dbd3869131bf,AI 2354,VT-EXQ,BOM,BKK,2025-04-05 07:45:00+05:30,2025-04-05 07:45+05:30,2025-04-05 13:35+07:00,2025-04-05 13:59+07:00,Departed,AI
a22119c2-3727-4ead-986d-583ebfdff27a,6E 5329,Unknown,BOM,CCU,2025-04-05 07:45:00+05:30,2025-04-05 07:45+05:30,2025-04-05 10:45+05:30,2025-04-05 10:45+05:30,Unknown,6E
f0c66b6e-2123-4fb9-bf3d-937d2449c44e,AI 2851,VT-ATV,BOM,BLR,2025-04-05 07:50:00+05:30,2025-04-05 07:50+05:30,2025-04-05 09:45+05:30,2025-04-05 10:01+05:30,Departed,AI
e649ed1d-138d-4a31-a013-413e60a95869,6E 1451,Unknown,BOM,DXB,2025-04-05 07:50:00+05:30,2025-04-05 07:50+05:30,2025-04-05 09:40+04:00,2025-04-05 09:40+04:00,Unknown,6E
d5160806-18ac-4f7d-a8fd-6477fa4ac8cc,6E 5305,VT-IFI,BOM,IXB,2025-04-05 07:55:00+05:30,2025-04-05 07:55+05:30,2025-04-05 10:55+05:30,2025-04-05 10:55+05:30,Unknown,6E
d5d34268-7ec3-44e1-8a3c-24f16519ed43,6E 674,Unknown,COK,BOM,2025-04-04 17:50:00+05:30,2025-04-04 17:50+05:30,2025-04-04 20:00+05:30,2025-04-04 20:00+05:30,Unknown,6E
a622aab8-e784-4c28-8653-696f9ea0e694,AI 441,VT-ALM,DEL,BOM,2025-04-04 17:15:00+05:30,2025-04-04 17:15+05:30,2025-04-04 20:05+05:30,2025-04-04 20:05+05:30,Expected,AI
14fd7f7d-74f1-43fc-a2b4-3d0c77666135,AI 2854,VT-TQP,BLR,BOM,2025-04-04 17:55:00+05:30,2025-04-04 17:55+05:30,2025-04-04 20:05+05:30,2025-04-04 20:05+05:30,Expected,AI
862db5d9-a52a-42ae-a637-5173a18e2edf,AI 2955,VT-TNY,DEL,BOM,2025-04-04 17:55:00+05:30,2025-04-04 17:55+05:30,2025-04-04 20:15+05:30,2025-04-04 20:15+05:30,Expected,AI
687598aa-62b5-4b11-bdd8-f775a398a78e,6E 5367,TC-MKC,MAA,BOM,2025-04-04 18:20:00+05:30,2025-04-04 18:20+05:30,2025-04-04 20:15+05:30,2025-04-04 20:15+05:30,Unknown,6E
613d6238-ea81-4e63-9a1e-e424a4ba6a0e,6E 5242,Unknown,GOI,BOM,2025-04-04 19:05:00+05:30,2025-04-04 19:05+05:30,2025-04-04 20:15+05:30,2025-04-04 20:15+05:30,Unknown,6E
68563b8d-dd07-4a90-bbe8-e982a8d38052,6E 6951,Unknown,GOP,BOM,2025-04-04 17:55:00+05:30,2025-04-04 17:55+05:30,2025-04-04 20:20+05:30,2025-04-04 20:20+05:30,Unknown,6E
4cd04355-5a7a-4bd4-b538-a380613764dc,6E 6706,Unknown,DEL,BOM,2025-04-04 18:00:00+05:30,2025-04-04 18:00+05:30,2025-04-04 20:20+05:30,2025-04-04 20:20+05:30,Expected,6E
cdcadfd8-d5c0-4e73-89df-6ffa80d27c43,6E 1304,Unknown,DOH,BOM,2025-04-04 14:15:00+03:00,2025-04-04 14:02+03:00,2025-04-04 20:20+05:30,2025-04-04 20:20+05:30,Expected,6E
b32c99bf-e31c-49c3-9116-1a39d6d5d3b1,AI 2774,Unknown,CCU,BOM,2025-04-04 17:30:00+05:30,2025-04-04 17:30+05:30,2025-04-04 20:25+05:30,2025-04-04 20:25+05:30,Unknown,AI
d0719f52-bacc-4a5c-b7c2-be6347c23b6f,6E 6342,Unknown,GAU,BOM,2025-04-04 17:00:00+05:30,2025-04-04 17:00+05:30,2025-04-04 20:25+05:30,2025-04-04 20:25+05:30,Unknown,6E
6c42313a-b38c-4d47-925d-7d81bd6c3af4,6E 5157,Unknown,DED,BOM,2025-04-04 18:05:00+05:30,2025-04-04 18:05+05:30,2025-04-04 20:30+05:30,2025-04-04 20:30+05:30,Unknown,6E
89322cf4-a7c4-498b-8fec-a2c16b0921bc,6E 5039,VT-ILU,HYD,BOM,2025-04-04 19:00:00+05:30,2025-04-04 19:00+05:30,2025-04-04 20:35+05:30,2025-04-04 20:35+05:30,Unknown,6E
f0903c81-aeea-4d82-a185-57442f9317aa,IX 1219,VT-BWR,JAI,BOM,2025-04-04 18:40:00+05:30,2025-04-04 18:40+05:30,2025-04-04 20:45+05:30,2025-04-04 20:45+05:30,Unknown,IX
39b3df55-6449-4757-afc3-83ca29ef80b7,EK 508,A6-EGI,DXB,BOM,2025-04-04 16:00:00+04:00,2025-04-04 16:00+04:00,2025-04-04 20:45+05:30,2025-04-04 20:45+05:30,Unknown,EK
257a1dda-4256-49e9-af20-f58c20f6328f,AI 2660,VT-TNU,IXC,BOM,2025-04-04 17:50:00+05:30,2025-04-04 17:50+05:30,2025-04-04 20:45+05:30,2025-04-04 20:45+05:30,Unknown,AI
29522abb-5b68-4acd-b388-9558ded9d2a3,6E 1602,Unknown,CGK,BOM,2025-04-04 15:50:00+07:00,2025-04-04 15:50+07:00,2025-04-04 20:50+05:30,2025-04-04 20:50+05:30,Unknown,6E
cc35cbbf-2838-4c54-a636-09c839932b93,SG 197,VT-SYZ,GOP,BOM,2025-04-04 18:40:00+05:30,2025-04-04 18:40+05:30,2025-04-04 20:55+05:30,2025-04-04 20:55+05:30,Unknown,SG
9bdb1ae5-488f-4550-ae81-18b516965212,GF 64,A9C-AC,BAH,BOM,2025-04-04 14:30:00+03:00,2025-04-04 14:30+03:00,2025-04-04 20:55+05:30,2025-04-04 20:55+05:30,Unknown,GF
180e57ba-6856-474c-8ad5-93b6ee934984,6E 5324,VT-IMD,JAI,BOM,2025-04-04 19:05:00+05:30,2025-04-04 19:05+05:30,2025-04-04 20:55+05:30,2025-04-04 20:55+05:30,Unknown,6E
d92ea9d6-8626-46ce-8f06-9a738d01db2c,SG 709,Unknown,DEL,BOM,2025-04-04 18:25:00+05:30,2025-04-04 20:38+05:30,2025-04-04 21:05+05:30,2025-04-04 21:05+05:30,Expected,SG
4f5a9e82-7746-46ff-b045-e3e48380e819,AI 599,VT-SCQ,VGA,BOM,2025-04-04 19:10:00+05:30,2025-04-04 19:10+05:30,2025-04-04 21:05+05:30,2025-04-04 21:05+05:30,Unknown,AI
3337f488-85b3-4832-9496-b414cb5d4feb,6E 5376,VT-IBQ,BLR,BOM,2025-04-04 19:15:00+05:30,2025-04-04 19:35+05:30,2025-04-04 21:05+05:30,2025-04-04 21:05+05:30,Expected,6E
a1c4b0a6-daa4-487b-b757-6ed6b6ea761a,6E 276,VT-IJG,RJA,BOM,2025-04-04 19:15:00+05:30,2025-04-04 19:15+05:30,2025-04-04 21:05+05:30,2025-04-04 21:05+05:30,Unknown,6E
25632324-e589-49e3-bffa-207dd1395593,6E 5175,Unknown,NAG,BOM,2025-04-04 19:35:00+05:30,2025-04-04 19:35+05:30,2025-04-04 21:10+05:30,2025-04-04 21:10+05:30,Unknown,6E
ed7c1e45-6dd6-410a-b786-02bf1db6a009,G9 401,A6-ANQ,SHJ,BOM,2025-04-04 16:35:00+04:00,2025-04-04 16:35+04:00,2025-04-04 21:15+05:30,2025-04-04 21:15+05:30,Unknown,G9
3cd40ac8-8b90-4c94-bbf4-a21cf525cbc1,SG 60,9H-TJF,DXB,BOM,2025-04-04 16:00:00+04:00,2025-04-04 16:00+04:00,2025-04-04 21:20+05:30,2025-04-04 21:20+05:30,Unknown,SG
828f3c74-e909-4f9b-89df-f5f3125ceb86,6E 708,VT-ISQ,LKO,BOM,2025-04-04 19:00:00+05:30,2025-04-04 19:00+05:30,2025-04-04 21:20+05:30,2025-04-04 21:20+05:30,Unknown,6E
f8515008-8cf2-4215-aa3b-56699ef8a3f9,6E 354,Unknown,DEL,BOM,2025-04-04 19:00:00+05:30,2025-04-04 19:00+05:30,2025-04-04 21:20+05:30,2025-04-04 21:20+05:30,Expected,6E
e950045e-92a6-4e8e-b242-2b9cecb12c0c,QP 1504,Unknown,GAU,BOM,2025-04-04 17:55:00+05:30,2025-04-04 17:55+05:30,2025-04-04 21:25+05:30,2025-04-04 21:25+05:30,Unknown,QP
61dfe2ac-39c2-48d5-a0fa-6c08826bdab2,CX 685,B-KQY,HKG,BOM,2025-04-04 17:15:00+08:00,2025-04-04 17:15+08:00,2025-04-04 21:25+05:30,2025-04-04 21:25+05:30,Expected,CX
8b723d44-d72c-4ae8-9e0b-dbbe12ca80b3,6E 854,VT-IFI,UDR,BOM,2025-04-04 19:40:00+05:30,2025-04-04 19:40+05:30,2025-04-04 21:25+05:30,2025-04-04 21:25+05:30,Unknown,6E
692aa918-d431-4bff-b5e6-6c8b966f2732,AI 2610,VT-TQE,BLR,BOM,2025-04-04 19:20:00+05:30,2025-04-04 19:20+05:30,2025-04-04 21:30+05:30,2025-04-04 21:30+05:30,Expected,AI
f132c223-e069-4f6d-820b-7a934340d921,6E 5160,Unknown,AMD,BOM,2025-04-04 20:30:00+05:30,2025-04-04 20:30+05:30,2025-04-04 21:30+05:30,2025-04-04 21:30+05:30,Unknown,6E
778ff488-b21f-4ac5-9e0a-66ffb8b3c1b4,VN 979,VN-A398,SGN,BOM,2025-04-04 17:45:00+07:00,2025-04-04 17:45+07:00,2025-04-04 21:35+05:30,2025-04-04 21:35+05:30,Unknown,VN
f3a99ae7-5199-4b0c-8660-2707779aaffc,IX 1241,Unknown,GOI,BOM,2025-04-04 20:10:00+05:30,2025-04-04 20:10+05:30,2025-04-04 21:35+05:30,2025-04-04 21:35+05:30,Unknown,IX
de12b542-a63d-4b5d-8a0e-b9f9b32dad1b,SG 510,VT-SLG,DED,BOM,2025-04-04 19:10:00+05:30,2025-04-04 19:10+05:30,2025-04-04 21:40+05:30,2025-04-04 21:40+05:30,Unknown,SG
a3745ace-335b-4718-b13c-296d842f177b,6E 6279,Unknown,Unknown,BOM,,Unknown,2025-04-04 21:40+05:30,2025-04-04 21:40+05:30,Unknown,6E
23460e70-3135-4d19-93e5-e75a0ab9661c,6E 459,VT-ISK,BBI,BOM,2025-04-04 19:05:00+05:30,2025-04-04 19:05+05:30,2025-04-04 21:40+05:30,2025-04-04 21:40+05:30,Unknown,6E
36289559-5c62-4235-98cd-70067579372f,LX 154,HB-JHI,ZRH,BOM,2025-04-04 09:45:00+02:00,2025-04-04 10:05+02:00,2025-04-04 21:45+05:30,2025-04-04 21:45+05:30,Expected,LX
3d79681c-5eef-41d8-a225-c212f9e05d96,AI 2864,VT-TQF,BLR,BOM,2025-04-04 19:45:00+05:30,2025-04-04 19:45+05:30,2025-04-04 21:50+05:30,2025-04-04 21:50+05:30,Expected,AI
d72efca8-68c3-4827-949d-b4077341d9ee,TG 317,Unknown,BKK,BOM,2025-04-04 18:55:00+07:00,2025-04-04 19:15+07:00,2025-04-04 21:55+05:30,2025-04-04 21:55+05:30,Expected,TG
aa825246-5f2d-489a-a882-ef8ba4e73f55,AI 2985,Unknown,DEL,BOM,2025-04-04 19:35:00+05:30,2025-04-04 20:25+05:30,2025-04-04 22:00+05:30,2025-04-04 22:00+05:30,Expected,AI
d6f7c7cb-c9b1-48f7-a311-620314de7eee,6E 552,Unknown,IDR,BOM,2025-04-04 20:40:00+05:30,2025-04-04 20:40+05:30,2025-04-04 22:00+05:30,2025-04-04 22:00+05:30,Unknown,6E
357a4874-e71f-431e-85a0-9a77f8e4ad57,AI 640,VT-PPU,MAA,BOM,2025-04-04 19:50:00+05:30,2025-04-04 19:50+05:30,2025-04-04 22:05+05:30,2025-04-04 22:05+05:30,Unknown,AI
e1d45e12-d5c8-4611-90d2-4f60c8ab2d97,AI 622,VT-SCF,JAI,BOM,2025-04-04 19:55:00+05:30,2025-04-04 19:55+05:30,2025-04-04 22:05+05:30,2025-04-04 22:05+05:30,Unknown,AI
0b3be2a6-a2e1-486b-8b94-e17071c96d95,6E 6093,Unknown,IXU,BOM,2025-04-04 20:55:00+05:30,2025-04-04 20:55+05:30,2025-04-04 22:05+05:30,2025-04-04 22:05+05:30,Unknown,6E
da981990-3588-412b-8dc3-723d1ac3eb69,6E 5128,Unknown,CCU,BOM,2025-04-04 19:05:00+05:30,2025-04-04 19:05+05:30,2025-04-04 22:05+05:30,2025-04-04 22:05+05:30,Unknown,6E
8460f354-2926-4ae3-a162-940f70d07edb,SQ 424,9V-SKU,SIN,BOM,2025-04-04 19:00:00+08:00,2025-04-04 19:00+08:00,2025-04-04 22:10+05:30,2025-04-04 22:10+05:30,Expected,SQ
b4362b60-b07b-4f46-92a9-d9aad56aaaaf,AI 638,VT-EXT,AMD,BOM,2025-04-04 20:30:00+05:30,2025-04-04 20:30+05:30,2025-04-04 22:10+05:30,2025-04-04 22:10+05:30,Unknown,AI
6eea9856-41b3-461b-ac0f-e914810577ff,MH 194,9M-MTJ,KUL,BOM,2025-04-04 19:35:00+08:00,2025-04-04 20:52+08:00,2025-04-04 22:15+05:30,2025-04-04 22:15+05:30,Expected,MH
b3f5e907-fecc-4ab5-ab8e-58fd5c7228b9,AI 616,VT-CID,IXC,BOM,2025-04-04 19:45:00+05:30,2025-04-04 19:45+05:30,2025-04-04 22:15+05:30,2025-04-04 22:15+05:30,Unknown,AI
7d086269-be41-4e86-845b-88de138589a9,6E 6795,VT-IIH,IXE,BOM,2025-04-04 20:25:00+05:30,2025-04-04 20:25+05:30,2025-04-04 22:20+05:30,2025-04-04 22:20+05:30,Unknown,6E
79fb54a9-6837-4df2-9b83-03503706c765,6E 5149,Unknown,MAA,BOM,2025-04-04 20:10:00+05:30,2025-04-04 20:10+05:30,2025-04-04 22:20+05:30,2025-04-04 22:20+05:30,Unknown,6E
81bf4a1e-54d9-44d5-b3d7-948380ad0aef,6E 2163,Unknown,DEL,BOM,2025-04-04 20:00:00+05:30,2025-04-04 20:00+05:30,2025-04-04 22:20+05:30,2025-04-04 22:20+05:30,Expected,6E
51bfc7c7-a8d3-4788-8d5c-d1efc4c76d09,OD 215,9M-LCF,KUL,BOM,2025-04-04 19:55:00+08:00,2025-04-04 21:39+08:00,2025-04-04 22:25+05:30,2025-04-04 22:25+05:30,Expected,OD
5f775780-9f3f-4dbd-ab8e-239a507c34fa,AI 2805,Unknown,DEL,BOM,2025-04-04 20:00:00+05:30,2025-04-04 20:36+05:30,2025-04-04 22:25+05:30,2025-04-04 22:25+05:30,Expected,AI
417cb0a4-cea8-4727-8df3-d4783e9dc674,6E 679,Unknown,BDQ,BOM,2025-04-04 21:00:00+05:30,2025-04-04 21:00+05:30,2025-04-04 22:25+05:30,2025-04-04 22:25+05:30,Unknown,6E
f5d7a7c8-2f09-469f-b5e9-e6ecb37f4133,AI 2850,VT-TQA,BLR,BOM,2025-04-04 20:25:00+05:30,2025-04-04 20:25+05:30,2025-04-04 22:35+05:30,2025-04-04 22:35+05:30,Expected,AI
a3ce36dc-7b1e-4f6a-ae73-39f90af727ce,SG 269,OK-TVR,Unknown,BOM,,Unknown,2025-04-04 22:40+05:30,2025-04-04 22:40+05:30,Unknown,SG
a911bf46-500e-4015-a1cd-7db9c68c0042,AI 699,VT-PPH,COK,BOM,2025-04-04 20:10:00+05:30,2025-04-04 20:10+05:30,2025-04-04 22:40+05:30,2025-04-04 22:40+05:30,Unknown,AI
61383ef0-fdb5-4e68-b0b4-b0db6cb7ea47,6E 5094,VT-IMX,BLR,BOM,2025-04-04 20:45:00+05:30,2025-04-04 22:00+05:30,2025-04-04 22:40+05:30,2025-04-04 22:40+05:30,Expected,6E
a3c7412d-02eb-4a50-b7cc-3b9eb698f81a,AI 2876,VT-TNX,HYD,BOM,2025-04-04 20:40:00+05:30,2025-04-04 20:40+05:30,2025-04-04 22:45+05:30,2025-04-04 22:45+05:30,Unknown,AI
f0ded8f5-2780-4bd7-b743-3e827027401d,6E 5114,Unknown,CJB,BOM,2025-04-04 20:40:00+05:30,2025-04-04 20:40+05:30,2025-04-04 22:50+05:30,2025-04-04 22:50+05:30,Unknown,6E
b4dd4e63-d7c0-4e03-8127-0702498b278f,6E 215,Unknown,SXR,BOM,2025-04-04 20:00:00+05:30,2025-04-04 20:00+05:30,2025-04-04 23:00+05:30,2025-04-04 23:00+05:30,Unknown,6E
a06067c2-bdae-4a85-8d86-e9b2f5442154,AI 2957,Unknown,DEL,BOM,2025-04-04 20:30:00+05:30,2025-04-04 21:13+05:30,2025-04-04 23:05+05:30,2025-04-04 23:05+05:30,Expected,AI
1e72c273-7d70-4ebb-aeac-37b1ee7c25ad,6E 1454,Unknown,DXB,BOM,2025-04-04 17:55:00+04:00,2025-04-04 17:55+04:00,2025-04-04 23:05+05:30,2025-04-04 23:05+05:30,Unknown,6E
5e9695c8-3861-45d3-ba3c-64328da962f8,6E 1012,Unknown,SIN,BOM,2025-04-04 19:45:00+08:00,2025-04-04 19:45+08:00,2025-04-04 23:05+05:30,2025-04-04 23:05+05:30,Expected,6E
1e735fd6-1ce5-4de2-a603-5ab0dd792d74,SL 218,HS-LUP,DMK,BOM,2025-04-04 20:25:00+07:00,2025-04-04 20:32+07:00,2025-04-04 23:10+05:30,2025-04-04 23:10+05:30,Expected,SL
2d7e4ff2-5837-4a6b-9cfe-f84b333e0b45,AI 2514,VT-TYB,Unknown,BOM,,Unknown,2025-04-04 23:10+05:30,2025-04-04 23:10+05:30,Unknown,AI
775ebb6b-8450-49d7-8955-a16a63ff31e4,QP 1366,VT-YBD,BLR,BOM,2025-04-04 21:00:00+05:30,2025-04-04 21:15+05:30,2025-04-04 23:15+05:30,2025-04-04 23:15+05:30,Expected,QP
759ce062-3efc-414e-ba6f-6ea8adff47dd,AI 2981,VT-TVD,DEL,BOM,2025-04-04 20:55:00+05:30,2025-04-04 21:29+05:30,2025-04-04 23:20+05:30,2025-04-04 23:20+05:30,Expected,AI
3c1ddfd9-7a7d-45ed-bb4e-739cf68a8830,AI 2656,Unknown,TRV,BOM,2025-04-04 20:40:00+05:30,2025-04-04 20:40+05:30,2025-04-04 23:20+05:30,2025-04-04 23:20+05:30,Unknown,AI
48c16a0f-f5a0-4741-8661-b134fd223f8c,AI 2108,VT-TVC,SIN,BOM,2025-04-04 19:40:00+08:00,2025-04-04 19:40+08:00,2025-04-04 23:20+05:30,2025-04-04 23:20+05:30,Expected,AI
14ea4bef-8599-4144-a2fd-fb8249aa7d59,AF 218,F-HUVN,CDG,BOM,2025-04-04 10:50:00+02:00,2025-04-04 11:33+02:00,2025-04-04 23:20+05:30,2025-04-04 23:20+05:30,Expected,AF
d3a47cd6-7018-4788-8364-461ec7b0e18c,6E 395,Unknown,DEL,BOM,2025-04-04 21:00:00+05:30,2025-04-04 21:00+05:30,2025-04-04 23:25+05:30,2025-04-04 23:25+05:30,Expected,6E
d7356e62-4469-40c3-b664-30d22a4be9e4,6E 1430,VT-IVX,AUH,BOM,2025-04-04 18:45:00+04:00,2025-04-04 18:45+04:00,2025-04-04 23:30+05:30,2025-04-04 23:30+05:30,Unknown,6E
81a7f746-ce89-4a7f-91ac-8498e85ae5de,AI 2645,VT-TQN,BLR,BOM,2025-04-04 21:25:00+05:30,2025-04-04 21:50+05:30,2025-04-04 23:35+05:30,2025-04-04 23:35+05:30,Expected,AI
79330e2a-66fa-4e92-9282-0c90f065e379,VJ 907,VN-A532,HAN,BOM,2025-04-04 20:10:00+07:00,2025-04-04 20:10+07:00,2025-04-04 23:40+05:30,2025-04-04 23:40+05:30,Unknown,VJ
5a2d3af7-23a5-432c-91a5-0dc4d6e37b28,IX 1163,Unknown,DEL,BOM,2025-04-04 21:10:00+05:30,2025-04-04 22:00+05:30,2025-04-04 23:40+05:30,2025-04-04 23:40+05:30,Expected,IX
dfa8a062-bcf0-480f-8aee-b6871d53b695,BA 139,G-ZBKD,LHR,BOM,2025-04-04 09:40:00+01:00,2025-04-04 10:26+01:00,2025-04-04 23:40+05:30,2025-04-04 23:40+05:30,Expected,BA
7f0b8317-93e4-4538-8c2d-eae1d10d5249,6E 6598,Unknown,IDR,BOM,2025-04-04 22:20:00+05:30,2025-04-04 22:20+05:30,2025-04-04 23:45+05:30,2025-04-04 23:45+05:30,Unknown,6E
024b43eb-3e6f-496e-ab70-d1ed43fe47fc,6E 5203,VT-ILZ,HYD,BOM,2025-04-04 22:05:00+05:30,2025-04-04 22:05+05:30,2025-04-04 23:45+05:30,2025-04-04 23:45+05:30,Unknown,6E
1524b353-e83e-4efd-b040-8a1a1291bd02,VZ 760,HS-VKF,BKK,BOM,2025-04-04 21:05:00+07:00,2025-04-04 20:59+07:00,2025-04-04 23:50+05:30,2025-04-04 23:50+05:30,Expected,VZ
4e7dd4f6-281b-40e7-aac1-2b907bdaadf8,LH 766,D-AIVC,MUC,BOM,2025-04-04 12:30:00+02:00,2025-04-04 12:30+02:00,2025-04-04 23:50+05:30,2025-04-04 23:50+05:30,Expected,LH
337f3ffe-b937-43ba-872d-e0442bcfab86,AI 920,VT-EXV,DXB,BOM,2025-04-04 18:55:00+04:00,2025-04-04 18:55+04:00,2025-04-04 23:50+05:30,2025-04-04 23:50+05:30,Unknown,AI
5140cd02-a007-4785-9c50-115887dc96c8,AI 2733,Unknown,CJB,BOM,2025-04-04 21:35:00+05:30,2025-04-04 21:35+05:30,2025-04-04 23:50+05:30,2025-04-04 23:50+05:30,Unknown,AI
07406f2b-2270-4e55-a91a-247216519aee,AI 2584,VT-TZD,NAG,BOM,2025-04-04 22:10:00+05:30,2025-04-04 22:10+05:30,2025-04-04 23:50+05:30,2025-04-04 23:50+05:30,Unknown,AI
1dbf31aa-ab0c-4a3b-a9a9-7b1e8ea4ee43,UK 202,VT-TVA,Unknown,BOM,,Unknown,2025-04-04 23:55+05:30,2025-04-04 23:55+05:30,Unknown,UK
0f7993eb-9625-4b91-804d-110218253a06,AI 2202,VT-TVA,DXB,BOM,2025-04-04 19:15:00+04:00,2025-04-04 19:15+04:00,2025-04-04 23:55+05:30,2025-04-04 23:55+05:30,Unknown,AI
cfc79879-b7c4-4f50-af5d-6f802bb420fe,QP 1125,Unknown,CCU,BOM,2025-04-04 21:05:00+05:30,2025-04-04 21:05+05:30,2025-04-04 23:55+05:30,2025-04-04 23:55+05:30,Unknown,QP
0fd2dbd5-1120-4071-8e68-e85457855b5d,AI 517,VT-EXJ,COK,BOM,2025-04-04 21:30:00+05:30,2025-04-04 21:30+05:30,2025-04-04 23:55+05:30,2025-04-04 23:55+05:30,Unknown,AI
b20d9316-1ae6-45b1-abaf-2f5b3ce190bd,AI 2586,VT-TVH,AMD,BOM,2025-04-04 22:20:00+05:30,2025-04-04 22:20+05:30,2025-04-04 23:55+05:30,2025-04-04 23:55+05:30,Unknown,AI
1d26c599-a281-4087-9956-2e432e0e196c,AI 2482,VT-TNZ,CCU,BOM,2025-04-04 20:55:00+05:30,2025-04-04 20:55+05:30,2025-04-04 23:55+05:30,2025-04-04 23:55+05:30,Unknown,AI
900fa561-ea5c-45f2-88a7-74016928283f,AI 2433,VT-TNI,DEL,BOM,2025-04-04 21:30:00+05:30,2025-04-04 22:02+05:30,2025-04-04 23:55+05:30,2025-04-04 23:55+05:30,Expected,AI
409baedc-91f5-4eac-8d00-34b52d87cca6,6E 5019,Unknown,GOI,BOM,2025-04-05 00:05:00+05:30,2025-04-05 00:05+05:30,2025-04-05 01:15+05:30,2025-04-05 01:15+05:30,Unknown,6E
bb0c5957-3d4c-496f-8930-8a0d9a1a8155,AI 180,VT-AEG,SFO,BOM,2025-04-03 20:30:00-07:00,2025-04-03 20:22-07:00,2025-04-05 02:35+05:30,2025-04-05 02:01+05:30,Expected,AI
cd943c37-4c7f-4d7b-bb4a-2bfe75db475f,6E 803,VT-ISP,AMD,BOM,2025-04-05 01:15:00+05:30,2025-04-05 01:16+05:30,2025-04-05 02:45+05:30,2025-04-05 02:45+05:30,Expected,6E
4ac56cc8-a9d2-43bb-a5bb-ba2f74077aef,IX 1235,VT-BWR,LKO,BOM,2025-04-05 00:20:00+05:30,2025-04-05 00:20+05:30,2025-04-05 02:50+05:30,2025-04-05 02:50+05:30,Unknown,IX
c93f7a1d-74ac-458a-af94-3948bd245d18,IX 1242,Unknown,TRZ,BOM,2025-04-05 01:05:00+05:30,2025-04-05 01:05+05:30,2025-04-05 03:10+05:30,2025-04-05 03:10+05:30,Unknown,IX
6418fb7f-7762-4383-baa6-f8d9a799320e,9I 660,Unknown,IDR,BOM,2025-04-05 01:20:00+05:30,2025-04-05 01:20+05:30,2025-04-05 03:15+05:30,2025-04-05 03:15+05:30,Unknown,9I
ed2473c4-1ee6-48eb-977b-141fe7bf5008,6E 853,Unknown,DEL,BOM,2025-04-05 01:45:00+05:30,2025-04-05 01:45+05:30,2025-04-05 04:15+05:30,2025-04-05 04:15+05:30,Expected,6E
78051ee6-4c59-41fd-9b95-81118788b07f,AI 2421,Unknown,DEL,BOM,2025-04-05 02:15:00+05:30,2025-04-05 02:15+05:30,2025-04-05 04:40+05:30,2025-04-05 04:40+05:30,Expected,AI
cd6e0481-8a88-4964-9da0-9323ec1e04f7,AI 946,VT-EXI,AUH,BOM,2025-04-05 00:15:00+04:00,2025-04-05 00:15+04:00,2025-04-05 04:45+05:30,2025-04-05 04:45+05:30,Unknown,AI
e72277a3-2b2f-4712-b99e-906d10a865bb,6E 5065,Unknown,CCU,BOM,2025-04-05 02:00:00+05:30,2025-04-05 02:00+05:30,2025-04-05 04:50+05:30,2025-04-05 04:50+05:30,Unknown,6E
3a32f295-1464-4444-aedb-2e0b995bcc3b,6E 5323,VT-IMY,BLR,BOM,2025-04-05 03:30:00+05:30,2025-04-05 03:30+05:30,2025-04-05 05:20+05:30,2025-04-05 05:20+05:30,Expected,6E
635597c2-47b3-4dc7-b7b3-5fb82cc4d3c6,OV 759,A4O-OVE,MCT,BOM,2025-04-05 01:15:00+04:00,2025-04-05 01:15+04:00,2025-04-05 05:25+05:30,2025-04-05 05:25+05:30,Unknown,OV
6edc2a1b-3f36-4798-bf61-dbb80f1b6324,6E 1492,VT-IJG,RKT,BOM,2025-04-05 00:50:00+04:00,2025-04-05 00:50+04:00,2025-04-05 05:25+05:30,2025-04-05 05:25+05:30,Unknown,6E
571fe59c-0cf6-4f75-9536-69dcd54e913e,6E 6285,Unknown,AMD,BOM,2025-04-05 04:00:00+05:30,2025-04-05 04:00+05:30,2025-04-05 05:30+05:30,2025-04-05 05:30+05:30,Unknown,6E
66116219-3360-4f50-9126-5c75705bec6f,6E 2766,Unknown,DEL,BOM,2025-04-05 03:55:00+05:30,2025-04-05 03:55+05:30,2025-04-05 06:15+05:30,2025-04-05 06:15+05:30,Expected,6E
39b64d08-acd7-4340-9b94-0c3f1ab5559f,AI 2918,VT-ATV,AMD,BOM,2025-04-05 04:50:00+05:30,2025-04-05 05:01+05:30,2025-04-05 06:20+05:30,2025-04-05 06:20+05:30,Expected,AI
bbed0176-6219-4403-ad51-74e0167c4bed,WY 201,A4O-BK,MCT,BOM,2025-04-05 02:25:00+04:00,2025-04-05 02:25+04:00,2025-04-05 06:40+05:30,2025-04-05 06:40+05:30,Unknown,WY
05923f3f-5dc0-4070-9314-90b7755d5a73,SG 14,VT-SYZ,DXB,BOM,2025-04-05 02:15:00+04:00,2025-04-05 02:15+04:00,2025-04-05 06:45+05:30,2025-04-05 06:45+05:30,Unknown,SG
15ece935-2795-4564-9ed0-94aa7f6195d6,6E 5245,Unknown,HYD,BOM,2025-04-05 05:05:00+05:30,2025-04-05 05:05+05:30,2025-04-05 06:45+05:30,2025-04-05 06:45+05:30,Unknown,6E
dd5d6bce-35cd-4006-91f2-1f3913a9bedb,6E 5205,VT-ICS,BLR,BOM,2025-04-05 04:55:00+05:30,2025-04-05 04:55+05:30,2025-04-05 06:50+05:30,2025-04-05 06:50+05:30,Expected,6E
39093ee4-89c9-4133-b44d-6f679b3f372b,6E 5093,TC-MKC,MAA,BOM,2025-04-05 04:55:00+05:30,2025-04-05 04:55+05:30,2025-04-05 06:55+05:30,2025-04-05 06:55+05:30,Unknown,6E
55884e7b-3474-4b77-885a-74589e88d254,EY 200,A6-EIS,AUH,BOM,2025-04-05 02:20:00+04:00,2025-04-05 02:20+04:00,2025-04-05 07:05+05:30,2025-04-05 07:05+05:30,Unknown,EY
4cf397bd-6a83-4355-aaef-5a3bb23262b5,6E 82,Unknown,DMM,BOM,2025-04-05 00:45:00+03:00,2025-04-05 00:45+03:00,2025-04-05 07:10+05:30,2025-04-05 07:10+05:30,Unknown,6E
07440fc4-f80f-41e9-8f8e-de9e47ebbada,6E 5002,Unknown,NAG,BOM,2025-04-05 05:40:00+05:30,2025-04-05 05:40+05:30,2025-04-05 07:15+05:30,2025-04-05 07:15+05:30,Unknown,6E
e0b070b1-4932-417a-88ca-895ad1bac854,6E 449,Unknown,DEL,BOM,2025-04-05 05:00:00+05:30,2025-04-05 05:00+05:30,2025-04-05 07:20+05:30,2025-04-05 07:20+05:30,Expected,6E
e175894e-66d1-44c5-8081-f09166d6e294,6E 6702,Unknown,COK,BOM,2025-04-05 05:40:00+05:30,2025-04-05 05:40+05:30,2025-04-05 07:40+05:30,2025-04-05 07:40+05:30,Unknown,6E
d1023576-1249-495c-9f50-8a25f2960baf,IX 254,Unknown,SHJ,BOM,2025-04-05 03:05:00+04:00,2025-04-05 03:05+04:00,2025-04-05 07:50+05:30,2025-04-05 07:50+05:30,Unknown,IX
104cef79-bcc8-4596-b8dd-3dbf85759ef1,AI 2872,VT-TNS,HYD,BOM,2025-04-05 06:15:00+05:30,2025-04-05 06:15+05:30,2025-04-05 07:50+05:30,2025-04-05 07:50+05:30,Unknown,AI
d9e53158-4cf7-4c7e-ba83-a0e9585b0a24,6E 5115,Unknown,HYD,BOM,2025-04-05 06:20:00+05:30,2025-04-05 06:20+05:30,2025-04-05 07:50+05:30,2025-04-05 07:50+05:30,Unknown,6E
fdfafd0c-8e09-4a70-b491-b7c9e67e9305,6E 6184,Unknown,IDR,BOM,2025-04-05 06:35:00+05:30,2025-04-05 06:35+05:30,2025-04-05 07:55+05:30,2025-04-05 07:55+05:30,Unknown,6E
e7481ac8-f098-441e-9947-905c277c3019,6E 5282,Unknown,JAI,BOM,2025-04-05 06:05:00+05:30,2025-04-05 06:05+05:30,2025-04-05 07:55+05:30,2025-04-05 07:55+05:30,Unknown,6E
16bf7ee6-b9ea-48f4-88fa-a56d4c84ce92,6E 2175,Unknown,GOI,BOM,2025-04-05 06:45:00+05:30,2025-04-05 06:45+05:30,2025-04-05 07:55+05:30,2025-04-05 07:55+05:30,Unknown,6E
0316bb6e-47b3-45dd-a145-54e6f8793616,6E 486,VT-ICG,BLR,NAG,2025-04-04 20:00:00+05:30,2025-04-04 20:00+05:30,2025-04-04 21:45+05:30,2025-04-04 21:45+05:30,Departed,6E
ec5f3bb2-4d00-4656-a243-f0601c475cdd,6E 6077,VT-IZD,BLR,MAA,2025-04-04 20:05:00+05:30,2025-04-04 20:05+05:30,2025-04-04 21:05+05:30,2025-04-04 21:05+05:30,Departed,6E
69cb812d-90ec-4c79-b36d-c5a9e3261250,SG 873,VT-SLP,BLR,CCU,2025-04-04 20:20:00+05:30,2025-04-04 20:10+05:30,2025-04-04 22:55+05:30,2025-04-04 22:55+05:30,Departed,SG
6ae1f5ac-f581-4565-9325-331606e8569b,IX 1459,VT-BXT,BLR,PAT,2025-04-04 20:10:00+05:30,2025-04-04 20:10+05:30,2025-04-04 23:00+05:30,2025-04-04 23:00+05:30,Departed,IX
78bbab7e-ed6f-4ba1-8723-9b3ba557a70a,AI 519,VT-TQH,BLR,HYD,2025-04-04 20:10:00+05:30,2025-04-04 20:10+05:30,2025-04-04 21:10+05:30,2025-04-04 21:10+05:30,Departed,AI
38c07016-6b3c-4bed-932b-640821fe4e74,6E 6465,YL-LDX,BLR,BHO,2025-04-04 19:40:00+05:30,2025-04-04 20:10+05:30,2025-04-04 21:40+05:30,2025-04-04 21:40+05:30,Departed,6E
d6e6977d-d127-49ed-9e2a-bbc715ea9903,6E 6120,VT-ITU,BLR,PAT,2025-04-04 20:15:00+05:30,2025-04-04 20:15+05:30,2025-04-04 22:50+05:30,2025-04-04 22:50+05:30,Departed,6E
a3c9120e-b95b-486d-a728-f93829841613,6E 435,VT-ICL,BLR,COK,2025-04-04 20:15:00+05:30,2025-04-04 20:15+05:30,2025-04-04 21:20+05:30,2025-04-04 21:20+05:30,Departed,6E
090a775a-b729-458c-a5f5-7c79802558e8,6E 6423,YL-LDN,BLR,AMD,2025-04-04 19:00:00+05:30,2025-04-04 20:15+05:30,2025-04-04 21:20+05:30,2025-04-04 21:20+05:30,Departed,6E
0831082e-1b62-4776-a92c-c55dbf4b9009,9I 547,VT-RKJ,BLR,GOI,2025-04-04 20:20:00+05:30,2025-04-04 20:20+05:30,2025-04-04 21:55+05:30,2025-04-04 21:55+05:30,Departed,9I
8e50c451-53d0-4c17-a14f-891dfe2044d7,6E 7586,VT-IYU,BLR,IXM,2025-04-04 19:55:00+05:30,2025-04-04 20:20+05:30,2025-04-04 21:20+05:30,2025-04-04 21:20+05:30,Departed,6E
c65900cf-f290-4515-bbf8-480c773d643c,AI 2850,VT-TQA,BLR,BOM,2025-04-04 20:25:00+05:30,2025-04-04 20:25+05:30,2025-04-04 22:35+05:30,2025-04-04 22:35+05:30,Departed,AI
5d65c193-d0ba-46ba-a7b2-b92476069a21,QP 1377,VT-YAP,BLR,CCU,2025-04-04 20:00:00+05:30,2025-04-04 20:30+05:30,2025-04-04 22:40+05:30,2025-04-04 22:40+05:30,Departed,QP
706b73ba-8a76-4bff-b26e-80229fa515d3,6E 6406,VT-NCC,BLR,DEL,2025-04-04 20:30:00+05:30,2025-04-04 20:30+05:30,2025-04-04 23:20+05:30,2025-04-04 23:19+05:30,Departed,6E
1a41d9b2-6396-4931-8ea7-45195ce93847,6E 309,VT-IFK,BLR,GOX,2025-04-04 20:30:00+05:30,2025-04-04 20:30+05:30,Unknown,Unknown,Departed,6E
590aa11a-fae9-4508-b991-3dab7011c6d4,6E 441,VT-ISA,BLR,PNQ,2025-04-04 20:40:00+05:30,2025-04-04 20:40+05:30,2025-04-04 22:10+05:30,2025-04-04 22:10+05:30,Departed,6E
63f5dea0-154a-4616-a6ca-887d20d578de,IX 2718,VT-VNS,BLR,CCU,2025-04-04 20:50:00+05:30,2025-04-04 20:45+05:30,2025-04-04 23:30+05:30,2025-04-04 23:30+05:30,Departed,IX
07fcf911-bac0-441d-856e-f756865e52d0,IX 2513,VT-BXV,BLR,TRV,2025-04-04 20:45:00+05:30,2025-04-04 20:45+05:30,2025-04-04 22:15+05:30,2025-04-04 22:15+05:30,Departed,IX
408fd155-f8a9-48a4-9225-e932021d84f4,IX 2352,VT-ATF,BLR,HYD,2025-04-04 20:45:00+05:30,2025-04-04 20:45+05:30,2025-04-04 22:10+05:30,2025-04-04 22:10+05:30,Departed,IX
a96ee665-35d7-4284-a882-6d261f033bbe,6E 248,Unknown,BLR,HYD,2025-04-04 20:45:00+05:30,2025-04-04 20:45+05:30,Unknown,Unknown,Canceled,6E
7da7458b-a549-4d61-bcab-ec063ddd360c,6E 232,VT-IJU,BLR,LKO,2025-04-04 20:35:00+05:30,2025-04-04 20:50+05:30,2025-04-04 23:15+05:30,2025-04-04 23:15+05:30,Departed,6E
f8e0815c-1cf6-4289-ae40-4069f57b7885,EK 567,A6-ECG,BLR,DXB,2025-04-04 20:55:00+05:30,2025-04-04 20:55+05:30,2025-04-04 23:25+04:00,2025-04-04 23:25+04:00,Departed,EK
96eca05c-3887-44eb-87fe-d79c7f918814,6E 975,VT-IBL,BLR,CCU,2025-04-04 20:30:00+05:30,2025-04-04 21:00+05:30,2025-04-04 23:10+05:30,2025-04-04 23:10+05:30,Departed,6E
aa9f6412-51b6-446f-a1d9-a78063b5f37d,6E 6628,VT-IQA,BLR,TRV,2025-04-04 20:50:00+05:30,2025-04-04 21:00+05:30,2025-04-04 22:10+05:30,2025-04-04 22:10+05:30,Departed,6E
4514fc08-cd15-4650-8a74-05eda6a187fd,IX 2697,VT-RTO,BLR,COK,2025-04-04 21:05:00+05:30,2025-04-04 21:05+05:30,2025-04-04 22:25+05:30,2025-04-04 22:25+05:30,Departed,IX
0be0e171-903b-4cc5-9c08-2d295b04dfc1,QP 1366,VT-YBD,BLR,BOM,2025-04-04 21:00:00+05:30,2025-04-04 21:15+05:30,2025-04-04 23:15+05:30,2025-04-04 23:15+05:30,Departed,QP
7894c7ab-70d9-4c23-ba9b-ccb09acfeef6,6E 6086,VT-ISU,BLR,BBI,2025-04-04 21:15:00+05:30,2025-04-04 21:15+05:30,2025-04-04 23:20+05:30,2025-04-04 23:20+05:30,Departed,6E
408e015b-f25d-4aef-8f6f-a0f044e327c1,6E 6385,VT-ICP,BLR,IXC,2025-04-04 21:00:00+05:30,2025-04-04 21:20+05:30,2025-04-04 23:59+05:30,2025-04-04 23:59+05:30,Departed,6E
66565958-825a-40ee-b90d-b54f31a5db49,6E 578,VT-IJQ,BLR,IXE,2025-04-04 21:10:00+05:30,2025-04-04 21:20+05:30,2025-04-04 22:15+05:30,2025-04-04 22:15+05:30,Departed,6E
62990478-5826-4a3a-ae0b-2c3dc0e5a66f,6E 1005,VT-IXM,BLR,SIN,2025-04-04 21:30:00+05:30,2025-04-04 21:20+05:30,2025-04-05 04:40+08:00,2025-04-05 04:06+08:00,Departed,6E
913d55d1-ed2d-4d13-9370-d875782ffe5a,6E 9065,VT-IXA,BLR,HYD,2025-04-04 20:15:00+05:30,2025-04-04 21:20+05:30,Unknown,Unknown,Departed,6E
d7339fa7-b4e9-49b3-94d4-f2a338f422e5,6E 6784,VT-IUO,BLR,HYD,2025-04-04 21:15:00+05:30,2025-04-04 21:30+05:30,2025-04-04 22:30+05:30,2025-04-04 22:30+05:30,Departed,6E
981ed3f0-3887-4a64-a620-0d008ce01273,6E 152,VT-IPL,BLR,CCJ,2025-04-04 21:00:00+05:30,2025-04-04 21:30+05:30,2025-04-04 21:55+05:30,2025-04-04 21:55+05:30,Departed,6E
d2c9d228-819d-4f0e-801a-f9ad38591de2,EY 239,A6-AEO,BLR,AUH,2025-04-04 21:45:00+05:30,2025-04-04 21:45+05:30,2025-04-05 00:20+04:00,2025-04-05 00:20+04:00,Departed,EY
0cd58bd8-eb3c-41e1-a5e3-74067542f1dd,6E 2359,VT-NCD,BLR,DEL,2025-04-04 21:45:00+05:30,2025-04-04 21:45+05:30,2025-04-05 00:35+05:30,2025-04-05 00:34+05:30,Departed,6E
2638e9d9-a226-48f3-b3a0-c5dec43227ea,QP 1906,VT-YAD,BLR,AMD,2025-04-04 21:55:00+05:30,2025-04-04 21:50+05:30,Unknown,Unknown,Departed,QP
cf32f613-238e-429a-84dc-51cab434b627,AI 2645,VT-TQN,BLR,BOM,2025-04-04 21:25:00+05:30,2025-04-04 21:50+05:30,2025-04-04 23:35+05:30,2025-04-04 23:35+05:30,Departed,AI
f3d77f1f-0367-486a-b3da-95fd600e6f2f,6E 977,VT-ILC,BLR,GOI,2025-04-04 21:50:00+05:30,2025-04-04 21:50+05:30,2025-04-04 23:05+05:30,2025-04-04 23:05+05:30,Departed,6E
99b88a9e-cf98-4086-ac9e-f8e88012b291,AI 2814,VT-TQK,BLR,DEL,2025-04-04 22:00:00+05:30,2025-04-04 22:00+05:30,2025-04-05 00:45+05:30,2025-04-05 00:45+05:30,Departed,AI
7ba97a23-8c4d-485b-aae0-9a1a3a55444a,6E 6562,VT-ILL,BLR,MAA,2025-04-04 22:00:00+05:30,2025-04-04 22:00+05:30,2025-04-04 23:05+05:30,2025-04-04 23:05+05:30,Departed,6E
e19eb23f-b9a7-4a75-b077-946838b5ddc7,6E 5094,VT-IMX,BLR,BOM,2025-04-04 20:45:00+05:30,2025-04-04 22:00+05:30,2025-04-04 22:40+05:30,2025-04-04 22:40+05:30,Departed,6E
5df73595-248b-49d3-ae3e-78714c78f590,IX 1613,VT-BWF,BLR,HYD,2025-04-04 22:10:00+05:30,2025-04-04 22:10+05:30,2025-04-04 23:35+05:30,2025-04-04 23:35+05:30,Departed,IX
e9f3639d-7537-4fe9-b119-cfe472aa0269,6E 6597,VT-IVE,BLR,COK,2025-04-04 22:15:00+05:30,2025-04-04 22:15+05:30,2025-04-04 23:20+05:30,2025-04-04 23:20+05:30,Departed,6E
99746dd9-06b4-4774-90cc-f4e461d1fc44,GF 281,A9C-AD,BLR,BAH,2025-04-04 22:20:00+05:30,2025-04-04 22:20+05:30,2025-04-05 00:30+03:00,2025-04-05 00:30+03:00,Departed,GF
1f80a090-cf82-4452-81e8-37f06bc6a1d4,6E 952,VT-IBE,BLR,CCU,2025-04-04 22:20:00+05:30,2025-04-04 22:20+05:30,2025-04-05 00:55+05:30,2025-04-05 00:55+05:30,Departed,6E
3931e994-7e57-4422-ab2b-24c6bfe83f68,IX 1572,VT-BWD,BLR,CCU,2025-04-04 22:25:00+05:30,2025-04-04 22:35+05:30,2025-04-05 00:45+05:30,2025-04-05 00:45+05:30,Departed,IX
e3d30720-1207-48fb-8ad9-8943c5767f4a,6E 116,VT-IMG,BLR,PNQ,2025-04-04 22:35:00+05:30,2025-04-04 22:35+05:30,Unknown,Unknown,Departed,6E
a7a04229-019e-4b31-8c05-60bfc4936f37,6E 684,VT-IVY,BLR,HYD,2025-04-04 22:30:00+05:30,2025-04-04 22:40+05:30,2025-04-04 23:50+05:30,2025-04-04 23:50+05:30,Departed,6E
80139993-b3db-4c0e-9450-5399eeeb63cd,6E 2335,VT-NCJ,BLR,DEL,2025-04-04 23:00:00+05:30,2025-04-04 23:00+05:30,2025-04-05 02:00+05:30,2025-04-05 01:36+05:30,Departed,6E
c6315ed1-bd33-4db5-8842-0f7197178a51,UL 172,4R-ANA,BLR,CMB,2025-04-04 21:20:00+05:30,2025-04-04 23:00+05:30,Unknown,Unknown,Gateclosed,UL
a9324dce-c23d-478a-8d80-0b716471612d,6E 5295,VT-IMM,BLR,BOM,2025-04-04 22:30:00+05:30,2025-04-04 23:05+05:30,Unknown,Unknown,Gateclosed,6E
be96880f-af1e-44ed-9cc2-c8bbd8e33c89,AI 2840,VT-TNP,BLR,BOM,2025-04-04 22:45:00+05:30,2025-04-04 23:20+05:30,Unknown,Unknown,Gateclosed,AI
6beff87a-a11e-4b3d-9f11-b82677a41c05,SQ 511,9V-SHT,BLR,SIN,2025-04-04 23:05:00+05:30,2025-04-04 23:25+05:30,2025-04-05 06:10+08:00,2025-04-05 06:38+08:00,Departed,SQ
084b6def-05f3-4c1e-8019-60908d2f1e98,IX 2720,VT-EXE,BLR,PNQ,2025-04-04 23:30:00+05:30,2025-04-04 23:25+05:30,Unknown,Unknown,Gateclosed,IX
2321de3e-6323-41bd-8041-dce083f4d416,FD 138,HS-ABW,BLR,DMK,2025-04-04 23:20:00+05:30,2025-04-04 23:30+05:30,2025-04-05 04:25+07:00,2025-04-05 04:49+07:00,Departed,FD
2ac47bc9-6ae7-45e5-94ec-1320993f936c,AK 52,9M-RAJ,BLR,KUL,2025-04-04 23:25:00+05:30,2025-04-04 23:50+05:30,2025-04-05 07:00+08:00,2025-04-05 06:47+08:00,Departed,AK
d1802f46-7efa-407f-b76f-822c2d176db2,AI 2661,VT-TQL,BLR,DEL,2025-04-04 20:35:00+05:30,2025-04-04 23:50+05:30,Unknown,Unknown,Delayed,AI
0dbc362b-6e0e-4712-96a4-96f81b19309a,6E 6283,VT-ICD,BLR,BOM,2025-04-04 23:30:00+05:30,2025-04-05 00:00+05:30,Unknown,Unknown,Expected,6E
c4e273ca-011a-4899-9384-5da53f18bd60,6E 6283,VT-ICD,BLR,BOM,2025-04-04 23:30:00+05:30,2025-04-05 00:00+05:30,Unknown,Unknown,Expected,6E
fada90f7-8857-4599-a2ba-0988b8d9f2dd,TG 326,HS-THD,BLR,BKK,2025-04-05 00:30:00+05:30,2025-04-05 00:30+05:30,2025-04-05 05:55+07:00,2025-04-05 06:00+07:00,Departed,TG
c5c077f4-537c-4307-98e2-ccd745b3191d,SL 217,HS-LUZ,BLR,DMK,2025-04-05 00:35:00+05:30,2025-04-05 00:45+05:30,2025-04-05 06:05+07:00,2025-04-05 06:00+07:00,Departed,SL
5a658625-3b47-412c-9e72-102a74ad3a27,AI 2392,VT-TNQ,BLR,SIN,2025-04-05 00:50:00+05:30,2025-04-05 00:50+05:30,2025-04-05 08:15+08:00,2025-04-05 07:47+08:00,Departed,AI
b18a610a-69c2-455f-9e52-04f252a4e027,MH 193,9M-MVE,BLR,KUL,2025-04-05 00:40:00+05:30,2025-04-05 00:55+05:30,2025-04-05 07:55+08:00,2025-04-05 07:51+08:00,Departed,MH
e3528dc6-77b1-48e6-ba7d-4acd84ccfd53,6E 6779,VT-IMH,BLR,AMD,2025-04-05 01:00:00+05:30,2025-04-05 01:00+05:30,2025-04-05 03:20+05:30,2025-04-05 03:20+05:30,Departed,6E
5a02882d-2739-4952-9da1-44108c3bc681,6E 6563,VT-ICQ,BLR,PNQ,2025-04-05 00:50:00+05:30,2025-04-05 01:10+05:30,2025-04-05 02:15+05:30,2025-04-05 02:15+05:30,Departed,6E
62a0d78b-9281-4307-9de0-6060c34fd230,6E 77,VT-IJT,BLR,JED,2025-04-05 00:45:00+05:30,2025-04-05 01:10+05:30,2025-04-05 04:30+03:00,2025-04-05 04:30+03:00,Departed,6E
680d9e07-f965-4882-adbe-a7e27a525fb8,6E 1605,VT-IXJ,BLR,DPS,2025-04-05 01:15:00+05:30,2025-04-05 01:15+05:30,2025-04-05 10:20+08:00,2025-04-05 10:20+08:00,Departed,6E
ac4cdb7d-e3c6-457a-b12a-a3fcdf588f30,CX 624,B-LRN,BLR,HKG,2025-04-05 01:20:00+05:30,2025-04-05 01:20+05:30,2025-04-05 09:35+08:00,2025-04-05 09:08+08:00,Departed,CX
8948d0fa-d6ce-4b50-b5ad-9be81f187005,6E 1419,VT-ICY,BLR,AUH,2025-04-05 01:30:00+05:30,2025-04-05 01:30+05:30,2025-04-05 03:50+04:00,2025-04-05 03:50+04:00,Departed,6E
1421135b-ee71-4406-a8df-8d08bba5bd6f,AF 191,F-HTYF,BLR,CDG,2025-04-05 01:35:00+05:30,2025-04-05 01:35+05:30,2025-04-05 08:15+02:00,2025-04-05 08:45+02:00,Departed,AF
3f7cb380-2784-4066-b384-3130278a85b4,LH 765,D-AIXS,BLR,MUC,2025-04-05 02:10:00+05:30,2025-04-05 02:10+05:30,2025-04-05 07:50+02:00,2025-04-05 07:45+02:00,Departed,LH
bc276209-33c1-41ad-ace7-7a3d87b2b3c1,ET 691,ET-AZA,BLR,ADD,2025-04-05 02:20:00+05:30,2025-04-05 02:20+05:30,2025-04-05 06:25+03:00,2025-04-05 06:25+03:00,Departed,ET
a41228ff-bb2b-4f0a-83ad-c05359b75852,SG 530,VT-SYJ,BLR,DEL,2025-04-04 23:45:00+05:30,2025-04-05 02:30+05:30,2025-04-05 03:00+05:30,2025-04-05 06:17+05:30,Departed,SG
a8a68fed-3010-4bc1-a24b-72ad54a8ee8b,6E 6876,VT-ILF,BLR,PNQ,2025-04-05 02:40:00+05:30,2025-04-05 02:40+05:30,2025-04-05 04:10+05:30,2025-04-05 04:10+05:30,Departed,6E
a395fe63-a474-4dcf-951b-2d3792e77004,JL 754,JA840J,BLR,NRT,2025-04-05 02:40:00+05:30,2025-04-05 02:40+05:30,2025-04-05 14:15+09:00,2025-04-05 13:26+09:00,Departed,UNKNOWN
41f440a4-208f-47a8-b709-d14c9b61b444,UL 174,4R-ABN,BLR,CMB,2025-04-05 03:05:00+05:30,2025-04-05 03:05+05:30,2025-04-05 04:35+05:30,2025-04-05 04:35+05:30,Departed,UL
81383a85-0017-428d-9b84-777875bf8c16,QP 1736,VT-YAE,BLR,BOM,2025-04-05 03:25:00+05:30,2025-04-05 03:10+05:30,2025-04-05 08:10+05:30,2025-04-05 08:10+05:30,Departed,QP
ab1b3fd1-552c-4d83-994a-fa04e04e9ee7,LH 755,D-ABVU,BLR,FRA,2025-04-05 03:00:00+05:30,2025-04-05 03:15+05:30,2025-04-05 09:05+02:00,2025-04-05 09:24+02:00,Departed,LH
8778d882-c5f1-4401-aaea-9d1913c13baf,6E 5323,VT-IMY,BLR,BOM,2025-04-05 03:30:00+05:30,2025-04-05 03:30+05:30,2025-04-05 05:20+05:30,2025-04-05 05:20+05:30,Departed,6E
c9a3e9ae-c2bd-405f-bae9-78ba425f590d,6E 1043,VT-IAO,BLR,LGK,2025-04-05 03:40:00+05:30,2025-04-05 03:40+05:30,2025-04-05 10:25+08:00,2025-04-05 10:25+08:00,Departed,6E
8120139d-6e1d-452c-8c90-04cbf776358d,6E 1301,A7-BSF,BLR,DOH,2025-04-05 03:50:00+05:30,2025-04-05 03:50+05:30,2025-04-05 05:40+03:00,2025-04-05 06:16+03:00,Departed,6E
1259eea8-818f-4bce-9cd7-15ea6a1e61b3,QR 573,A7-BAM,BLR,DOH,2025-04-05 04:00:00+05:30,2025-04-05 04:00+05:30,2025-04-05 05:50+03:00,2025-04-05 05:48+03:00,Departed,QR
b73ba049-2026-4073-8597-eb17777b8c6e,QR 573,A7-BAM,BLR,DOH,2025-04-05 04:00:00+05:30,2025-04-05 04:00+05:30,2025-04-05 05:50+03:00,2025-04-05 05:48+03:00,Departed,QR
3244e97b-7df2-4c45-a7cb-041ca5a913a7,QP 1194,Unknown,BLR,BOM,2025-04-05 04:05:00+05:30,2025-04-05 04:05+05:30,Unknown,Unknown,Canceled,QP
9570a208-8c63-450d-aeed-f7a7a067c258,6E 1861,VT-IIZ,BLR,MRU,2025-04-05 04:10:00+05:30,2025-04-05 04:10+05:30,2025-04-05 08:30+04:00,2025-04-05 08:30+04:00,Departed,6E
f436ccf3-7d4c-41a8-9855-e9c876a5c37e,IX 2753,VT-GWH,BLR,CCU,2025-04-05 04:15:00+05:30,2025-04-05 04:15+05:30,2025-04-05 07:00+05:30,2025-04-05 07:00+05:30,Departed,IX
33088b80-4347-4767-a7f8-7cd951944705,G9 497,A6-ABM,BLR,SHJ,2025-04-05 04:20:00+05:30,2025-04-05 04:20+05:30,2025-04-05 06:40+04:00,2025-04-05 06:40+04:00,Departed,G9
321f7675-7483-4327-80b8-39a5ea8f9476,6E 408,VT-IMG,BLR,PNQ,2025-04-05 04:25:00+05:30,2025-04-05 04:25+05:30,2025-04-05 05:50+05:30,2025-04-05 05:50+05:30,Departed,6E
175c8718-d762-43a1-97b2-e7e5ff35b868,IX 1116,VT-VNS,BLR,DEL,2025-04-05 04:30:00+05:30,2025-04-05 04:30+05:30,2025-04-05 07:25+05:30,2025-04-05 07:07+05:30,Departed,IX
adc47536-c7ce-4e31-81f9-c5edb440c4f7,EY 233,A6-AEP,BLR,AUH,2025-04-05 04:30:00+05:30,2025-04-05 04:30+05:30,2025-04-05 07:00+04:00,2025-04-05 07:00+04:00,Departed,EY
5c356956-014a-4b50-8486-e994a8d3ed3b,6E 6633,VT-IFZ,BLR,IXC,2025-04-05 04:45:00+05:30,2025-04-05 04:45+05:30,2025-04-05 07:45+05:30,2025-04-05 07:45+05:30,Departed,6E
34a4e717-33ad-4999-8aba-fe8d5d069f21,EK 569,A6-EVM,BLR,DXB,2025-04-05 04:45:00+05:30,2025-04-05 04:45+05:30,2025-04-05 07:05+04:00,2025-04-05 07:05+04:00,Departed,EK
9a5698cc-ed66-4102-8405-68c5c17a18a3,QP 1359,VT-YAT,BLR,DEL,2025-04-05 05:05:00+05:30,2025-04-05 04:50+05:30,2025-04-05 07:45+05:30,2025-04-05 07:45+05:30,Departed,QP
296917c2-2a93-4ba5-8088-cb22fd0af69f,6E 6353,YL-LDT,BLR,LKO,2025-04-05 04:55:00+05:30,2025-04-05 04:55+05:30,2025-04-05 07:40+05:30,2025-04-05 07:40+05:30,Departed,6E
9928a299-7646-40fc-83e4-b397fad8adb2,IX 1552,VT-BXD,BLR,IXE,2025-04-05 04:55:00+05:30,2025-04-05 04:55+05:30,2025-04-05 06:10+05:30,2025-04-05 06:10+05:30,Departed,IX
886f045e-2107-4298-93e3-46f55552db52,6E 5205,VT-ICS,BLR,BOM,2025-04-05 04:55:00+05:30,2025-04-05 04:55+05:30,2025-04-05 06:50+05:30,2025-04-05 06:50+05:30,Departed,6E
e0c93f0f-955a-42a3-8f3d-3962e7ba94b0,QP 1311,VT-YAV,BLR,PNQ,2025-04-05 05:10:00+05:30,2025-04-05 04:56+05:30,2025-04-05 06:50+05:30,2025-04-05 06:50+05:30,Departed,QP
bce5d4e7-b1c4-430a-b82a-176387b5d4b7,6E 575,VT-IIB,BLR,MAA,2025-04-05 05:00:00+05:30,2025-04-05 05:00+05:30,2025-04-05 06:05+05:30,2025-04-05 06:05+05:30,Departed,6E
ac8b5a4a-cdf8-45ae-aed8-cb3ef319cfb8,6E 227,VT-IMD,BLR,CCU,2025-04-05 05:00:00+05:30,2025-04-05 05:00+05:30,2025-04-05 07:40+05:30,2025-04-05 07:40+05:30,Departed,6E
e0e29a0c-52ca-4690-89bc-e1d34383691b,IX 1977,VT-BXQ,BLR,LKO,2025-04-05 05:10:00+05:30,2025-04-05 05:00+05:30,2025-04-05 08:00+05:30,2025-04-05 08:00+05:30,Departed,IX
d5903374-d8c1-4bc1-b803-808b2a258f0f,6E 5126,VT-ITV,BLR,PAT,2025-04-05 05:00:00+05:30,2025-04-05 05:00+05:30,2025-04-05 07:35+05:30,2025-04-05 07:35+05:30,Departed,6E
881fb906-ffd7-47dc-81ed-9f22d5a52913,IX 2700,VT-RTO,BLR,GOI,2025-04-05 05:05:00+05:30,2025-04-05 05:05+05:30,2025-04-05 06:25+05:30,2025-04-05 06:25+05:30,Departed,IX
238da90a-a67b-45a0-a44a-32051d33447d,IX 2736,VT-BXW,BLR,TRV,2025-04-05 05:05:00+05:30,2025-04-05 05:05+05:30,2025-04-05 06:35+05:30,2025-04-05 06:35+05:30,Departed,IX
170b2ec4-836b-4021-a813-85afa7fca835,6E 6923,VT-IIA,BLR,HYD,2025-04-05 05:10:00+05:30,2025-04-05 05:10+05:30,2025-04-05 06:30+05:30,2025-04-05 06:30+05:30,Departed,6E
7804d43c-f5ad-4ddd-8d0b-d7ff03543716,6E 6003,YL-LDX,BLR,NAG,2025-04-05 05:10:00+05:30,2025-04-05 05:10+05:30,2025-04-05 06:55+05:30,2025-04-05 06:55+05:30,Departed,6E
d837a8d6-6df9-47c6-a081-eb0bbb97e22c,KU 354,9K-AKM,BLR,KWI,2025-04-05 05:15:00+05:30,2025-04-05 05:15+05:30,2025-04-05 08:05+03:00,2025-04-05 08:05+03:00,Departed,KU
10d85756-f093-450a-a5fa-80d280e8428d,IX 2971,VT-BKK,BLR,IXB,2025-04-05 05:20:00+05:30,2025-04-05 05:20+05:30,2025-04-05 08:15+05:30,2025-04-05 08:15+05:30,Departed,IX
126a5019-c26e-4b5e-b8b6-6e7fc42e744a,IX 2454,VT-EXA,BLR,VNS,2025-04-05 05:20:00+05:30,2025-04-05 05:20+05:30,2025-04-05 08:05+05:30,2025-04-05 08:05+05:30,Departed,IX
4e6d6ef7-6358-403d-ba40-691e5bc0707b,IX 2511,VT-BXV,BLR,IDR,2025-04-05 05:25:00+05:30,2025-04-05 05:25+05:30,2025-04-05 07:45+05:30,2025-04-05 07:45+05:30,Departed,IX
50bb3c55-8679-4431-86ff-5ce0ed71ab8f,6E 217,YL-LDF,BLR,VTZ,2025-04-05 05:25:00+05:30,2025-04-05 05:25+05:30,2025-04-05 07:05+05:30,2025-04-05 07:05+05:30,Departed,6E
da26a1a3-7d85-45ec-b824-6bb715cbab7f,AI 2635,VT-TYE,BLR,AMD,2025-04-05 05:30:00+05:30,2025-04-05 05:30+05:30,2025-04-05 08:05+05:30,2025-04-05 08:05+05:30,Departed,AI
4ae2ad24-23c1-42f1-91d7-19f4a05ceaba,6E 2021,VT-NCE,BLR,DEL,2025-04-05 05:30:00+05:30,2025-04-05 05:30+05:30,2025-04-05 08:25+05:30,2025-04-05 08:03+05:30,Departed,6E
2cc31506-309b-4970-8a70-0c0c92d5753c,IX 2415,VT-JPR,BLR,COK,2025-04-05 05:35:00+05:30,2025-04-05 05:35+05:30,2025-04-05 06:55+05:30,2025-04-05 06:55+05:30,Departed,IX
7ad82eef-d985-4f02-855e-04d15a070684,VS 317,G-VMAP,BLR,LHR,2025-04-05 05:40:00+05:30,2025-04-05 05:40+05:30,2025-04-05 12:15+01:00,2025-04-05 11:32+01:00,Departed,VS
fb58e120-71e8-4b72-a656-a368ac9766df,AI 525,VT-SCV,BLR,MAA,2025-04-05 05:40:00+05:30,2025-04-05 05:40+05:30,2025-04-05 06:50+05:30,2025-04-05 06:50+05:30,Departed,AI
3bcfa771-d984-464c-a693-4dd48c67db8f,IX 2936,VT-BWH,BLR,PAT,2025-04-05 05:30:00+05:30,2025-04-05 05:40+05:30,2025-04-05 08:25+05:30,2025-04-05 08:25+05:30,Departed,IX
72bea119-b322-4b96-9c39-c47f1a06a326,GF 283,A9C-CC,BLR,BAH,2025-04-05 05:45:00+05:30,2025-04-05 05:45+05:30,2025-04-05 07:55+03:00,2025-04-05 07:55+03:00,Departed,GF
647ef1b3-d0a0-43f6-ba3e-117757c11515,AI 2414,VT-RTX,BLR,DEL,2025-04-05 05:45:00+05:30,2025-04-05 05:45+05:30,2025-04-05 08:35+05:30,2025-04-05 08:26+05:30,Departed,AI
509948b6-5062-4b67-986f-ed31bddca45d,6E 6858,VT-ITU,BLR,IXE,2025-04-05 05:45:00+05:30,2025-04-05 05:45+05:30,2025-04-05 06:55+05:30,2025-04-05 06:55+05:30,Departed,6E
33626bcd-a0f6-42ed-ac07-8a5a3ffec10a,QP 1527,VT-YAJ,BLR,LKO,2025-04-05 06:00:00+05:30,2025-04-05 05:50+05:30,2025-04-05 08:40+05:30,2025-04-05 08:40+05:30,Departed,QP
20dfc323-61a6-4397-9aec-1f93284be4ec,6E 415,YL-LDU,BLR,JAI,2025-04-05 05:50:00+05:30,2025-04-05 05:50+05:30,2025-04-05 08:25+05:30,2025-04-05 08:25+05:30,Departed,6E
7c2f50d9-a699-4149-bd6c-f09a9f69d7be,6E 1055,VT-IIY,BLR,BKK,2025-04-05 05:50:00+05:30,2025-04-05 05:50+05:30,2025-04-05 11:20+07:00,2025-04-05 11:24+07:00,Departed,6E
76ea97be-8e02-4a70-8b01-0cfd5615bae7,6E 7204,VT-IXS,BLR,VGA,2025-04-05 05:55:00+05:30,2025-04-05 05:55+05:30,2025-04-05 07:30+05:30,2025-04-05 07:30+05:30,Departed,6E
ee686493-6683-45b7-83fb-cb7601beb291,6E 7236,VT-IYU,BLR,TRZ,2025-04-05 06:05:00+05:30,2025-04-05 06:05+05:30,2025-04-05 07:20+05:30,2025-04-05 07:20+05:30,Departed,6E
2c7c2f50-64fb-459a-9234-2551f620e3a7,6E 7171,VT-IYR,BLR,IXM,2025-04-05 06:05:00+05:30,2025-04-05 06:05+05:30,2025-04-05 07:45+05:30,2025-04-05 07:45+05:30,Departed,6E
4f2967a1-a9db-49b2-8086-e0639bb20d83,6E 586,VT-ICD,BLR,AMD,2025-04-05 06:05:00+05:30,2025-04-05 06:05+05:30,2025-04-05 08:20+05:30,2025-04-05 08:20+05:30,Departed,6E
b7e8acad-b2fd-4968-b191-332dada8c1d9,6E 194,VT-IMX,BLR,GOX,2025-04-05 06:05:00+05:30,2025-04-05 06:05+05:30,Unknown,Unknown,Departed,6E
51d33890-1746-4ca7-a722-6806e88aff97,6E 857,VT-ISR,BLR,CJB,2025-04-05 06:10:00+05:30,2025-04-05 06:10+05:30,2025-04-05 07:05+05:30,2025-04-05 07:05+05:30,Departed,6E
fd3f62b9-8bc8-45a9-9f0b-5b27042956f9,6E 7728,VT-IRB,BLR,CNN,2025-04-05 06:10:00+05:30,2025-04-05 06:10+05:30,Unknown,Unknown,Departed,6E
3dee83c5-832b-436c-a479-b6b93c0462d6,6E 368,VT-ILC,BLR,BHO,2025-04-05 06:10:00+05:30,2025-04-05 06:10+05:30,2025-04-05 08:10+05:30,2025-04-05 08:10+05:30,Departed,6E
253bb4eb-91a7-4d75-88fe-f5691146d857,6E 7227,VT-IRL,BLR,HBX,2025-04-05 06:15:00+05:30,2025-04-05 06:15+05:30,2025-04-05 07:40+05:30,2025-04-05 07:40+05:30,Departed,6E
497c278c-e575-49f9-b534-c7640bd6efb0,6E 1077,VT-IPL,BLR,HKT,2025-04-05 06:15:00+05:30,2025-04-05 06:15+05:30,2025-04-05 11:35+07:00,2025-04-05 11:42+07:00,Departed,6E
fc2b677a-10a8-49d2-8a98-670f68a9c80e,SG 831,VT-SLP,BLR,DED,2025-04-05 05:20:00+05:30,2025-04-05 06:15+05:30,2025-04-05 08:20+05:30,2025-04-05 08:20+05:30,Departed,SG
d75ebc13-c7c8-4f8c-a5f5-0b15aa2e8e8e,QP 1821,VT-YAU,BLR,Unknown,2025-04-05 06:30:00+05:30,2025-04-05 06:18+05:30,Unknown,Unknown,Departed,QP
0c8a27c1-7a87-4a6e-a853-9e3b11aeee7c,QP 1438,VT-YAR,BLR,HYD,2025-04-05 06:05:00+05:30,2025-04-05 06:20+05:30,2025-04-05 07:25+05:30,2025-04-05 07:25+05:30,Departed,QP
7804841c-e98e-4f4c-9dd0-9e9c755d8030,6E 7107,VT-IYF,BLR,RJA,2025-04-05 06:20:00+05:30,2025-04-05 06:20+05:30,2025-04-05 08:20+05:30,2025-04-05 08:20+05:30,Departed,6E
faa8bef0-339e-431c-89e4-ea9defd50149,6E 688,VT-IFV,BLR,TRV,2025-04-05 06:25:00+05:30,2025-04-05 06:25+05:30,2025-04-05 07:45+05:30,2025-04-05 07:45+05:30,Departed,6E
2e2e60e5-fe6c-4838-87af-b292cc503228,6E 6439,VT-IMB,BLR,CCU,2025-04-05 06:25:00+05:30,2025-04-05 06:25+05:30,2025-04-05 09:05+05:30,2025-04-05 09:05+05:30,Departed,6E
c58e6092-25c0-4d10-8fc6-53d76a870654,QP 1421,VT-YAM,BLR,VNS,2025-04-05 06:45:00+05:30,2025-04-05 06:29+05:30,2025-04-05 09:20+05:30,2025-04-05 09:20+05:30,Departed,QP
c77a62d7-58da-41eb-b49d-2bdfe78b3fa8,9I 507,VT-RKJ,BLR,COK,2025-04-05 06:30:00+05:30,2025-04-05 06:30+05:30,Unknown,Unknown,Departed,9I
e118d4db-7384-4061-8be2-aa1cc753093c,6E 7285,VT-IYG,BLR,IXG,2025-04-05 06:30:00+05:30,2025-04-05 06:30+05:30,2025-04-05 08:05+05:30,2025-04-05 08:05+05:30,Departed,6E
0e9caaeb-e62a-4d4f-8c73-0e6f0ac12180,6E 6178,YL-LDW,BLR,HYD,2025-04-05 06:30:00+05:30,2025-04-05 06:30+05:30,2025-04-05 07:45+05:30,2025-04-05 07:45+05:30,Departed,6E
2fbfae55-1cf1-4a03-9bcc-56e874d207cc,6E 934,YL-LDD,BLR,Unknown,2025-04-05 06:35:00+05:30,2025-04-05 06:35+05:30,Unknown,Unknown,Departed,6E
6b74a819-d54d-4d39-a6b9-c13d8e5d74b3,IX 2795,VT-IMP,BLR,BBI,2025-04-05 06:50:00+05:30,2025-04-05 06:40+05:30,2025-04-05 08:50+05:30,2025-04-05 08:50+05:30,Departed,IX
8bb46e8b-23dd-4e67-8e44-b02d37358899,AI 2810,VT-RTW,BLR,DEL,2025-04-05 06:40:00+05:30,2025-04-05 06:40+05:30,2025-04-05 09:40+05:30,2025-04-05 09:40+05:30,Departed,AI
6085db61-828e-4386-b7f4-4bee3fd7d28d,AI 2402,VT-TQR,BLR,BOM,2025-04-05 06:40:00+05:30,2025-04-05 06:40+05:30,2025-04-05 08:45+05:30,2025-04-05 08:45+05:30,Departed,AI
63f96528-c62b-445f-a7ee-a3d95b0dd341,IX 2701,VT-EXB,BLR,LKO,2025-04-05 06:40:00+05:30,2025-04-05 06:44+05:30,2025-04-05 08:50+05:30,2025-04-05 08:50+05:30,Departed,IX
3be9300b-a8ed-4846-9f96-ff123796b919,BA 118,G-YMMJ,BLR,LHR,2025-04-05 06:45:00+05:30,2025-04-05 06:45+05:30,2025-04-05 13:05+01:00,2025-04-05 12:34+01:00,Departed,BA
117a611e-fc7b-48bb-b6a4-62bbcc8e43a4,IX 2741,Unknown,BLR,TRV,2025-04-05 06:50:00+05:30,2025-04-05 06:50+05:30,2025-04-05 07:45+05:30,2025-04-05 07:45+05:30,Canceled,IX
c6ed4776-bb48-4a56-a732-8a9d37c31910,IX 2693,Unknown,BLR,GOX,2025-04-05 06:50:00+05:30,2025-04-05 06:50+05:30,Unknown,Unknown,Canceled,IX
ecb062e9-6588-4e22-bae4-02e2975b160b,QP 1372,VT-YBD,BLR,IXB,2025-04-05 07:10:00+05:30,2025-04-05 06:55+05:30,2025-04-05 10:15+05:30,2025-04-05 10:15+05:30,Departed,QP
02306052-2b0c-460b-9b83-2ac5209fa4d9,IX 1331,Unknown,BLR,PNQ,2025-04-05 06:55:00+05:30,2025-04-05 06:55+05:30,Unknown,Unknown,Canceled,IX
16a594c8-442e-45bd-971f-e7d6f2ea2a1b,IX 1451,VT-RTP,BLR,IDR,2025-04-05 07:50:00+05:30,2025-04-05 07:00+05:30,2025-04-05 09:20+05:30,2025-04-05 09:20+05:30,Departed,IX
c8141496-2a47-4913-a303-3eb3e9762503,AI 2654,VT-TQQ,BLR,DEL,2025-04-05 07:00:00+05:30,2025-04-05 07:00+05:30,2025-04-05 10:00+05:30,2025-04-05 09:51+05:30,Departed,AI
f0a33f2e-bc2a-4996-8789-61c7737baf13,6E 6032,VT-IMH,BLR,JDH,2025-04-05 07:00:00+05:30,2025-04-05 07:00+05:30,2025-04-05 09:25+05:30,2025-04-05 09:25+05:30,Departed,6E
c7b1e48d-7cd5-4b7b-b9b1-fd00f443db64,6E 2368,VT-IWQ,BLR,DEL,2025-04-05 07:00:00+05:30,2025-04-05 07:00+05:30,2025-04-05 09:55+05:30,2025-04-05 09:39+05:30,Departed,6E
0ef5e6a4-a929-4ec1-8d59-712170e7ceac,6E 687,VT-ILN,BLR,UDR,2025-04-05 07:05:00+05:30,2025-04-05 07:05+05:30,2025-04-05 09:15+05:30,2025-04-05 09:15+05:30,Departed,6E
90cb89e1-5f08-4e84-adba-b7610d0ff3e4,IX 2541,VT-BXT,BLR,COK,2025-04-05 07:15:00+05:30,2025-04-05 07:15+05:30,2025-04-05 08:35+05:30,2025-04-05 08:35+05:30,Departed,IX
9b460b31-89c1-40c0-8e53-fe0ef8bba35f,6E 6269,VT-ICQ,BLR,MAA,2025-04-05 07:15:00+05:30,2025-04-05 07:15+05:30,2025-04-05 08:20+05:30,2025-04-05 08:20+05:30,Departed,6E
7426a0e0-11c0-4a61-a403-fac956c441a3,6E 5089,VT-ILL,BLR,BOM,2025-04-05 07:15:00+05:30,2025-04-05 07:15+05:30,2025-04-05 09:05+05:30,2025-04-05 09:05+05:30,Departed,6E
4d18ad3c-a77f-4b68-a490-31466df69788,6E 702,VT-IVE,BLR,BBI,2025-04-05 07:20:00+05:30,2025-04-05 07:20+05:30,2025-04-05 09:25+05:30,2025-04-05 09:25+05:30,Departed,6E
8a37c247-404d-4c6c-ade2-4b41cdd96573,6E 7005,VT-IRJ,BLR,CCJ,2025-04-05 07:20:00+05:30,2025-04-05 07:20+05:30,2025-04-05 08:35+05:30,2025-04-05 08:35+05:30,Departed,6E
21f8c386-1f30-47ae-81b9-e2dbd74ecb3b,IX 2870,VT-ATF,BLR,HYD,2025-04-05 07:35:00+05:30,2025-04-05 07:25+05:30,2025-04-05 08:50+05:30,2025-04-05 08:50+05:30,Departed,IX
877310a4-d63c-438e-94b6-1bb954075d9b,IX 2524,VT-BXN,BLR,CNN,2025-04-05 07:35:00+05:30,2025-04-05 07:25+05:30,Unknown,Unknown,Departed,IX
df0552ac-d86c-4712-abfa-53f337e8feac,6E 959,VT-IIF,BLR,IDR,2025-04-05 07:30:00+05:30,2025-04-05 07:30+05:30,2025-04-05 09:25+05:30,2025-04-05 09:25+05:30,Departed,6E
2e47fd4f-f4be-4501-b622-03411b9700e2,S5 183,VT-GSU,BLR,NDC,2025-04-05 08:05:00+05:30,2025-04-05 07:40+05:30,Unknown,Unknown,Departed,S5
14bc155c-c95a-461e-a056-bfa0c18abe28,6E 405,YL-LDN,BLR,RPR,2025-04-05 07:40:00+05:30,2025-04-05 07:40+05:30,2025-04-05 09:25+05:30,2025-04-05 09:25+05:30,Departed,6E
cb635b0f-f57f-4d5c-8bb5-6cf35179d8d6,6E 1485,VT-IJQ,BLR,DXB,2025-04-05 07:45:00+05:30,2025-04-05 07:45+05:30,2025-04-05 10:25+04:00,2025-04-05 10:25+04:00,Departed,6E
adc29b92-9e21-4423-832f-3b2fa9a68b35,6E 113,VT-IFK,BLR,COK,2025-04-05 07:45:00+05:30,2025-04-05 07:45+05:30,2025-04-05 08:55+05:30,2025-04-05 08:55+05:30,Departed,6E
0b4fcb7b-dc35-4b88-9412-4e6ea166222c,QP 1375,VT-YBC,BLR,BOM,2025-04-05 08:10:00+05:30,2025-04-05 07:55+05:30,2025-04-05 09:55+05:30,2025-04-05 09:55+05:30,Departed,QP
64d31d84-8325-4821-9fe5-6c01e24e78f6,IX 2697,VT-RTO,GOI,BLR,2025-04-04 19:00:00+05:30,2025-04-04 19:00+05:30,2025-04-04 20:20+05:30,2025-04-04 20:01+05:30,Arrived,IX
0cb63766-3935-461e-8d7d-a38868833b85,6E 316,VT-ISA,GAU,BLR,2025-04-04 16:35:00+05:30,2025-04-04 16:35+05:30,2025-04-04 19:55+05:30,2025-04-04 20:01+05:30,Arrived,6E
14dc8387-802b-4b8a-bdcc-edfe0170530b,IX 1612,VT-BWF,HYD,BLR,2025-04-04 18:55:00+05:30,2025-04-04 18:55+05:30,2025-04-04 20:20+05:30,2025-04-04 20:09+05:30,Arrived,IX
a71fe7f5-3845-42b8-a836-c6b9d9f02789,6E 429,VT-ICP,IXC,BLR,2025-04-04 17:15:00+05:30,2025-04-04 17:15+05:30,2025-04-04 20:20+05:30,2025-04-04 20:11+05:30,Arrived,6E
bae7e8e1-90bf-4de1-a27f-1e1ddb9df425,6E 6163,VT-IQA,GOI,BLR,2025-04-04 19:15:00+05:30,2025-04-04 19:15+05:30,2025-04-04 20:40+05:30,2025-04-04 20:19+05:30,Arrived,6E
ea583b33-3b1e-4b08-9e43-a69e4a202cd7,6E 189,VT-IBL,MAA,BLR,2025-04-04 19:05:00+05:30,2025-04-04 19:05+05:30,2025-04-04 20:10+05:30,2025-04-04 20:19+05:30,Arrived,6E
3253af0c-09fd-48e9-aad1-e8a3d47e727a,AI 2641,VT-TQN,BOM,BLR,2025-04-04 18:50:00+05:30,2025-04-04 18:50+05:30,2025-04-04 20:35+05:30,2025-04-04 20:20+05:30,Arrived,AI
7408cb77-5040-4791-88e2-1e186539983a,6E 388,VT-IJU,IXE,BLR,2025-04-04 19:15:00+05:30,2025-04-04 19:15+05:30,2025-04-04 20:20+05:30,2025-04-04 20:23+05:30,Arrived,6E
ba18bdf5-2d2c-4e98-b8db-6d6d420cd477,QP 1613,VT-YBB,VNS,BLR,2025-04-04 18:05:00+05:30,2025-04-04 18:05+05:30,2025-04-04 21:30+05:30,2025-04-04 20:28+05:30,Arrived,QP
001b3dd7-6719-4fff-8ffc-a3be0235b93b,QP 1324,VT-YBD,GAU,BLR,2025-04-04 17:00:00+05:30,2025-04-04 17:00+05:30,2025-04-04 20:15+05:30,2025-04-04 20:32+05:30,Arrived,QP
443b1956-0c3f-414b-849a-bfb5d2e42ab8,6E 6055,VT-ISU,PNQ,BLR,2025-04-04 18:55:00+05:30,2025-04-04 18:55+05:30,2025-04-04 20:30+05:30,2025-04-04 20:39+05:30,Arrived,6E
d080159f-66a4-4995-80d7-a3730f3f5080,6E 6783,VT-IUO,HYD,BLR,2025-04-04 18:50:00+05:30,2025-04-04 18:50+05:30,2025-04-04 20:10+05:30,2025-04-04 20:42+05:30,Arrived,6E
a80e7004-2fd4-4c00-8bc4-ad1e26ebe3c7,6E 6276,VT-IJQ,PAT,BLR,2025-04-04 17:50:00+05:30,2025-04-04 17:50+05:30,2025-04-04 20:30+05:30,2025-04-04 20:45+05:30,Arrived,6E
dceec9f3-cf53-4de4-ae61-f7fb363d7a56,9I 508,VT-RKJ,COK,BLR,2025-04-04 18:20:00+05:30,2025-04-04 18:20+05:30,2025-04-04 19:45+05:30,2025-04-04 20:48+05:30,Arrived,9I
daa488fe-7c35-461a-a72d-1d0438e1ea15,AI 2813,VT-TQK,DEL,BLR,2025-04-04 18:00:00+05:30,2025-04-04 18:00+05:30,2025-04-04 21:05+05:30,2025-04-04 20:50+05:30,Arrived,AI
fd19ff7a-c909-48a3-b3f2-3a513c109104,6E 365,YL-LDD,MAA,BLR,2025-04-04 17:50:00+05:30,2025-04-04 17:50+05:30,2025-04-04 18:55+05:30,2025-04-04 20:51+05:30,Arrived,6E
7740e8bd-3192-47e8-8c9c-dae38fb983dd,6E 757,VT-IXA,CCU,BLR,2025-04-04 17:00:00+05:30,2025-04-04 17:00+05:30,2025-04-04 19:40+05:30,2025-04-04 20:53+05:30,Arrived,6E
023208a3-649d-43f8-9553-067d158e13bf,IX 2012,VT-BKK,GAU,BLR,2025-04-04 17:30:00+05:30,2025-04-04 17:30+05:30,2025-04-04 20:50+05:30,2025-04-04 20:57+05:30,Arrived,IX
eebc8700-7d81-46b8-93c8-c66e357901fe,6E 2327,VT-NCD,DEL,BLR,2025-04-04 18:00:00+05:30,2025-04-04 18:00+05:30,2025-04-04 21:00+05:30,2025-04-04 20:58+05:30,Arrived,6E
9ff777a8-dc50-44ce-bcb8-dd07b799d9f2,6E 6744,VT-IPL,IDR,BLR,2025-04-04 18:55:00+05:30,2025-04-04 18:55+05:30,2025-04-04 20:55+05:30,2025-04-04 21:02+05:30,Arrived,6E
580d6522-084f-4b78-bfd3-3161b808e808,GF 280,A9C-AD,BAH,BLR,2025-04-04 14:00:00+03:00,2025-04-04 14:00+03:00,2025-04-04 21:30+05:30,2025-04-04 21:03+05:30,Arrived,GF
dec089ac-9b22-4365-bae0-0b1599dec650,6E 5034,VT-ILC,STV,BLR,2025-04-04 19:05:00+05:30,2025-04-04 19:05+05:30,2025-04-04 21:10+05:30,2025-04-04 21:08+05:30,Arrived,6E
16d77d46-8862-49cc-a920-8a1d926d7056,6E 6922,VT-ILL,COK,BLR,2025-04-04 20:00:00+05:30,2025-04-04 20:00+05:30,2025-04-04 21:15+05:30,2025-04-04 21:11+05:30,Arrived,6E
cb68820d-39a6-48f1-86be-f73fca8d420d,6E 6597,VT-IVE,VNS,BLR,2025-04-04 18:45:00+05:30,2025-04-04 18:45+05:30,2025-04-04 21:15+05:30,2025-04-04 21:13+05:30,Arrived,6E
71fc4bc0-d06b-4f06-a3ce-241d94d540bb,QP 1905,VT-YAD,AMD,BLR,2025-04-04 18:50:00+05:30,2025-04-04 18:50+05:30,2025-04-04 21:00+05:30,2025-04-04 21:15+05:30,Arrived,QP
710ea1ab-201c-4697-8248-25abda9feaed,IX 2705,VT-EXA,BBI,BLR,2025-04-04 19:15:00+05:30,2025-04-04 19:15+05:30,2025-04-04 21:40+05:30,2025-04-04 21:20+05:30,Arrived,IX
c67cdf0c-734e-4a0c-a78e-d4f29b1a317d,6E 7244,VT-IXS,CCJ,BLR,2025-04-04 19:55:00+05:30,2025-04-04 19:55+05:30,2025-04-04 21:20+05:30,2025-04-04 21:20+05:30,Arrived,6E
981c2318-c519-42a4-8961-00a77488aaac,6E 6432,VT-IBE,NAG,BLR,2025-04-04 19:40:00+05:30,2025-04-04 19:40+05:30,2025-04-04 21:25+05:30,2025-04-04 21:20+05:30,Arrived,6E
c06d2d3c-19a3-4057-80ec-c893bc2ac3d3,6E 5032,VT-IMM,BOM,BLR,2025-04-04 19:30:00+05:30,2025-04-04 19:30+05:30,2025-04-04 21:30+05:30,2025-04-04 21:23+05:30,Arrived,6E
d4ed09e0-c8b3-43e2-ab14-7c52e7344c70,QP 1195,Unknown,BOM,BLR,,Unknown,2025-04-04 21:40+05:30,2025-04-04 21:30+05:30,Canceled,QP
3d722152-ec8c-4c0f-890f-e6b11297c403,IX 2710,VT-BWH,IXE,BLR,2025-04-04 21:05:00+05:30,2025-04-04 21:05+05:30,2025-04-04 22:25+05:30,2025-04-04 21:31+05:30,Arrived,IX
51a798d5-1c0e-474f-969b-c91405593456,6E 6251,VT-IMG,CCU,BLR,2025-04-04 19:00:00+05:30,2025-04-04 19:00+05:30,2025-04-04 21:40+05:30,2025-04-04 21:40+05:30,Arrived,6E
68d38c82-21f4-4e08-8004-1b56c1ae105b,6E 2487,VT-NCJ,DEL,BLR,2025-04-04 18:55:00+05:30,2025-04-04 18:55+05:30,2025-04-04 21:50+05:30,2025-04-04 21:42+05:30,Arrived,6E
b1c0617d-27f2-4556-9fec-471940ed6520,6E 7239,VT-IYS,IXG,BLR,2025-04-04 19:50:00+05:30,2025-04-04 19:50+05:30,2025-04-04 21:25+05:30,2025-04-04 21:48+05:30,Arrived,6E
499ad478-b730-4b9b-ad67-a4614d13bbf5,6E 7715,VT-IRL,CJB,BLR,2025-04-04 20:30:00+05:30,2025-04-04 20:30+05:30,2025-04-04 21:35+05:30,2025-04-04 21:53+05:30,Arrived,6E
78e41204-b099-465c-a279-43c2d92b47f7,6E 6085,VT-IIB,BBI,BLR,2025-04-04 19:55:00+05:30,2025-04-04 19:55+05:30,2025-04-04 22:05+05:30,2025-04-04 22:02+05:30,Arrived,6E
cba797df-3fcc-4a71-8e4f-435dedfeefef,6E 7378,VT-IRB,HBX,BLR,2025-04-04 20:15:00+05:30,2025-04-04 20:15+05:30,2025-04-04 21:45+05:30,2025-04-04 22:02+05:30,Arrived,6E
5d065f33-a15f-40cd-b03a-7bc403d5f811,6E 6557,VT-IAO,GOI,BLR,2025-04-04 20:55:00+05:30,2025-04-04 20:55+05:30,2025-04-04 22:15+05:30,2025-04-04 22:04+05:30,Arrived,6E
b74f9b8a-4346-4024-8228-30624ee61c82,IX 1571,VT-BWD,CCU,BLR,2025-04-04 18:30:00+05:30,2025-04-04 18:30+05:30,2025-04-04 21:40+05:30,2025-04-04 22:05+05:30,Arrived,IX
5af1a5fd-5eaa-4f66-8321-9e786663c739,6E 7357,VT-IYG,IXM,BLR,2025-04-04 19:05:00+05:30,2025-04-04 19:05+05:30,2025-04-04 20:40+05:30,2025-04-04 22:09+05:30,Arrived,6E
4634f4d9-c0f5-4cd2-924d-fc721f630a12,6E 6136,VT-IVY,DED,BLR,2025-04-04 18:35:00+05:30,2025-04-04 18:35+05:30,2025-04-04 21:35+05:30,2025-04-04 22:12+05:30,Arrived,6E
9993294e-4118-4bd7-b1cd-678120ee5d41,UL 171,4R-ANA,CMB,BLR,2025-04-04 18:55:00+05:30,2025-04-04 18:55+05:30,2025-04-04 20:20+05:30,2025-04-04 22:12+05:30,Arrived,UL
902297ca-36c8-4236-918f-edf2c8062a26,AI 2865,VT-TNP,BOM,BLR,2025-04-04 20:10:00+05:30,2025-04-04 20:10+05:30,2025-04-04 22:05+05:30,2025-04-04 22:14+05:30,Arrived,AI
4812952f-e3af-428a-90d4-288b66ba3c23,IX 2724,VT-EXE,GAU,BLR,2025-04-04 18:40:00+05:30,2025-04-04 18:40+05:30,2025-04-04 21:45+05:30,2025-04-04 22:16+05:30,Arrived,IX
54927616-b89e-44db-b72e-4ebca6a2281e,QP 1883,VT-YAV,GOP,BLR,2025-04-04 19:25:00+05:30,2025-04-04 19:25+05:30,2025-04-04 22:10+05:30,2025-04-04 22:17+05:30,Arrived,QP
0a3a64e6-a12d-4517-8cae-50361da2055c,AI 522,VT-SCV,DED,BLR,2025-04-04 16:30:00+05:30,2025-04-04 16:30+05:30,2025-04-04 19:15+05:30,2025-04-04 22:19+05:30,Arrived,AI
97df215b-8550-4006-89c5-2c355817c872,SQ 510,9V-SHT,SIN,BLR,2025-04-04 20:05:00+08:00,2025-04-04 20:05+08:00,2025-04-04 21:50+05:30,2025-04-04 22:24+05:30,Arrived,SQ
cfe6e837-785d-4810-95c9-1576312b8c0f,QP 1851,VT-YAR,IXB,BLR,2025-04-04 19:15:00+05:30,2025-04-04 19:15+05:30,2025-04-04 22:15+05:30,2025-04-04 22:28+05:30,Arrived,QP
74701bc8-7b97-49b7-8147-c7480040094f,QP 1424,VT-YAA,VNS,BLR,2025-04-04 19:55:00+05:30,2025-04-04 19:55+05:30,2025-04-04 22:30+05:30,2025-04-04 22:31+05:30,Arrived,QP
92dc93ef-406f-4f10-ad4b-b9c1bf6ddcbe,IX 2755,VT-BXD,SXR,BLR,2025-04-04 18:40:00+05:30,2025-04-04 18:40+05:30,2025-04-04 22:05+05:30,2025-04-04 22:35+05:30,Arrived,IX
f0a2d436-153e-4de1-8ae1-03369611aa65,6E 7166,VT-IRJ,TRZ,BLR,2025-04-04 20:55:00+05:30,2025-04-04 20:55+05:30,2025-04-04 22:10+05:30,2025-04-04 22:35+05:30,Arrived,6E
6de0c7aa-cba1-4cf9-88c9-7e62001fa812,IX 2976,VT-VTZ,IXR,BLR,2025-04-04 20:20:00+05:30,2025-04-04 20:20+05:30,2025-04-04 22:50+05:30,2025-04-04 22:37+05:30,Arrived,IX
cc4a4531-d9c6-4115-8449-6545b08d3b3a,6E 481,YL-LDT,AMD,BLR,2025-04-04 19:35:00+05:30,2025-04-04 19:35+05:30,2025-04-04 21:55+05:30,2025-04-04 22:38+05:30,Arrived,6E
d824e57b-0db1-4fa8-b905-d8aa0fe462b4,AI 2512,VT-TNQ,DEL,BLR,2025-04-04 19:25:00+05:30,2025-04-04 19:57+05:30,2025-04-04 22:15+05:30,2025-04-04 22:45+05:30,Arrived,AI
0b91ce04-66d0-4b4c-aa00-0ed68249353d,6E 7232,VT-IYR,RJA,BLR,2025-04-04 20:45:00+05:30,2025-04-04 20:45+05:30,2025-04-04 22:40+05:30,2025-04-04 22:45+05:30,Arrived,6E
d86a042e-5a78-4090-b4b1-25a5e35d721f,6E 107,VT-IZC,PNQ,BLR,2025-04-04 20:55:00+05:30,2025-04-04 20:55+05:30,2025-04-04 22:35+05:30,2025-04-04 22:45+05:30,Arrived,6E
42365ccb-ff1e-4084-be83-00ae5152cca9,6E 6452,VT-IIZ,PAT,BLR,2025-04-04 20:05:00+05:30,2025-04-04 20:05+05:30,2025-04-04 22:40+05:30,2025-04-04 22:50+05:30,Arrived,6E
dbd6ea5f-efd0-4ae1-afbc-f5548261f669,6E 593,VT-IXJ,IXC,BLR,2025-04-04 19:40:00+05:30,2025-04-04 19:40+05:30,2025-04-04 22:50+05:30,2025-04-04 22:50+05:30,Arrived,6E
b0324b1e-fb21-4405-9e48-a529d32191fe,QP 1551,VT-YAU,PNQ,BLR,2025-04-04 21:05:00+05:30,2025-04-04 21:05+05:30,2025-04-04 22:45+05:30,2025-04-04 22:55+05:30,Arrived,QP
02216e14-235e-4b6a-aac9-ade7727638bf,FD 137,HS-ABW,DMK,BLR,2025-04-04 20:35:00+07:00,2025-04-04 20:32+07:00,2025-04-04 22:40+05:30,2025-04-04 22:55+05:30,Arrived,FD
67360346-3f77-418e-85ad-f623d2d4b85a,S5 152,VT-GSU,HYD,BLR,,Unknown,2025-04-04 22:10+05:30,2025-04-04 23:00+05:30,Arrived,S5
e33bd6e8-f462-4022-a9f9-4ab2fb89f424,6E 7133,VT-IYF,VGA,BLR,2025-04-04 20:50:00+05:30,2025-04-04 20:50+05:30,2025-04-04 22:35+05:30,2025-04-04 23:00+05:30,Arrived,6E
72c5d4a3-f88d-46e5-96e5-38abadb00f01,6E 5252,VT-ICY,BOM,BLR,2025-04-04 20:45:00+05:30,2025-04-04 20:45+05:30,2025-04-04 22:45+05:30,2025-04-04 23:00+05:30,Arrived,6E
07db5fd1-88a8-49e0-80ce-d11b0d795719,6E 796,VT-IIY,MAA,BLR,2025-04-04 22:00:00+05:30,2025-04-04 22:00+05:30,2025-04-04 23:05+05:30,2025-04-04 23:08+05:30,Arrived,6E
f22be165-bea4-482d-87d4-82b000c15309,AI 2809,VT-RTW,DEL,BLR,2025-04-04 20:10:00+05:30,2025-04-04 20:10+05:30,2025-04-04 22:55+05:30,2025-04-04 23:10+05:30,Arrived,AI
7812f3e2-f8db-4279-8bea-f08191aa9bc1,6E 611,VT-IFZ,BBI,BLR,2025-04-04 21:10:00+05:30,2025-04-04 21:10+05:30,2025-04-04 23:20+05:30,2025-04-04 23:12+05:30,Arrived,6E
78f24e0e-9430-4ba0-8a60-c309ea7b8d1a,6E 285,VT-ICD,HYD,BLR,2025-04-04 21:25:00+05:30,2025-04-04 21:25+05:30,2025-04-04 22:50+05:30,2025-04-04 23:12+05:30,Arrived,6E
4238cde4-a695-4580-82c8-da544634edea,IX 2793,VT-RTP,GOI,BLR,2025-04-04 22:05:00+05:30,2025-04-04 22:05+05:30,2025-04-04 23:00+05:30,2025-04-04 23:14+05:30,Arrived,IX
48fe0ea0-3d06-48f4-950d-5d3701a81b62,AI 520,VT-TQH,HYD,BLR,2025-04-04 21:45:00+05:30,2025-04-04 21:45+05:30,2025-04-04 23:00+05:30,2025-04-04 23:17+05:30,Arrived,AI
bd3912b4-2fff-4601-986f-4a832f83da23,6E 6515,VT-IWT,DEL,BLR,2025-04-04 20:15:00+05:30,2025-04-04 20:15+05:30,2025-04-04 23:15+05:30,2025-04-04 23:19+05:30,Arrived,6E
57df8d1c-47c3-4d5c-bd52-41d57d7597e1,AK 53,9M-RAJ,KUL,BLR,2025-04-04 21:05:00+08:00,2025-04-04 21:52+08:00,2025-04-04 22:45+05:30,2025-04-04 23:23+05:30,Arrived,AK
7aff274f-f756-4858-852f-9014e854edfb,6E 1184,VT-ICS,CMB,BLR,2025-04-04 21:55:00+05:30,2025-04-04 21:55+05:30,2025-04-04 23:20+05:30,2025-04-04 23:25+05:30,Arrived,6E
a7adb4ba-d03b-4971-9e8a-f2ca067056d6,AI 2600,VT-TQL,DEL,BLR,2025-04-04 17:00:00+05:30,2025-04-04 20:43+05:30,2025-04-04 19:50+05:30,2025-04-04 23:25+05:30,Arrived,AI
03d7ebb5-6be1-47fc-b24e-e523e217f650,AI 2807,VT-RTL,DEL,BLR,2025-04-04 20:30:00+05:30,2025-04-04 20:30+05:30,2025-04-04 23:25+05:30,2025-04-04 23:27+05:30,Arrived,AI
15c2ee11-df86-4cf5-8b84-0613e6b5646c,AI 2401,VT-TQR,BOM,BLR,2025-04-04 21:30:00+05:30,2025-04-04 21:30+05:30,2025-04-04 23:35+05:30,2025-04-04 23:29+05:30,Arrived,AI
a878f34a-ae1e-4076-9784-1776bcb2bee5,AF 194,F-HTYF,CDG,BLR,2025-04-04 10:30:00+02:00,2025-04-04 11:11+02:00,2025-04-04 23:50+05:30,2025-04-04 23:33+05:30,Expected,AF
fb071076-b599-4946-a98a-3b4f30b30a54,TG 325,HS-THD,BKK,BLR,2025-04-04 21:20:00+07:00,2025-04-04 21:32+07:00,2025-04-04 23:25+05:30,2025-04-04 23:34+05:30,Expected,TG
880241ae-2010-451f-8ca2-e37e1c029551,6E 6314,YL-LDW,CCU,BLR,2025-04-04 20:35:00+05:30,2025-04-04 20:35+05:30,2025-04-04 23:15+05:30,2025-04-04 23:36+05:30,Arrived,6E
375782d3-eb09-4180-8653-fb1e08a17048,6E 373,VT-IJT,JAI,BLR,2025-04-04 21:00:00+05:30,2025-04-04 21:00+05:30,2025-04-04 23:30+05:30,2025-04-04 23:38+05:30,Expected,6E
a767833c-4d30-4040-9877-9bbd0c05eaed,IX 2517,VT-IMP,VNS,BLR,2025-04-04 21:05:00+05:30,2025-04-04 21:05+05:30,2025-04-04 23:50+05:30,2025-04-04 23:45+05:30,Expected,IX
6ab71c03-a4ad-4d21-9c52-9a12b1da9771,6E 7587,VT-IYU,IXM,BLR,2025-04-04 21:40:00+05:30,2025-04-04 21:40+05:30,2025-04-04 23:10+05:30,2025-04-04 23:45+05:30,Delayed,6E
00e8f978-f3ad-400e-8ba7-d7e5aaca6907,6E 6298,VT-IFK,GOX,BLR,,Unknown,2025-04-04 23:55+05:30,2025-04-04 23:46+05:30,Expected,6E
dbdd94b4-6685-4f87-bbd6-8a5c59da8679,6E 5388,VT-IMD,BOM,BLR,2025-04-04 22:00:00+05:30,2025-04-04 22:00+05:30,2025-04-05 00:05+05:30,2025-04-04 23:49+05:30,Arrived,6E
70fda23a-83d0-4615-8fdc-16c16813ccbb,6E 153,VT-IPL,CCJ,BLR,2025-04-04 22:30:00+05:30,2025-04-04 22:30+05:30,2025-04-04 23:35+05:30,2025-04-04 23:49+05:30,Expected,6E
002288aa-0f20-46fe-8915-8c718758f752,SL 216,HS-LUZ,DMK,BLR,2025-04-04 21:20:00+07:00,2025-04-04 21:35+07:00,2025-04-04 23:35+05:30,2025-04-04 23:56+05:30,Delayed,SL
9d183201-98eb-45e4-8a2e-935fb86f3cca,CX 623,B-LRN,HKG,BLR,2025-04-04 20:35:00+08:00,2025-04-04 20:35+08:00,2025-04-05 00:10+05:30,2025-04-04 23:57+05:30,Arrived,CX
86f0270f-fb56-4c41-a883-2f06bd1df8cc,6E 472,VT-ICQ,COK,BLR,2025-04-04 22:00:00+05:30,2025-04-04 22:00+05:30,2025-04-04 23:05+05:30,2025-04-04 23:58+05:30,Delayed,6E
0b04d87d-10d7-47ad-b2f3-681474c430b1,IX 2799,VT-ATF,HYD,BLR,2025-04-04 22:50:00+05:30,2025-04-04 22:50+05:30,2025-04-05 00:25+05:30,2025-04-04 23:59+05:30,Arrived,IX
b9ff7996-3084-4295-94f4-24dee5438b70,MH 192,9M-MVE,KUL,BLR,2025-04-04 22:00:00+08:00,2025-04-04 22:46+08:00,2025-04-04 23:45+05:30,2025-04-05 00:00+05:30,Delayed,MH
ec88855d-0360-4ae3-847e-05c7bfe8170e,MH 192,9M-MVE,KUL,BLR,2025-04-04 22:00:00+08:00,2025-04-04 22:46+08:00,2025-04-04 23:45+05:30,2025-04-05 00:00+05:30,Delayed,MH
470ee1b9-e70e-492a-b32d-c6d16bf4c869,6E 1038,VT-IIW,KUL,BLR,2025-04-04 21:55:00+08:00,2025-04-04 22:41+08:00,2025-04-04 23:10+05:30,2025-04-05 00:00+05:30,Delayed,6E
048cb164-255d-411f-aaee-5d4adc6d4ee6,6E 1038,VT-IIW,KUL,BLR,2025-04-04 21:55:00+08:00,2025-04-04 22:41+08:00,2025-04-04 23:10+05:30,2025-04-05 00:00+05:30,Delayed,6E
b1291427-7309-4dff-b144-a5d0e36fe894,IX 2351,VT-JPR,LKO,BLR,2025-04-04 21:05:00+05:30,2025-04-04 21:05+05:30,2025-04-04 23:45+05:30,2025-04-05 00:03+05:30,Delayed,IX
25046ff0-fb2e-49b4-94c6-7a2d2b801241,IX 2734,VT-BXV,TRV,BLR,2025-04-04 22:45:00+05:30,2025-04-04 22:45+05:30,2025-04-05 00:05+05:30,2025-04-05 00:03+05:30,Arrived,IX
4ae9c72e-ff3f-4656-95c6-bfed881f0286,6E 979,YL-LDU,RPR,BLR,2025-04-04 19:55:00+05:30,2025-04-04 19:55+05:30,2025-04-04 21:55+05:30,2025-04-05 00:05+05:30,Delayed,6E
8d248d03-419c-4ef6-98de-a30c02496439,6E 6505,VT-IFV,HYD,BLR,2025-04-04 22:45:00+05:30,2025-04-04 22:45+05:30,2025-04-05 00:05+05:30,2025-04-05 00:11+05:30,Arrived,6E
7368586a-641c-479a-8c07-16a0ab0a3378,IX 2698,VT-RTO,COK,BLR,2025-04-04 22:55:00+05:30,2025-04-04 22:55+05:30,2025-04-05 00:15+05:30,2025-04-05 00:17+05:30,Arrived,IX
ef17d9ea-1b42-4f73-9370-44ed210c3127,QP 1135,VT-YAJ,GAU,BLR,2025-04-04 21:00:00+05:30,2025-04-04 21:00+05:30,2025-04-05 00:20+05:30,2025-04-05 00:17+05:30,Arrived,QP
7ef126ec-14ba-4498-8b3a-1850f74a0b6f,LH 764,D-AIXS,MUC,BLR,2025-04-04 12:10:00+02:00,2025-04-04 12:10+02:00,2025-04-05 00:30+05:30,2025-04-05 00:23+05:30,Arrived,LH
e4932448-efed-444a-94b2-ac7c86a43642,QP 1367,VT-YAE,BOM,BLR,2025-04-04 22:35:00+05:30,2025-04-04 22:35+05:30,2025-04-05 00:20+05:30,2025-04-05 00:28+05:30,Arrived,QP
d58136ac-9d7f-4d02-a304-7b91b96aa6af,6E 691,VT-IQA,TRV,BLR,2025-04-04 22:40:00+05:30,2025-04-04 22:40+05:30,2025-04-05 00:05+05:30,2025-04-05 00:35+05:30,Arrived,6E
14338d4f-0c1c-4c15-8969-047b1f4fcc66,6E 6354,YL-LDF,LKO,BLR,2025-04-04 19:35:00+05:30,2025-04-04 19:35+05:30,2025-04-04 22:20+05:30,2025-04-05 00:35+05:30,Delayed,6E
173b24be-8133-4dcc-9ba6-611e5ad140e6,6E 6803,VT-ILF,NAG,BLR,2025-04-04 22:25:00+05:30,2025-04-04 22:25+05:30,2025-04-05 00:20+05:30,2025-04-05 00:38+05:30,Arrived,6E
7aa8d056-83e9-466e-afef-d8250d8ba664,6E 573,VT-IMB,CCU,BLR,2025-04-04 22:00:00+05:30,2025-04-04 22:00+05:30,2025-04-05 00:40+05:30,2025-04-05 00:40+05:30,Arrived,6E
3640f5d3-7f07-49a8-abcd-334a2e00ff2f,6E 477,VT-NCE,DEL,BLR,2025-04-04 21:45:00+05:30,2025-04-04 21:45+05:30,2025-04-05 00:40+05:30,2025-04-05 00:44+05:30,Arrived,6E
36159586-9906-4056-9078-a8a55cdb81b1,IX 2750,VT-IXR,STV,BLR,2025-04-04 22:55:00+05:30,2025-04-04 22:55+05:30,2025-04-05 01:10+05:30,2025-04-05 00:45+05:30,Arrived,IX
ed984590-97cb-4dce-bece-7bc84c398748,AI 2412,VT-RTX,DEL,BLR,2025-04-04 21:35:00+05:30,2025-04-04 21:35+05:30,2025-04-05 00:30+05:30,2025-04-05 00:47+05:30,Arrived,AI
466670ef-d254-411a-8a3c-b9d951a319cb,6E 499,VT-ITV,VNS,BLR,2025-04-04 21:55:00+05:30,2025-04-04 21:55+05:30,2025-04-05 00:25+05:30,2025-04-05 00:49+05:30,Arrived,6E
ff601848-4ebc-4ed8-91c5-166337ef8394,9I 548,VT-RKJ,GOI,BLR,2025-04-04 22:20:00+05:30,2025-04-04 22:20+05:30,2025-04-04 23:45+05:30,2025-04-05 00:52+05:30,Delayed,9I
cc272a14-e405-42ab-8b0b-f42f13874064,QP 1318,VT-YAM,PNQ,BLR,2025-04-04 22:50:00+05:30,2025-04-04 22:50+05:30,2025-04-05 00:35+05:30,2025-04-05 00:57+05:30,Arrived,QP
4e6fa153-9bb0-4812-9cb9-866206214317,AI 2647,VT-TYE,AMD,BLR,2025-04-04 22:25:00+05:30,2025-04-04 22:48+05:30,2025-04-05 00:45+05:30,2025-04-05 00:57+05:30,Arrived,AI
dff836ea-7bd1-4530-95e0-0c7cb7539e00,6E 6567,VT-ILL,MAA,BLR,2025-04-04 23:45:00+05:30,2025-04-04 23:45+05:30,2025-04-05 01:00+05:30,2025-04-05 00:57+05:30,Arrived,6E
d7f48465-440b-47d3-88fc-f65c0e8a55f4,IX 2744,VT-BXW,VTZ,BLR,2025-04-04 23:15:00+05:30,2025-04-04 23:15+05:30,2025-04-05 00:55+05:30,2025-04-05 00:57+05:30,Arrived,IX
98e970bf-6812-47ba-9c87-8e9e977a92e4,IX 2760,VT-EXB,BBI,BLR,2025-04-04 22:55:00+05:30,2025-04-04 22:55+05:30,2025-04-05 01:00+05:30,2025-04-05 00:59+05:30,Arrived,IX
dd031bc9-38a3-45ca-9694-051e8745ae4e,IX 2729,VT-BXN,JAI,BLR,2025-04-04 22:15:00+05:30,2025-04-04 22:15+05:30,2025-04-05 00:30+05:30,2025-04-05 01:02+05:30,Arrived,IX
6348ad54-e09c-4d6a-b611-915196c530d0,6E 6466,YL-LDX,BHO,BLR,2025-04-04 22:10:00+05:30,2025-04-04 22:10+05:30,2025-04-05 00:15+05:30,2025-04-05 01:09+05:30,Arrived,6E
547df559-8d5a-4b85-beb4-b8a5933f11a6,QP 1350,VT-YBC,DEL,BLR,2025-04-04 21:55:00+05:30,2025-04-04 22:26+05:30,2025-04-05 00:50+05:30,2025-04-05 01:11+05:30,Arrived,QP
b28fbbca-ca8d-401a-a0a3-2f1564ec2b28,JL 753,JA840J,NRT,BLR,2025-04-04 18:55:00+09:00,2025-04-04 19:27+09:00,2025-04-05 00:50+05:30,2025-04-05 01:13+05:30,Arrived,UNKNOWN
1b1951fa-7f44-497a-a5da-741ecd4ae31f,6E 901,VT-ILC,GOI,BLR,2025-04-04 23:35:00+05:30,2025-04-04 23:35+05:30,2025-04-05 00:50+05:30,2025-04-05 01:14+05:30,Arrived,6E
95691e84-00ac-4f2e-8aef-01d0ae982166,IX 2748,VT-GWH,DEL,BLR,2025-04-04 22:10:00+05:30,2025-04-04 22:10+05:30,2025-04-05 01:10+05:30,2025-04-05 01:17+05:30,Arrived,IX
6388c410-0225-4bf6-8617-5a4afaa45077,6E 996,YL-LDN,AMD,BLR,2025-04-04 21:55:00+05:30,2025-04-04 21:55+05:30,2025-04-05 00:15+05:30,2025-04-05 01:21+05:30,Arrived,6E
57c35428-3af7-470f-83c7-678adca69382,6E 949,VT-IMY,HYD,BLR,2025-04-05 00:15:00+05:30,2025-04-05 00:15+05:30,2025-04-05 01:30+05:30,2025-04-05 01:27+05:30,Arrived,6E
d630c650-b5fe-45d7-b26f-35b77bc38b7d,IX 2745,Unknown,LKO,BLR,,Unknown,2025-04-05 01:40+05:30,2025-04-05 01:30+05:30,Canceled,IX
03dad8a8-2289-4fd4-9854-2d0d464d692d,6E 906,VT-ILN,LKO,BLR,2025-04-04 22:45:00+05:30,2025-04-04 22:45+05:30,2025-04-05 01:30+05:30,2025-04-05 01:31+05:30,Arrived,6E
18731212-0c55-4c61-9914-d2c913f0b0de,QP 1738,VT-YBD,BOM,BLR,2025-04-04 23:55:00+05:30,2025-04-04 23:55+05:30,2025-04-05 01:45+05:30,2025-04-05 01:40+05:30,Arrived,QP
2c33121b-2832-4120-931e-ae579a6dfb80,LH 754,D-ABVU,FRA,BLR,2025-04-04 12:55:00+02:00,2025-04-04 12:55+02:00,2025-04-05 01:20+05:30,2025-04-05 01:40+05:30,Arrived,LH
4ad5c3b7-73b4-4904-818b-5c3d386aa315,IX 1326,VT-EXC,LKO,BLR,2025-04-04 23:15:00+05:30,2025-04-04 23:15+05:30,2025-04-05 02:15+05:30,2025-04-05 01:44+05:30,Arrived,IX
f6d7aa39-d444-496b-836d-36d523101a5b,6E 5269,VT-IWQ,DEL,BLR,2025-04-04 23:00:00+05:30,2025-04-04 23:00+05:30,2025-04-05 01:55+05:30,2025-04-05 01:49+05:30,Arrived,6E
c4e8df26-17d7-45ae-8cb1-f6ebc14ff451,6E 6121,VT-ITU,PAT,BLR,2025-04-04 23:25:00+05:30,2025-04-04 23:25+05:30,2025-04-05 02:00+05:30,2025-04-05 01:53+05:30,Arrived,6E
4dca2223-1ce4-4d4d-87d7-8192badb9166,6E 5322,VT-IMX,BOM,BLR,2025-04-05 00:05:00+05:30,2025-04-05 00:05+05:30,2025-04-05 02:05+05:30,2025-04-05 01:58+05:30,Arrived,6E
9f8c85f3-01d5-42a4-a0bd-0b40ea5ec097,6E 5355,VT-ISR,CJB,BLR,2025-04-04 23:45:00+05:30,2025-04-04 23:45+05:30,2025-04-05 00:45+05:30,2025-04-05 02:02+05:30,Arrived,6E
d443e63a-7c5d-4e5c-b0ad-3715eb211cbf,IX 1460,VT-BXT,PAT,BLR,2025-04-04 23:35:00+05:30,2025-04-04 23:35+05:30,2025-04-05 02:30+05:30,2025-04-05 02:09+05:30,Arrived,IX
fe8a557e-ddaf-4fda-a82f-80faedaf0e85,UL 173,4R-ABN,CMB,BLR,2025-04-05 00:35:00+05:30,2025-04-05 00:35+05:30,2025-04-05 02:00+05:30,2025-04-05 02:11+05:30,Arrived,UL
242a7b01-d191-4614-b9ae-45f9705fa979,QR 572,A7-BAM,DOH,BLR,2025-04-04 19:40:00+03:00,2025-04-04 19:40+03:00,2025-04-05 02:30+05:30,2025-04-05 02:17+05:30,Arrived,QR
a638cb23-72b1-411d-9926-81f8f8cc8f7f,SG 151,VT-SYJ,DEL,BLR,2025-04-04 20:00:00+05:30,2025-04-04 23:38+05:30,2025-04-04 23:10+05:30,2025-04-05 02:23+05:30,Delayed,SG
5d26d2c4-14a2-4e79-93d5-0240e7fb93d4,6E 361,VT-IMG,PNQ,BLR,2025-04-05 00:45:00+05:30,2025-04-05 00:45+05:30,2025-04-05 02:20+05:30,2025-04-05 02:23+05:30,Arrived,6E
0f4e8103-ffc9-4250-8b47-a778f13a0c2d,IX 1976,VT-BXQ,ATQ,BLR,2025-04-04 23:35:00+05:30,2025-04-04 23:35+05:30,2025-04-05 02:45+05:30,2025-04-05 02:24+05:30,Arrived,IX
86be79f3-21c5-482b-9786-c5e95f37cccb,EK 568,A6-EVM,DXB,BLR,2025-04-04 21:15:00+04:00,2025-04-04 21:15+04:00,2025-04-05 02:45+05:30,2025-04-05 02:28+05:30,Arrived,EK
b30c0499-1e24-4ff7-84b1-cb2bf98d541c,6E 1302,A7-BSF,DOH,BLR,2025-04-04 19:45:00+03:00,2025-04-04 19:43+03:00,2025-04-05 02:35+05:30,2025-04-05 02:30+05:30,Arrived,6E
36f5ed74-00d3-42b9-bf8d-c5b07b7932dc,IX 2726,VT-VNS,CCU,BLR,2025-04-05 00:15:00+05:30,2025-04-05 00:15+05:30,2025-04-05 03:00+05:30,2025-04-05 02:46+05:30,Arrived,IX
caea3611-78c2-4536-be9c-458516f3cc7a,SG 869,VT-SLP,CCU,BLR,2025-04-04 23:40:00+05:30,2025-04-04 23:40+05:30,2025-04-05 02:20+05:30,2025-04-05 02:56+05:30,Arrived,SG
2b58d8a9-7739-4886-855b-5f43a4d6ac4e,QP 1541,VT-YAP,CCU,BLR,2025-04-04 23:20:00+05:30,2025-04-04 23:20+05:30,2025-04-05 02:05+05:30,2025-04-05 03:00+05:30,Arrived,QP
f291ded6-c643-4729-98bc-ed93860fa90e,IX 484,VT-ATG,DMM,BLR,2025-04-04 20:30:00+03:00,2025-04-04 20:30+03:00,2025-04-05 03:15+05:30,2025-04-05 03:07+05:30,Arrived,IX
99ec03f2-4b3f-4c44-bef1-dcb82256ba2a,EY 232,A6-AEP,AUH,BLR,2025-04-04 20:40:00+04:00,2025-04-04 20:40+04:00,2025-04-05 02:15+05:30,2025-04-05 03:07+05:30,Arrived,EY
ec4191a1-fdbe-46a8-8034-e9a0f8098f6b,VS 316,G-VMAP,LHR,BLR,2025-04-04 12:45:00+01:00,2025-04-04 13:04+01:00,2025-04-05 03:35+05:30,2025-04-05 03:12+05:30,Arrived,VS
f4033cd6-116f-4de5-a28c-ed1648ba3d02,IX 492,VT-RTH,AUH,BLR,2025-04-04 22:05:00+04:00,2025-04-04 22:05+04:00,2025-04-05 03:50+05:30,2025-04-05 03:13+05:30,Arrived,IX
ab40fd1e-e74b-4eff-88dd-9e7d1442576e,QP 1332,VT-YAF,AMD,BLR,2025-04-04 20:05:00+05:30,2025-04-04 20:05+05:30,2025-04-04 22:25+05:30,2025-04-05 03:15+05:30,Delayed,QP
c6cfbcbc-3795-49fd-8a02-e98edbca1e1a,IX 2739,VT-EXE,PNQ,BLR,2025-04-05 01:45:00+05:30,2025-04-05 01:45+05:30,2025-04-05 03:30+05:30,2025-04-05 03:18+05:30,Arrived,IX
cc05b28d-12a9-4a1e-a054-5a5accc82968,G9 496,A6-ABM,SHJ,BLR,2025-04-04 22:10:00+04:00,2025-04-04 22:10+04:00,2025-04-05 03:40+05:30,2025-04-05 03:21+05:30,Arrived,G9
e9228652-09e1-4e67-9aff-b9f853934505,6E 1486,VT-IIA,DXB,BLR,2025-04-04 22:20:00+04:00,2025-04-04 22:20+04:00,2025-04-05 04:05+05:30,2025-04-05 03:47+05:30,Arrived,6E
4e701f03-e8f1-4d3d-969f-fea6e89d6bf7,QP 1539,VT-YAT,BOM,BLR,2025-04-05 02:20:00+05:30,2025-04-05 02:20+05:30,2025-04-05 04:10+05:30,2025-04-05 03:55+05:30,Arrived,QP
31cc6fdb-8a79-4b19-b057-9c5cb467f1a0,KU 353,9K-AKM,KWI,BLR,2025-04-04 20:50:00+03:00,2025-04-04 20:50+03:00,2025-04-05 04:20+05:30,2025-04-05 04:04+05:30,Arrived,KU
cbcd7284-7eee-4290-807f-fd5c48e0a7f9,6E 6284,VT-ICD,BOM,BLR,2025-04-05 02:30:00+05:30,2025-04-05 02:30+05:30,2025-04-05 04:15+05:30,2025-04-05 04:15+05:30,Arrived,6E
8bc0139d-0dd6-485d-9568-ade94d405e8c,GF 282,A9C-CC,BAH,BLR,2025-04-04 21:25:00+03:00,2025-04-04 21:25+03:00,2025-04-05 04:55+05:30,2025-04-05 04:22+05:30,Arrived,GF
a5d91fd5-bf24-42a5-bcad-8997e1a59239,BA 119,G-YMMJ,LHR,BLR,2025-04-04 14:00:00+01:00,2025-04-04 14:27+01:00,2025-04-05 04:40+05:30,2025-04-05 04:31+05:30,Arrived,BA
44b2c6f9-dd49-4951-8c92-ac04d4766770,6E 6564,VT-ICQ,PNQ,BLR,2025-04-05 02:55:00+05:30,2025-04-05 02:55+05:30,2025-04-05 04:30+05:30,2025-04-05 04:47+05:30,Arrived,6E
5196a31d-dc81-4954-8683-a3ce237d615b,6E 6422,VT-IMH,AMD,BLR,2025-04-05 04:05:00+05:30,2025-04-05 04:08+05:30,2025-04-05 06:25+05:30,2025-04-05 05:57+05:30,Arrived,6E
1b3f2185-131e-41cb-823c-dbad4bf39d51,6E 1409,VT-IWM,AUH,BLR,2025-04-05 00:30:00+04:00,2025-04-05 00:30+04:00,2025-04-05 05:40+05:30,2025-04-05 06:07+05:30,Arrived,6E
e4e46fb0-84f2-43e9-b990-83a7c3e08f13,AI 2653,VT-TQQ,DEL,BLR,2025-04-05 03:30:00+05:30,2025-04-05 03:30+05:30,2025-04-05 06:15+05:30,2025-04-05 06:16+05:30,Arrived,AI
23d71afc-fbb9-4c95-9c7c-458092f6557c,6E 702,VT-IVE,COK,BLR,2025-04-05 05:25:00+05:30,2025-04-05 05:25+05:30,2025-04-05 06:40+05:30,2025-04-05 06:18+05:30,Arrived,6E
adca1754-41a2-4a4b-aa43-0a9200533edd,6E 887,VT-IIF,HYD,BLR,2025-04-05 05:15:00+05:30,2025-04-05 05:15+05:30,2025-04-05 06:25+05:30,2025-04-05 06:23+05:30,Arrived,6E
3570528a-b72e-4bdf-b313-49b7a7c15cd4,6E 6877,VT-ILF,PNQ,BLR,2025-04-05 05:00:00+05:30,2025-04-05 05:00+05:30,2025-04-05 06:35+05:30,2025-04-05 06:28+05:30,Arrived,6E
ea106c6e-b304-4486-b1ed-0689b338033a,6E 6438,VT-IBE,CCU,BLR,2025-04-05 05:00:00+05:30,2025-04-05 05:00+05:30,2025-04-05 07:40+05:30,2025-04-05 07:22+05:30,Arrived,6E
b6de190d-37f0-46d9-a79d-e34e603f1163,6E 1006,VT-IXM,SIN,BLR,2025-04-05 05:40:00+08:00,2025-04-05 05:40+08:00,2025-04-05 07:35+05:30,2025-04-05 07:29+05:30,Arrived,6E
2e7ef3c9-4b56-482e-b1fb-dda2324dfa18,6E 413,VT-IMJ,HYD,BLR,2025-04-05 06:35:00+05:30,2025-04-05 06:35+05:30,2025-04-05 07:50+05:30,2025-04-05 07:36+05:30,Arrived,6E
8829039c-e9db-4b82-86db-ebb45996c05f,6E 6081,VT-IIB,MAA,BLR,2025-04-05 07:00:00+05:30,2025-04-05 07:00+05:30,2025-04-05 08:00+05:30,2025-04-05 07:47+05:30,Arrived,6E
812c9753-e63e-4886-92b9-26f92fedc670,AI 2845,VT-TVF,BOM,BLR,2025-04-05 06:00:00+05:30,2025-04-05 06:00+05:30,2025-04-05 07:45+05:30,2025-04-05 07:49+05:30,Arrived,AI
702e40b7-46c3-45ff-9e23-5b9f8e526fff,6E 5352,VT-IMY,BOM,BLR,2025-04-05 06:05:00+05:30,2025-04-05 06:05+05:30,2025-04-05 07:55+05:30,2025-04-05 07:59+05:30,Arrived,6E
21f92c7d-ae91-4b97-b046-455ea37d6dbc,IX 2613,Unknown,MAA,JAI,2025-04-04 20:00:00+05:30,2025-04-04 20:00+05:30,2025-04-04 22:50+05:30,2025-04-04 22:50+05:30,Unknown,IX
abe0af18-98e2-4d24-8d99-39cad50114a7,6E 6812,Unknown,MAA,CJB,2025-04-04 20:00:00+05:30,2025-04-04 20:00+05:30,2025-04-04 21:05+05:30,2025-04-04 21:05+05:30,Unknown,6E
2652b1d4-9479-4a9b-9907-0eda39d38ec8,6E 6381,Unknown,MAA,JAI,2025-04-04 20:05:00+05:30,2025-04-04 20:05+05:30,2025-04-04 22:35+05:30,2025-04-04 22:35+05:30,Unknown,6E
105114c5-ec45-4129-93b0-ddb765b49c8b,6E 5149,Unknown,MAA,BOM,2025-04-04 20:10:00+05:30,2025-04-04 20:10+05:30,2025-04-04 22:20+05:30,2025-04-04 22:20+05:30,Unknown,6E
4adcf02f-b84d-4dc0-ab92-d1afad267f38,6E 7592,Unknown,MAA,IXM,2025-04-04 20:15:00+05:30,2025-04-04 20:15+05:30,2025-04-04 21:45+05:30,2025-04-04 21:45+05:30,Unknown,6E
3ea4d34c-c059-44b7-89c2-4b3191741316,6E 6903,Unknown,MAA,COK,2025-04-04 20:15:00+05:30,2025-04-04 20:15+05:30,2025-04-04 21:30+05:30,2025-04-04 21:30+05:30,Unknown,6E
182b3713-5193-408b-a419-a03881ea899d,6E 193,Unknown,MAA,HYD,2025-04-04 20:20:00+05:30,2025-04-04 20:20+05:30,2025-04-04 21:35+05:30,2025-04-04 21:35+05:30,Unknown,6E
541fe9ae-0448-474e-8508-a8a4010a5d3f,IX 1637,Unknown,MAA,COK,2025-04-04 20:35:00+05:30,2025-04-04 20:35+05:30,2025-04-04 22:00+05:30,2025-04-04 22:00+05:30,Unknown,IX
8327a211-6889-46d9-b261-6f8c2c64dd06,AI 538,VT-AEI,MAA,DEL,2025-04-04 20:40:00+05:30,2025-04-04 20:40+05:30,2025-04-04 23:25+05:30,2025-04-04 23:25+05:30,Departed,AI
905e08da-2f83-4c29-b3e8-69965f2ca641,6E 1001,Unknown,MAA,SIN,2025-04-04 20:45:00+05:30,2025-04-04 20:45+05:30,2025-04-05 03:40+08:00,2025-04-05 03:23+08:00,Departed,6E
88660353-5529-47ef-b29c-2c355a03ce5c,6E 6149,Unknown,MAA,TRV,2025-04-04 20:50:00+05:30,2025-04-04 20:50+05:30,2025-04-04 22:15+05:30,2025-04-04 22:15+05:30,Unknown,6E
e6b98e00-c29b-4455-ba18-a1c2f47c5cd0,6E 7051,Unknown,MAA,TRZ,2025-04-04 21:05:00+05:30,2025-04-04 21:05+05:30,2025-04-04 22:15+05:30,2025-04-04 22:15+05:30,Unknown,6E
567ca84a-dfbb-4d3a-8dcb-ebd821ce8251,6E 2166,Unknown,MAA,DEL,2025-04-04 21:05:00+05:30,2025-04-04 21:05+05:30,2025-04-05 00:05+05:30,2025-04-04 23:43+05:30,Departed,6E
b34f0721-1a40-4230-ba04-db6d3341e0b8,6E 923,Unknown,MAA,CCU,2025-04-04 21:10:00+05:30,2025-04-04 21:10+05:30,2025-04-04 23:40+05:30,2025-04-04 23:40+05:30,Unknown,6E
ef355e02-b69e-4c67-bb7a-580c4386054f,UL 124,Unknown,MAA,CMB,2025-04-04 21:15:00+05:30,2025-04-04 21:15+05:30,2025-04-04 22:40+05:30,2025-04-04 22:40+05:30,Unknown,UL
c019d9b0-05e3-4f36-9c8b-6f092276221b,IX 2665,Unknown,MAA,PNQ,2025-04-04 21:20:00+05:30,2025-04-04 21:20+05:30,2025-04-04 23:00+05:30,2025-04-04 23:00+05:30,Unknown,IX
f7e6b68f-f917-4053-9f6f-c9197c6587dd,6E 156,Unknown,MAA,COK,2025-04-04 21:20:00+05:30,2025-04-04 21:20+05:30,2025-04-04 22:30+05:30,2025-04-04 22:30+05:30,Unknown,6E
e3ac028e-4866-49ca-903d-4c975894963b,6E 6487,Unknown,MAA,HYD,2025-04-04 21:25:00+05:30,2025-04-04 21:25+05:30,2025-04-04 22:35+05:30,2025-04-04 22:35+05:30,Unknown,6E
62068e3c-29d1-4cb7-94f2-2aeb0ca8d510,GF 53,A9C-CE,MAA,BAH,2025-04-04 21:35:00+05:30,2025-04-04 21:35+05:30,2025-04-04 23:59+03:00,2025-04-04 23:59+03:00,Unknown,GF
10d33704-fe47-487f-906e-6982eeea3260,AI 2838,Unknown,MAA,DEL,2025-04-04 21:45:00+05:30,2025-04-04 21:45+05:30,2025-04-05 01:05+05:30,2025-04-05 00:20+05:30,Departed,AI
8496264c-4300-45ac-bf4e-093c07dbc7df,EY 347,Unknown,MAA,AUH,2025-04-04 21:50:00+05:30,2025-04-04 21:50+05:30,2025-04-05 00:40+04:00,2025-04-05 00:40+04:00,Unknown,EY
71d12eab-7461-491a-935a-c10beeafada7,IX 2823,VT-BWU,MAA,HYD,2025-04-04 21:55:00+05:30,2025-04-04 21:55+05:30,2025-04-04 23:25+05:30,2025-04-04 23:25+05:30,Unknown,IX
8767a176-57e4-4f81-bc3d-9ed3dcc221f5,EK 547,A6-ECQ,MAA,DXB,2025-04-04 22:00:00+05:30,2025-04-04 22:00+05:30,2025-04-05 00:45+04:00,2025-04-05 00:45+04:00,Unknown,EK
e014e6fc-85cb-4bc4-aed4-7a8458f2cc1c,6E 796,VT-IIY,MAA,BLR,2025-04-04 22:00:00+05:30,2025-04-04 22:00+05:30,2025-04-04 23:05+05:30,2025-04-04 23:08+05:30,Departed,6E
a8167219-efd2-4f0a-8e68-836e8521a3a2,6E 731,Unknown,MAA,CJB,2025-04-04 22:05:00+05:30,2025-04-04 22:05+05:30,2025-04-04 23:15+05:30,2025-04-04 23:15+05:30,Unknown,6E
fb2ea474-ab29-4245-a7f1-8e344424aa91,6E 1031,VT-ILI,MAA,KUL,2025-04-04 22:10:00+05:30,2025-04-04 22:10+05:30,2025-04-05 04:45+08:00,2025-04-05 04:45+08:00,Departed,6E
b546befa-004c-4a2d-90a4-1c229e4ad0c0,6E 341,Unknown,MAA,HYD,2025-04-04 22:20:00+05:30,2025-04-04 22:20+05:30,2025-04-04 23:35+05:30,2025-04-04 23:35+05:30,Unknown,6E
1e840e7d-f98b-4106-bda6-b4cf19cd2426,6E 1241,VT-IZD,MAA,KWI,2025-04-04 22:20:00+05:30,2025-04-04 22:20+05:30,2025-04-05 01:30+03:00,2025-04-05 01:30+03:00,Unknown,6E
c59a3e31-b40d-4c7a-a865-c842865b780b,IX 1589,VT-BWG,MAA,CCU,2025-04-04 22:25:00+05:30,2025-04-04 22:25+05:30,2025-04-05 01:05+05:30,2025-04-05 01:05+05:30,Unknown,IX
a4025111-3691-4240-b78e-270e055fc2c9,6E 6225,Unknown,MAA,Unknown,2025-04-04 22:30:00+05:30,2025-04-04 22:30+05:30,Unknown,Unknown,Unknown,6E
db9ae424-645d-4f28-b5ba-0dd3981026d4,6E 6021,Unknown,MAA,DEL,2025-04-04 23:00:00+05:30,2025-04-04 23:00+05:30,2025-04-05 02:00+05:30,2025-04-05 01:53+05:30,Departed,6E
c1ea24ba-c55c-4c10-8140-7f99a04f5d0e,6E 561,VT-ITR,MAA,Unknown,2025-04-04 23:00:00+05:30,2025-04-04 23:00+05:30,Unknown,Unknown,Unknown,6E
efd28183-1028-4ad1-8219-837edac99292,SG 2969,Unknown,MAA,Unknown,2025-04-04 23:10:00+05:30,2025-04-04 23:10+05:30,Unknown,Unknown,Unknown,SG
330b2fa5-f511-4cdf-b3e2-80a5d5845af6,SQ 529,9V-SCG,MAA,SIN,2025-04-04 23:15:00+05:30,2025-04-04 23:15+05:30,2025-04-05 06:10+08:00,2025-04-05 05:38+08:00,Departed,SQ
2508ab1f-f652-40e6-8e32-5be427e61bb3,FD 154,HS-BBQ,MAA,DMK,2025-04-04 23:25:00+05:30,2025-04-04 23:25+05:30,2025-04-05 04:20+07:00,2025-04-05 04:13+07:00,Departed,FD
f994dfe9-afa2-4d68-98b1-bffe6ab10160,AK 12,Unknown,MAA,KUL,2025-04-04 23:45:00+05:30,2025-04-04 23:45+05:30,2025-04-05 07:20+08:00,2025-04-05 07:08+08:00,Expected,AK
ab760d23-2e84-46f8-b994-039c6ee95a20,6E 6567,VT-ILL,MAA,BLR,2025-04-04 23:45:00+05:30,2025-04-04 23:45+05:30,2025-04-05 01:00+05:30,2025-04-05 00:57+05:30,Departed,6E
74253bc6-30a3-4f70-bf88-99a328268b84,MH 181,9M-MXD,MAA,KUL,2025-04-04 23:55:00+05:30,2025-04-04 23:55+05:30,2025-04-05 06:25+08:00,2025-04-05 06:17+08:00,Departed,MH
af900229-dc06-4589-8714-755e77094616,TR 579,9V-OFB,MAA,SIN,2025-04-05 00:05:00+05:30,2025-04-05 00:05+05:30,2025-04-05 06:30+08:00,2025-04-05 07:53+08:00,Departed,TR
2fbddb0c-c9a3-40ea-a52a-d71812ed450e,AI 346,VT-PPK,MAA,SIN,2025-04-05 00:35:00+05:30,2025-04-05 00:35+05:30,2025-04-05 07:45+08:00,2025-04-05 07:04+08:00,Departed,AI
4ed85e8f-6758-4142-9cf3-f8e34b3754db,6E 1411,Unknown,MAA,AUH,2025-04-05 00:40:00+05:30,2025-04-05 00:40+05:30,2025-04-05 03:30+04:00,2025-04-05 03:30+04:00,Unknown,6E
b93c7f9d-6aa0-4954-8a75-2c4a4e4dc9f0,6E 1171,Unknown,MAA,CMB,2025-04-05 01:05:00+05:30,2025-04-05 01:05+05:30,2025-04-05 02:30+05:30,2025-04-05 02:30+05:30,Unknown,6E
925e15e3-5a72-465c-a12c-94bad3ab1eb7,TG 338,HS-TQB,MAA,BKK,2025-04-05 01:10:00+05:30,2025-04-05 01:10+05:30,2025-04-05 06:10+07:00,2025-04-05 05:53+07:00,Departed,TG
6cf53ca7-21c3-4c72-b55e-6039de10a514,6E 916,Unknown,MAA,PNQ,2025-04-05 01:10:00+05:30,2025-04-05 01:10+05:30,2025-04-05 02:50+05:30,2025-04-05 02:50+05:30,Unknown,6E
20947156-1d6e-4a1b-b7ec-d9b6623458df,3L 144,Unknown,MAA,AUH,2025-04-05 01:25:00+05:30,2025-04-05 01:25+05:30,2025-04-05 04:10+04:00,2025-04-05 04:10+04:00,Unknown,3L
0147f90d-33cc-4c37-b5ee-65d29a1bd3ff,CX 632,Unknown,MAA,HKG,2025-04-05 01:30:00+05:30,2025-04-05 01:30+05:30,2025-04-05 09:50+08:00,2025-04-05 09:20+08:00,Departed,CX
c1ebadfd-83d2-44ef-9a56-4470b1b6c5ef,6E 1045,Unknown,MAA,PEN,2025-04-05 02:15:00+05:30,2025-04-05 02:15+05:30,2025-04-05 08:30+08:00,2025-04-05 08:30+08:00,Unknown,6E
bf503771-bfad-4a04-b3e2-dac30390bf98,ET 697,ET-AWG,MAA,ADD,2025-04-05 02:45:00+05:30,2025-04-05 02:45+05:30,2025-04-05 06:25+03:00,2025-04-05 06:25+03:00,Unknown,ET
7bb5239b-4611-473e-9e6b-ba643b859088,6E 253,Unknown,MAA,PNQ,2025-04-05 03:10:00+05:30,2025-04-05 03:10+05:30,2025-04-05 04:50+05:30,2025-04-05 04:50+05:30,Unknown,6E
cd427b8b-f03a-408f-9545-9e2094c69f56,6E 2357,Unknown,MAA,DEL,2025-04-05 03:15:00+05:30,2025-04-05 03:15+05:30,2025-04-05 06:10+05:30,2025-04-05 05:43+05:30,Departed,6E
790bef67-26ba-4ced-b430-94ef7249ae14,MK 747,Unknown,MAA,MRU,2025-04-05 03:35:00+05:30,2025-04-05 03:35+05:30,2025-04-05 07:50+04:00,2025-04-05 07:50+04:00,Unknown,MK
f2287dfc-47ae-452f-b3c9-c84cf6125d38,6E 1061,Unknown,MAA,BKK,2025-04-05 03:50:00+05:30,2025-04-05 03:50+05:30,2025-04-05 09:05+07:00,2025-04-05 08:45+07:00,Departed,6E
05741689-c70a-48d8-b158-7da26d69d559,6E 244,VT-ILP,MAA,AMD,2025-04-05 03:55:00+05:30,2025-04-05 03:55+05:30,2025-04-05 06:20+05:30,2025-04-05 05:50+05:30,Departed,6E
cbbdfb11-8a8d-40a0-8cbb-809ce922fe07,6E 1321,Unknown,MAA,DOH,2025-04-05 03:55:00+05:30,2025-04-05 03:55+05:30,2025-04-05 05:50+03:00,2025-04-05 06:29+03:00,Departed,6E
a1f92e6f-9cc7-44d9-9907-ca39935060cb,EK 543,A6-EPG,MAA,DXB,2025-04-05 04:00:00+05:30,2025-04-05 04:00+05:30,2025-04-05 06:40+04:00,2025-04-05 06:40+04:00,Unknown,EK
a64b39ef-716a-4784-929e-84a790dc7523,EK 543,A6-EPG,MAA,DXB,2025-04-05 04:00:00+05:30,2025-04-05 04:00+05:30,2025-04-05 06:40+04:00,2025-04-05 06:40+04:00,Unknown,EK
963fabd9-4611-4418-92e5-6c675f48aa64,G9 472,Unknown,MAA,SHJ,2025-04-05 04:05:00+05:30,2025-04-05 04:05+05:30,2025-04-05 06:40+04:00,2025-04-05 06:40+04:00,Unknown,G9
e27f0c78-e1e6-4901-93ba-3eedea92536e,EY 341,A6-EJA,MAA,AUH,2025-04-05 04:15:00+05:30,2025-04-05 04:15+05:30,2025-04-05 07:05+04:00,2025-04-05 07:05+04:00,Unknown,EY
cdf602b9-8e01-4cf2-87a7-7fa0c1bfc739,QR 529,Unknown,MAA,DOH,2025-04-05 04:20:00+05:30,2025-04-05 04:20+05:30,2025-04-05 06:35+03:00,2025-04-05 06:33+03:00,Departed,QR
fbbda7a0-f1bb-4a19-ba8c-19fb22c05d57,BI 122,V8-RBE,MAA,BWN,2025-04-05 04:20:00+05:30,2025-04-05 04:20+05:30,2025-04-05 12:25+08:00,2025-04-05 12:25+08:00,Unknown,BI
5b369d32-eadf-4cf8-a1d5-87b6917fde62,6E 6001,Unknown,MAA,TRV,2025-04-05 04:35:00+05:30,2025-04-05 04:35+05:30,2025-04-05 05:55+05:30,2025-04-05 05:55+05:30,Unknown,6E
502be687-f590-4701-bacd-614e6e512d68,6E 526,Unknown,MAA,IXZ,2025-04-05 04:40:00+05:30,2025-04-05 04:40+05:30,2025-04-05 06:55+05:30,2025-04-05 06:55+05:30,Unknown,6E
1c3dd948-995b-47fd-8727-3314916d299a,6E 607,Unknown,MAA,PNQ,2025-04-05 04:55:00+05:30,2025-04-05 04:55+05:30,2025-04-05 06:40+05:30,2025-04-05 06:40+05:30,Unknown,6E
8e79f364-019c-4200-a406-a71bc5923d12,6E 5093,TC-MKC,MAA,BOM,2025-04-05 04:55:00+05:30,2025-04-05 04:55+05:30,2025-04-05 06:55+05:30,2025-04-05 06:55+05:30,Unknown,6E
a1132b77-c022-4db5-90e4-59ff9d0701cd,IX 678,VT-GHC,MAA,SIN,2025-04-05 05:00:00+05:30,2025-04-05 05:00+05:30,2025-04-05 11:55+08:00,2025-04-05 12:31+08:00,Departed,IX
e5bc4c36-ce46-46e5-8415-8b1cebbe5f24,IX 2801,Unknown,MAA,BBI,2025-04-05 05:00:00+05:30,2025-04-05 05:00+05:30,2025-04-05 07:05+05:30,2025-04-05 07:05+05:30,Unknown,IX
3981caed-14fd-47f0-986f-7fa6926b46cb,3L 142,A6-AUA,MAA,AUH,2025-04-05 05:05:00+05:30,2025-04-05 05:05+05:30,2025-04-05 07:50+04:00,2025-04-05 07:50+04:00,Unknown,3L
302b352f-6a08-4e1a-b486-39dc1a4e8d60,6E 7091,Unknown,MAA,CCJ,2025-04-05 05:10:00+05:30,2025-04-05 05:10+05:30,2025-04-05 06:50+05:30,2025-04-05 06:50+05:30,Unknown,6E
d202f488-4db7-4fd3-95fd-f23f7f0930a4,IX 1675,VT-BWA,MAA,PNQ,2025-04-05 05:25:00+05:30,2025-04-05 05:25+05:30,2025-04-05 07:05+05:30,2025-04-05 07:05+05:30,Unknown,IX
7d3daf26-a3dc-4371-b4f8-4d86d750f627,6E 987,Unknown,MAA,CCU,2025-04-05 05:25:00+05:30,2025-04-05 05:25+05:30,2025-04-05 07:45+05:30,2025-04-05 07:45+05:30,Unknown,6E
f647a4bb-28d1-451d-8afd-eccd9e11515f,6E 2619,Unknown,MAA,COK,2025-04-05 05:30:00+05:30,2025-04-05 05:30+05:30,2025-04-05 06:55+05:30,2025-04-05 06:55+05:30,Unknown,6E
60ea9fe9-2635-4544-9d77-6e311fe8a262,BA 36,G-ZBJC,MAA,LHR,2025-04-05 05:35:00+05:30,2025-04-05 05:35+05:30,2025-04-05 12:10+01:00,2025-04-05 12:00+01:00,Departed,BA
670fecc1-7299-498c-90db-b0a4738ecb29,6E 515,Unknown,MAA,LKO,2025-04-05 05:40:00+05:30,2025-04-05 05:40+05:30,2025-04-05 08:10+05:30,2025-04-05 08:10+05:30,Unknown,6E
55a970b4-84c2-4031-9193-706dc7458bd6,AI 273,Unknown,MAA,CMB,2025-04-05 05:45:00+05:30,2025-04-05 05:45+05:30,2025-04-05 07:20+05:30,2025-04-05 07:20+05:30,Unknown,AI
c5c12e64-a70c-4a30-808c-132448d30652,6E 7335,Unknown,MAA,Unknown,2025-04-05 05:45:00+05:30,2025-04-05 05:45+05:30,Unknown,Unknown,Unknown,6E
04e3b721-ea4e-4068-9bfd-cf9cc1cb6d9e,6E 7298,Unknown,MAA,TRZ,2025-04-05 05:45:00+05:30,2025-04-05 05:45+05:30,2025-04-05 06:55+05:30,2025-04-05 06:55+05:30,Unknown,6E
9b807bd5-5bd6-4d99-9f31-5d1c666890d2,6E 7193,Unknown,MAA,Unknown,2025-04-05 05:50:00+05:30,2025-04-05 05:50+05:30,Unknown,Unknown,Unknown,6E
fd4c682a-a57f-473f-b6ff-26b54e7c1183,6E 7183,Unknown,MAA,IXM,2025-04-05 05:55:00+05:30,2025-04-05 05:55+05:30,2025-04-05 07:35+05:30,2025-04-05 07:35+05:30,Unknown,6E
0394d30e-a8e9-425c-9936-c90abe91499c,6E 5045,Unknown,MAA,DEL,2025-04-05 05:55:00+05:30,2025-04-05 05:55+05:30,2025-04-05 08:50+05:30,2025-04-05 08:31+05:30,Departed,6E
e78121a5-2cbb-4c52-9759-3450483049be,SG 2963,Unknown,MAA,Unknown,2025-04-05 06:00:00+05:30,2025-04-05 06:00+05:30,Unknown,Unknown,Unknown,SG
b1e793c8-16a1-489a-9cbe-fe706ec14b06,AI 440,VT-EXU,MAA,DEL,2025-04-05 06:00:00+05:30,2025-04-05 06:00+05:30,2025-04-05 08:55+05:30,2025-04-05 08:50+05:30,Departed,AI
26ac335e-3574-45cd-8757-86eebd3e980b,IX 1634,Unknown,MAA,PAT,2025-04-05 06:05:00+05:30,2025-04-05 06:05+05:30,2025-04-05 08:50+05:30,2025-04-05 08:50+05:30,Unknown,IX
27aef667-c58c-43b4-a253-a3478d397b97,6E 495,VT-ITL,MAA,HYD,2025-04-05 06:05:00+05:30,2025-04-05 06:05+05:30,2025-04-05 07:20+05:30,2025-04-05 07:20+05:30,Unknown,6E
ea3da277-ea9f-4cef-86c5-e7a28fb8dda3,6E 1471,Unknown,MAA,DXB,2025-04-05 06:15:00+05:30,2025-04-05 06:15+05:30,2025-04-05 09:10+04:00,2025-04-05 09:10+04:00,Unknown,6E
ee2ea110-388b-4a9c-abac-6d3c6c4c2b3b,6E 7346,Unknown,MAA,IXE,2025-04-05 06:20:00+05:30,2025-04-05 06:20+05:30,2025-04-05 08:05+05:30,2025-04-05 08:05+05:30,Unknown,6E
a8bd22e4-5331-454a-b536-b4e61670c1ba,SG 2709,Unknown,MAA,COK,2025-04-05 06:25:00+05:30,2025-04-05 06:25+05:30,2025-04-05 08:05+05:30,2025-04-05 08:05+05:30,Unknown,SG
5e993c5b-a5ab-4265-98cf-ea35f8a70289,6E 1025,VT-IMC,MAA,SIN,2025-04-05 06:25:00+05:30,2025-04-05 06:25+05:30,2025-04-05 13:20+08:00,2025-04-05 12:50+08:00,Departed,6E
560cd4ec-2813-4762-bd8a-3cae44279096,6E 6571,Unknown,MAA,CJB,2025-04-05 06:30:00+05:30,2025-04-05 06:30+05:30,2025-04-05 07:35+05:30,2025-04-05 07:35+05:30,Unknown,6E
304da419-b0b4-4be6-9c1d-50174d85b4e8,6E 557,Unknown,MAA,VTZ,2025-04-05 06:35:00+05:30,2025-04-05 06:35+05:30,2025-04-05 07:55+05:30,2025-04-05 07:55+05:30,Unknown,6E
61f3c51f-6ba0-46cf-94d6-c26f73cc49cd,AI 2828,VT-TQG,MAA,BOM,2025-04-05 06:40:00+05:30,2025-04-05 06:40+05:30,2025-04-05 09:00+05:30,2025-04-05 09:00+05:30,Unknown,AI
1be0eb83-04b4-4e07-bbd9-0e67055200c8,6E 288,Unknown,MAA,BBI,2025-04-05 06:40:00+05:30,2025-04-05 06:40+05:30,2025-04-05 08:25+05:30,2025-04-05 08:25+05:30,Unknown,6E
7e5d33ca-3bfe-4042-a175-9009a4e0a12e,6E 7084,Unknown,MAA,VGA,2025-04-05 06:45:00+05:30,2025-04-05 06:45+05:30,2025-04-05 08:05+05:30,2025-04-05 08:05+05:30,Unknown,6E
4edb7c3f-813c-4a22-82a9-6f46fbc95a11,AI 2832,Unknown,MAA,DEL,2025-04-05 06:50:00+05:30,2025-04-05 06:50+05:30,2025-04-05 10:20+05:30,2025-04-05 09:37+05:30,Departed,AI
063f10d9-77f5-4bbe-9931-f8fdc43c1e13,6E 7343,Unknown,MAA,Unknown,2025-04-05 06:55:00+05:30,2025-04-05 06:55+05:30,Unknown,Unknown,Unknown,6E
232c63f7-0520-430e-97a4-0f5b8e69998c,6E 6081,VT-IIB,MAA,BLR,2025-04-05 07:00:00+05:30,2025-04-05 07:00+05:30,2025-04-05 08:00+05:30,2025-04-05 07:47+05:30,Departed,6E
b778b9f6-82b7-4133-92a7-2f42fa1fe546,6E 5314,Unknown,MAA,BOM,2025-04-05 07:05:00+05:30,2025-04-05 07:05+05:30,2025-04-05 09:10+05:30,2025-04-05 09:10+05:30,Unknown,6E
298c0fcd-ee6b-4466-808e-b38df1f76627,IX 2610,Unknown,MAA,IXZ,2025-04-05 07:20:00+05:30,2025-04-05 07:20+05:30,2025-04-05 09:40+05:30,2025-04-05 09:40+05:30,Unknown,IX
d2a8ebe2-1d0a-47cf-9590-f4949877e82e,AI 526,VT-SCV,MAA,BLR,2025-04-05 07:30:00+05:30,2025-04-05 07:30+05:30,2025-04-05 08:40+05:30,2025-04-05 08:20+05:30,Departed,AI
b9d70dde-77dc-4890-9953-ddd61ec46baf,6E 404,Unknown,MAA,DEL,2025-04-05 07:35:00+05:30,2025-04-05 07:35+05:30,2025-04-05 10:40+05:30,2025-04-05 10:11+05:30,Departed,6E
a49d5248-15a9-4f4a-81b5-7b622eb59b81,QP 1304,Unknown,MAA,IXZ,2025-04-05 07:40:00+05:30,2025-04-05 07:40+05:30,2025-04-05 09:55+05:30,2025-04-05 09:55+05:30,Unknown,QP
b1885e58-67c8-45b5-9030-14699b40d35b,6E 7167,Unknown,MAA,IXM,2025-04-05 07:45:00+05:30,2025-04-05 07:45+05:30,2025-04-05 09:25+05:30,2025-04-05 09:25+05:30,Unknown,6E
c0eb5c9c-e673-43d2-8ce6-c91561b57462,6E 401,Unknown,MAA,VNS,2025-04-05 07:50:00+05:30,2025-04-05 07:50+05:30,2025-04-05 10:15+05:30,2025-04-05 10:15+05:30,Unknown,6E
f8048e7e-3a07-460d-a6bb-3bc6177e75c7,6E 5394,Unknown,MAA,COK,2025-04-05 07:55:00+05:30,2025-04-05 07:55+05:30,2025-04-05 09:15+05:30,2025-04-05 09:15+05:30,Unknown,6E
6e40b0e3-ec79-46f8-86c6-c08c56c27435,EY 346,Unknown,AUH,MAA,2025-04-04 14:10:00+04:00,2025-04-04 14:10+04:00,2025-04-04 20:00+05:30,2025-04-04 20:00+05:30,Unknown,EY
a459287f-9c06-4964-8b79-3acf80aaa3ea,UL 123,Unknown,CMB,MAA,2025-04-04 18:45:00+05:30,2025-04-04 18:45+05:30,2025-04-04 20:10+05:30,2025-04-04 20:10+05:30,Unknown,UL
4fb09287-ea7c-4122-b07d-26a373a68bf3,AI 573,VT-PPK,BOM,MAA,2025-04-04 18:10:00+05:30,2025-04-04 18:10+05:30,2025-04-04 20:10+05:30,2025-04-04 20:10+05:30,Unknown,AI
936f5e66-c886-47f8-9303-755d1922c8d5,6E 6486,Unknown,HYD,MAA,2025-04-04 19:00:00+05:30,2025-04-04 19:00+05:30,2025-04-04 20:15+05:30,2025-04-04 20:15+05:30,Unknown,6E
b34eb856-509f-44bf-97b8-56f538a5d752,6E 2287,Unknown,DEL,MAA,2025-04-04 17:30:00+05:30,2025-04-04 17:30+05:30,2025-04-04 20:20+05:30,2025-04-04 20:20+05:30,Expected,6E
05773283-9f8d-44db-b7c8-92bf45782ac8,EK 546,A6-ECQ,DXB,MAA,2025-04-04 14:50:00+04:00,2025-04-04 14:50+04:00,2025-04-04 20:30+05:30,2025-04-04 20:30+05:30,Unknown,EK
0151e239-763d-45b4-9187-d80819bd2759,6E 659,Unknown,CJB,MAA,2025-04-04 19:20:00+05:30,2025-04-04 19:20+05:30,2025-04-04 20:30+05:30,2025-04-04 20:30+05:30,Unknown,6E
0dbc46d6-6d7a-415c-ad43-0bdb3871e60e,6E 234,Unknown,CCU,MAA,2025-04-04 18:10:00+05:30,2025-04-04 18:10+05:30,2025-04-04 20:30+05:30,2025-04-04 20:30+05:30,Unknown,6E
88ed0aa1-bc06-4680-b487-ce2369870081,IX 2664,Unknown,GOI,MAA,2025-04-04 18:55:00+05:30,2025-04-04 18:55+05:30,2025-04-04 20:35+05:30,2025-04-04 20:35+05:30,Unknown,IX
1ac415d6-d5d4-4f00-9b4a-ad60b49a4cc2,6E 7615,Unknown,MYQ,MAA,2025-04-04 19:10:00+05:30,2025-04-04 19:10+05:30,2025-04-04 20:35+05:30,2025-04-04 20:35+05:30,Unknown,6E
dd5e45db-4ba7-409d-9418-fbf79105374e,AI 2837,Unknown,DEL,MAA,2025-04-04 17:55:00+05:30,2025-04-04 17:55+05:30,2025-04-04 20:40+05:30,2025-04-04 20:40+05:30,Expected,AI
589ce740-f5fe-414e-832b-67dc6baeab83,6E 387,Unknown,COK,MAA,2025-04-04 19:30:00+05:30,2025-04-04 19:30+05:30,2025-04-04 20:45+05:30,2025-04-04 20:45+05:30,Unknown,6E
f6606aaf-0aa9-46a2-afc0-03dd762e382a,GF 52,A9C-CE,BAH,MAA,2025-04-04 13:30:00+03:00,2025-04-04 13:30+03:00,2025-04-04 20:50+05:30,2025-04-04 20:50+05:30,Unknown,GF
37380276-7665-41ee-9c5a-0f0f40db83a3,6E 7338,Unknown,Unknown,MAA,,Unknown,2025-04-04 20:55+05:30,2025-04-04 20:55+05:30,Unknown,6E
506ccf4d-0e27-42c8-84f8-be30c1e361dd,IX 2822,VT-BWA,HYD,MAA,2025-04-04 19:35:00+05:30,2025-04-04 19:35+05:30,2025-04-04 21:05+05:30,2025-04-04 21:05+05:30,Unknown,IX
3243e02e-0c44-4382-bd8f-062be85242c1,6E 7151,Unknown,TRZ,MAA,2025-04-04 20:00:00+05:30,2025-04-04 20:00+05:30,2025-04-04 21:05+05:30,2025-04-04 21:05+05:30,Unknown,6E
8e3e8260-a41d-47e7-819a-0f160a35df2a,6E 6077,VT-IZD,BLR,MAA,2025-04-04 20:05:00+05:30,2025-04-04 20:05+05:30,2025-04-04 21:05+05:30,2025-04-04 21:05+05:30,Expected,6E
45e8016d-660b-495e-92f5-a450f92ee493,IX 1625,Unknown,TRZ,MAA,2025-04-04 20:15:00+05:30,2025-04-04 20:15+05:30,2025-04-04 21:15+05:30,2025-04-04 21:15+05:30,Unknown,IX
3e0c9584-3064-45b9-ac56-1ba498376432,6E 209,Unknown,IXR,MAA,2025-04-04 19:10:00+05:30,2025-04-04 19:10+05:30,2025-04-04 21:15+05:30,2025-04-04 21:15+05:30,Unknown,6E
678883d0-36d0-40f5-8db3-60640166e99a,SG 2705,Unknown,IXM,MAA,2025-04-04 20:10:00+05:30,2025-04-04 20:10+05:30,2025-04-04 21:25+05:30,2025-04-04 21:25+05:30,Unknown,SG
e6a1096a-96a1-4470-af9d-35e8ffcf99fa,6E 7182,Unknown,IXM,MAA,2025-04-04 20:00:00+05:30,2025-04-04 20:00+05:30,2025-04-04 21:30+05:30,2025-04-04 21:30+05:30,Unknown,6E
707b9694-1375-4700-b84b-b7dec21c83d8,6E 589,Unknown,GOI,MAA,2025-04-04 19:45:00+05:30,2025-04-04 19:45+05:30,2025-04-04 21:30+05:30,2025-04-04 21:30+05:30,Unknown,6E
80e4004c-ee16-489f-bf6a-410b3c968ad1,6E 518,Unknown,LKO,MAA,2025-04-04 19:05:00+05:30,2025-04-04 19:05+05:30,2025-04-04 21:35+05:30,2025-04-04 21:35+05:30,Unknown,6E
93e09a6e-4ec1-4e4b-9610-4943115e40b5,6E 7139,Unknown,VGA,MAA,2025-04-04 20:20:00+05:30,2025-04-04 20:20+05:30,2025-04-04 21:40+05:30,2025-04-04 21:40+05:30,Unknown,6E
ad4039b0-1764-4045-a03d-04d4eb180445,IX 1594,Unknown,CCU,MAA,2025-04-04 19:15:00+05:30,2025-04-04 19:15+05:30,2025-04-04 21:45+05:30,2025-04-04 21:45+05:30,Unknown,IX
c92f1196-fe3e-4bf3-b8d2-9a1d862a39de,6E 5105,TC-COH,BOM,MAA,2025-04-04 19:45:00+05:30,2025-04-04 19:45+05:30,2025-04-04 21:50+05:30,2025-04-04 21:50+05:30,Unknown,6E
9e3a47ed-aed6-44d3-8621-eef697fc8270,SQ 528,9V-SCG,SIN,MAA,2025-04-04 20:25:00+08:00,2025-04-04 20:25+08:00,2025-04-04 22:00+05:30,2025-04-04 22:00+05:30,Expected,SQ
bed41981-afbb-4222-92a3-9d3fe7b89f79,6E 145,Unknown,BBI,MAA,2025-04-04 20:20:00+05:30,2025-04-04 20:20+05:30,2025-04-04 22:15+05:30,2025-04-04 22:15+05:30,Unknown,6E
99543cfa-811e-4684-90c3-60d09e7e60bd,6E 5041,Unknown,DEL,MAA,2025-04-04 19:30:00+05:30,2025-04-04 19:30+05:30,2025-04-04 22:20+05:30,2025-04-04 22:20+05:30,Expected,6E
23e621ee-24c1-4246-a679-85b8688e4203,6E 7375,Unknown,IXM,MAA,2025-04-04 21:05:00+05:30,2025-04-04 21:05+05:30,2025-04-04 22:30+05:30,2025-04-04 22:30+05:30,Unknown,6E
c736945f-420d-4c56-abdc-1bb4a5ddc073,6E 7287,Unknown,CCJ,MAA,2025-04-04 20:55:00+05:30,2025-04-04 20:55+05:30,2025-04-04 22:40+05:30,2025-04-04 22:40+05:30,Unknown,6E
6c480b4e-894b-4490-ad92-52f0af3edf83,6E 6174,Unknown,HYD,MAA,2025-04-04 21:30:00+05:30,2025-04-04 21:30+05:30,2025-04-04 22:45+05:30,2025-04-04 22:45+05:30,Unknown,6E
f1e02735-6460-456e-81be-bd19cb682af2,MH 180,Unknown,KUL,MAA,2025-04-04 21:30:00+08:00,2025-04-04 22:06+08:00,2025-04-04 22:50+05:30,2025-04-04 22:50+05:30,Expected,MH
19258007-91c9-4e55-b7fd-bb3c5b86e8ce,FD 153,HS-CBG,DMK,MAA,2025-04-04 21:10:00+07:00,2025-04-04 21:07+07:00,2025-04-04 22:55+05:30,2025-04-04 22:55+05:30,Expected,FD
08135925-10d0-4ddf-a268-f5c64fa5a5e9,AI 2835,VT-TQG,DEL,MAA,2025-04-04 20:00:00+05:30,2025-04-04 20:00+05:30,2025-04-04 22:55+05:30,2025-04-04 22:55+05:30,Expected,AI
cda8b0c0-b533-49fc-9035-f54810d7e2f1,TR 578,9V-OFB,SIN,MAA,2025-04-04 21:30:00+08:00,2025-04-04 21:30+08:00,2025-04-04 23:05+05:30,2025-04-04 23:05+05:30,Expected,TR
edb103ca-9ecf-4fd3-b9f4-fd5e28099717,AK 13,Unknown,KUL,MAA,2025-04-04 21:50:00+08:00,2025-04-04 23:01+08:00,2025-04-04 23:05+05:30,2025-04-04 23:05+05:30,Expected,AK
bc68290a-ae4a-4e37-a558-4518d4f2237d,6E 6562,VT-ILL,BLR,MAA,2025-04-04 22:00:00+05:30,2025-04-04 22:00+05:30,2025-04-04 23:05+05:30,2025-04-04 23:05+05:30,Expected,6E
2ebacc10-abbe-4215-9ad8-d71efd29f29d,AI 2827,Unknown,BOM,MAA,2025-04-04 21:00:00+05:30,2025-04-04 21:00+05:30,2025-04-04 23:10+05:30,2025-04-04 23:10+05:30,Unknown,AI
76718afc-7007-40d4-b1ae-2ed12bbb2cea,6E 6904,Unknown,COK,MAA,2025-04-04 21:50:00+05:30,2025-04-04 21:50+05:30,2025-04-04 23:10+05:30,2025-04-04 23:10+05:30,Unknown,6E
c0699c96-1ad7-4399-bcc6-946b91e4e03e,6E 6315,Unknown,CJB,MAA,2025-04-04 22:00:00+05:30,2025-04-04 22:00+05:30,2025-04-04 23:15+05:30,2025-04-04 23:15+05:30,Unknown,6E
a4ef2a92-85a6-42ed-b6db-75301185a28b,IX 1682,VT-BWU,STV,MAA,2025-04-04 21:15:00+05:30,2025-04-04 21:15+05:30,2025-04-04 23:25+05:30,2025-04-04 23:25+05:30,Unknown,IX
ec1399dd-0ed5-43b1-bd04-7229fa28844d,6E 2002,Unknown,RPR,MAA,2025-04-04 21:40:00+05:30,2025-04-04 21:40+05:30,2025-04-04 23:25+05:30,2025-04-04 23:25+05:30,Unknown,6E
eda1c153-f7bc-4deb-afa9-991ef330e308,6E 7253,Unknown,IXM,MAA,2025-04-04 22:05:00+05:30,2025-04-04 22:05+05:30,2025-04-04 23:30+05:30,2025-04-04 23:30+05:30,Unknown,6E
ac8595bf-d943-4f4e-80a5-f285a6d8d0ae,6E 723,Unknown,CCU,MAA,2025-04-04 21:15:00+05:30,2025-04-04 21:15+05:30,2025-04-04 23:30+05:30,2025-04-04 23:30+05:30,Unknown,6E
f6c3658f-b70a-4982-bb85-b079dad4a44b,6E 694,VT-IMC,JAI,MAA,2025-04-04 21:05:00+05:30,2025-04-04 21:05+05:30,2025-04-04 23:35+05:30,2025-04-04 23:35+05:30,Unknown,6E
19bee01d-d11d-457d-9e26-fc94b4e6e316,6E 348,VT-IAN,AMD,MAA,2025-04-04 21:05:00+05:30,2025-04-04 21:05+05:30,2025-04-04 23:40+05:30,2025-04-04 23:40+05:30,Unknown,6E
0158de96-2333-4a42-b425-c64636f63efa,6E 7052,Unknown,TRZ,MAA,2025-04-04 22:35:00+05:30,2025-04-04 22:35+05:30,2025-04-04 23:45+05:30,2025-04-04 23:45+05:30,Unknown,6E
9a81988a-2873-4e1b-8593-6253a0237bd4,6E 6617,Unknown,HYD,MAA,2025-04-04 22:30:00+05:30,2025-04-04 22:30+05:30,2025-04-04 23:45+05:30,2025-04-04 23:45+05:30,Unknown,6E
2e442980-ef07-4c77-8c11-543b8b2a194d,AI 540,VT-PPW,DEL,MAA,2025-04-04 21:00:00+05:30,2025-04-04 21:00+05:30,2025-04-04 23:50+05:30,2025-04-04 23:50+05:30,Expected,AI
f9ee8d95-ff23-47a5-9612-7aa74725a811,IX 1638,Unknown,COK,MAA,2025-04-04 22:30:00+05:30,2025-04-04 22:30+05:30,2025-04-04 23:55+05:30,2025-04-04 23:55+05:30,Unknown,IX
4fd0a8dd-7cda-4a8d-b034-8aed1249a229,6E 1004,Unknown,SIN,MAA,2025-04-04 22:20:00+08:00,2025-04-04 22:20+08:00,2025-04-04 23:55+05:30,2025-04-04 23:55+05:30,Expected,6E
0cab952a-49df-4565-9e5f-d4bf58ba44ca,6E 5291,Unknown,BOM,MAA,2025-04-04 22:00:00+05:30,2025-04-04 22:00+05:30,2025-04-04 23:59+05:30,2025-04-04 23:59+05:30,Unknown,6E
a88b93b9-80bf-4d60-823e-96feb06b6472,TG 337,HS-TQB,BKK,MAA,2025-04-04 22:10:00+07:00,2025-04-04 22:18+07:00,2025-04-05 00:01+05:30,2025-04-05 00:01+05:30,Expected,TG
0f630a1f-eaf4-4c41-bfff-af390db11beb,6E 7212,Unknown,IXE,MAA,2025-04-04 22:10:00+05:30,2025-04-04 22:10+05:30,2025-04-05 00:10+05:30,2025-04-05 00:10+05:30,Unknown,6E
44287750-27c4-4e8f-866b-ef6ed64afbb4,CX 631,B-LAZ,HKG,MAA,2025-04-04 21:15:00+08:00,2025-04-04 21:15+08:00,2025-04-05 00:15+05:30,2025-04-05 00:15+05:30,Expected,CX
a368c2a5-cf04-422c-a33f-037d3f6a35d4,6E 6959,Unknown,TRV,MAA,2025-04-04 22:45:00+05:30,2025-04-04 22:45+05:30,2025-04-05 00:15+05:30,2025-04-05 00:15+05:30,Unknown,6E
8292fae1-7504-4cc8-bbd0-601049223afa,6E 756,VT-IFP,IDR,MAA,2025-04-04 22:15:00+05:30,2025-04-04 22:15+05:30,2025-04-05 00:20+05:30,2025-04-05 00:20+05:30,Unknown,6E
4d392bf4-5375-4dc7-8ef0-b76a550279b3,6E 6341,Unknown,DEL,MAA,2025-04-04 21:45:00+05:30,2025-04-04 21:45+05:30,2025-04-05 00:30+05:30,2025-04-05 00:30+05:30,Expected,6E
111541bf-ce79-43bd-b644-b9901468a072,6E 238,VT-ISA,PNQ,MAA,2025-04-04 22:45:00+05:30,2025-04-04 22:45+05:30,2025-04-05 00:40+05:30,2025-04-05 00:40+05:30,Unknown,6E
02c29226-5b7c-478c-8758-b6ca64c422d0,3L 143,Unknown,AUH,MAA,2025-04-04 18:55:00+04:00,2025-04-04 18:55+04:00,2025-04-05 00:45+05:30,2025-04-05 00:45+05:30,Unknown,3L
933428a5-7002-414b-95ce-6041eabd6004,AI 639,VT-PPU,BOM,MAA,2025-04-04 22:55:00+05:30,2025-04-04 22:55+05:30,2025-04-05 00:55+05:30,2025-04-05 00:55+05:30,Unknown,AI
7ec229c4-67ae-428b-b42c-7cff776128c0,ET 696,Unknown,ADD,MAA,2025-04-04 16:10:00+03:00,2025-04-04 16:10+03:00,2025-04-05 01:10+05:30,2025-04-05 01:10+05:30,Unknown,ET
3524a714-c7d0-4fc0-bc76-6af0ab226bc9,6E 1472,Unknown,DXB,MAA,2025-04-04 19:40:00+04:00,2025-04-04 19:40+04:00,2025-04-05 01:25+05:30,2025-04-05 01:25+05:30,Unknown,6E
4390a154-8058-4bf9-9219-0937caf4ca28,IX 2660,Unknown,PNQ,MAA,2025-04-04 23:30:00+05:30,2025-04-04 23:30+05:30,2025-04-05 01:30+05:30,2025-04-05 01:30+05:30,Unknown,IX
6b9e028f-91e6-43aa-9fde-76eb102226b7,6E 6007,Unknown,HYD,MAA,2025-04-05 00:20:00+05:30,2025-04-05 00:20+05:30,2025-04-05 01:35+05:30,2025-04-05 01:35+05:30,Unknown,6E
ad3aa133-1876-47c3-8fba-3c006f11098e,MK 746,Unknown,MRU,MAA,2025-04-04 18:30:00+04:00,2025-04-04 18:30+04:00,2025-04-05 01:50+05:30,2025-04-05 01:50+05:30,Unknown,MK
c2c176e5-9f5f-483d-abcd-c9da77f26db8,IX 2692,VT-ATH,JAI,MAA,2025-04-04 23:20:00+05:30,2025-04-04 23:20+05:30,2025-04-05 02:05+05:30,2025-04-05 02:05+05:30,Unknown,IX
4145d757-54f6-4c71-a59d-7f6d9f8c41c7,6E 6061,Unknown,DEL,MAA,2025-04-04 23:10:00+05:30,2025-04-04 23:10+05:30,2025-04-05 02:05+05:30,2025-04-05 02:05+05:30,Expected,6E
9453aac1-619a-47a6-8ab0-0bef3c536de5,EK 542,Unknown,DXB,MAA,2025-04-04 21:00:00+04:00,2025-04-04 21:00+04:00,2025-04-05 02:30+05:30,2025-04-05 02:30+05:30,Unknown,EK
472090c4-6f91-43ea-aa64-32fa8ce01d31,EY 340,A6-EJA,AUH,MAA,2025-04-04 20:50:00+04:00,2025-04-04 20:50+04:00,2025-04-05 02:40+05:30,2025-04-05 02:40+05:30,Unknown,EY
18be216f-3ef4-4a2f-8ae5-447c1890bce2,QR 528,Unknown,DOH,MAA,2025-04-04 19:50:00+03:00,2025-04-04 19:53+03:00,2025-04-05 02:50+05:30,2025-04-05 02:50+05:30,Expected,QR
bbecab05-b827-44b3-999a-187990003a77,6E 1322,Unknown,DOH,MAA,2025-04-04 19:50:00+03:00,2025-04-04 19:51+03:00,2025-04-05 02:55+05:30,2025-04-05 02:55+05:30,Expected,6E
5ae1ea8a-af49-4c22-bf4e-a4e6bca70bd6,6E 6745,Unknown,PNQ,MAA,2025-04-05 01:15:00+05:30,2025-04-05 01:15+05:30,2025-04-05 03:05+05:30,2025-04-05 03:05+05:30,Unknown,6E
c63fb1a3-0338-4fcf-834e-84d2d0df0239,BI 121,V8-RBE,BWN,MAA,2025-04-05 00:30:00+08:00,2025-04-05 00:30+08:00,2025-04-05 03:20+05:30,2025-04-05 03:20+05:30,Unknown,BI
641bf26a-f152-4195-a1ed-b8d81aa2965b,G9 471,Unknown,SHJ,MAA,2025-04-04 21:45:00+04:00,2025-04-04 21:45+04:00,2025-04-05 03:25+05:30,2025-04-05 03:25+05:30,Unknown,G9
9fbc2234-8e9c-44dc-a07d-6c7ea4d8dc66,BA 35,G-ZBJC,LHR,MAA,2025-04-04 12:40:00+01:00,2025-04-04 13:44+01:00,2025-04-05 03:30+05:30,2025-04-05 03:30+05:30,Expected,BA
ee562142-51f4-49a9-80f0-31148bb109e0,IX 646,VT-GHC,MCT,MAA,2025-04-04 22:20:00+04:00,2025-04-04 22:20+04:00,2025-04-05 03:55+05:30,2025-04-05 03:55+05:30,Unknown,IX
4c3ae8d6-2aca-4474-8f86-b61916bc4e25,SG 2970,Unknown,PNQ,MAA,2025-04-05 02:05:00+05:30,2025-04-05 02:05+05:30,2025-04-05 04:25+05:30,2025-04-05 04:25+05:30,Unknown,SG
5d593eda-ee5c-4bea-9e65-91e7597fa0fc,3L 141,A6-AUA,AUH,MAA,2025-04-04 22:35:00+04:00,2025-04-04 22:35+04:00,2025-04-05 04:25+05:30,2025-04-05 04:25+05:30,Unknown,3L
84b7fb3b-0f8a-4e9e-bca0-7920524537f6,6E 1172,Unknown,CMB,MAA,2025-04-05 03:30:00+05:30,2025-04-05 03:30+05:30,2025-04-05 04:50+05:30,2025-04-05 04:50+05:30,Unknown,6E
e02e026a-7943-4148-94f2-d8a5dc6fa290,AI 906,VT-EXH,DXB,MAA,2025-04-04 23:10:00+04:00,2025-04-04 23:10+04:00,2025-04-05 05:00+05:30,2025-04-05 05:00+05:30,Unknown,AI
d7ed4791-c8a7-4483-8205-c4cc11f8d780,6E 136,VT-ITL,BOM,MAA,2025-04-05 03:15:00+05:30,2025-04-05 03:15+05:30,2025-04-05 05:10+05:30,2025-04-05 05:10+05:30,Unknown,6E
4b499971-302c-4758-9b88-2e98a50d20af,6E 2308,Unknown,DEL,MAA,2025-04-05 02:30:00+05:30,2025-04-05 02:30+05:30,2025-04-05 05:15+05:30,2025-04-05 05:15+05:30,Expected,6E
eeb55ef4-f219-4b80-964e-0e079709f167,AI 891,VT-EXU,DEL,MAA,2025-04-05 02:30:00+05:30,2025-04-05 02:30+05:30,2025-04-05 05:20+05:30,2025-04-05 05:20+05:30,Expected,AI
d25e0237-ddf0-4acc-bea7-cb2df61c703d,6E 914,Unknown,PNQ,MAA,2025-04-05 03:35:00+05:30,2025-04-05 03:35+05:30,2025-04-05 05:25+05:30,2025-04-05 05:25+05:30,Unknown,6E
2e8a7b93-d421-4f53-8f70-5977b87879ed,6E 575,VT-IIB,BLR,MAA,2025-04-05 05:00:00+05:30,2025-04-05 05:00+05:30,2025-04-05 06:05+05:30,2025-04-05 06:05+05:30,Expected,6E
4d5d517c-e95b-456b-b303-f5e6011071df,6E 1002,VT-IAX,SIN,MAA,2025-04-05 04:55:00+08:00,2025-04-05 04:55+08:00,2025-04-05 06:30+05:30,2025-04-05 06:30+05:30,Expected,6E
b6fc0776-07cf-4385-aa4d-2479225c1f40,AI 525,VT-SCV,BLR,MAA,2025-04-05 05:40:00+05:30,2025-04-05 05:40+05:30,2025-04-05 06:50+05:30,2025-04-05 06:50+05:30,Expected,AI
55ec266a-5c5e-4fad-a5cc-2687e2a2cadf,IX 698,VT-BXU,KWI,MAA,2025-04-04 23:05:00+03:00,2025-04-04 23:05+03:00,2025-04-05 06:55+05:30,2025-04-05 06:55+05:30,Unknown,IX
18098e2f-4872-4836-b9f5-43353b5c5e69,QP 1304,Unknown,BOM,MAA,2025-04-05 05:00:00+05:30,2025-04-05 05:00+05:30,2025-04-05 07:00+05:30,2025-04-05 07:00+05:30,Unknown,QP
4c8b1566-bc5e-44f3-87ca-8554de2eb893,6E 1032,Unknown,KUL,MAA,2025-04-05 05:45:00+08:00,2025-04-05 06:08+08:00,2025-04-05 07:00+05:30,2025-04-05 07:00+05:30,Expected,6E
8f657b24-955f-4132-85cc-e840334dce7a,6E 339,Unknown,CJB,MAA,2025-04-05 06:10:00+05:30,2025-04-05 06:10+05:30,2025-04-05 07:10+05:30,2025-04-05 07:10+05:30,Unknown,6E
ccabc357-41fc-400e-9d5a-daca85a344a1,6E 289,Unknown,HYD,MAA,2025-04-05 06:05:00+05:30,2025-04-05 06:05+05:30,2025-04-05 07:15+05:30,2025-04-05 07:15+05:30,Unknown,6E
f0c968c6-2a02-41b9-a826-3b1a73e8f4f4,6E 159,Unknown,PNQ,MAA,2025-04-05 05:30:00+05:30,2025-04-05 05:30+05:30,2025-04-05 07:20+05:30,2025-04-05 07:20+05:30,Unknown,6E
5cc8768e-a7bf-4822-be5c-6efb70376391,WY 251,A4O-BAE,MCT,MAA,2025-04-05 02:05:00+04:00,2025-04-05 02:05+04:00,2025-04-05 07:25+05:30,2025-04-05 07:25+05:30,Unknown,WY
0c1f8c79-cb10-4e48-991f-68295e4fd315,6E 344,Unknown,CCU,MAA,2025-04-05 05:05:00+05:30,2025-04-05 05:05+05:30,2025-04-05 07:25+05:30,2025-04-05 07:25+05:30,Unknown,6E
4dd475bd-49b3-442a-9947-ecb4efa84c63,AK 11,Unknown,KUL,MAA,2025-04-05 06:30:00+08:00,2025-04-05 06:31+08:00,2025-04-05 07:45+05:30,2025-04-05 07:45+05:30,Expected,AK
f06cc497-2d39-4b67-9162-a2aa481cab0f,6E 343,Unknown,TRV,MAA,2025-04-05 06:25:00+05:30,2025-04-05 06:25+05:30,2025-04-05 07:45+05:30,2025-04-05 07:45+05:30,Unknown,6E
20c16889-bfdc-4629-a8b6-13b8f79b3a1a,6E 6078,VT-IIK,AMD,MAA,2025-04-05 05:30:00+05:30,2025-04-05 05:38+05:30,2025-04-05 07:50+05:30,2025-04-05 07:50+05:30,Expected,6E
b6b40463-381e-468b-854b-42706f016f70,6E 501,VT-ISC,HYD,VNS,2025-04-04 20:00:00+05:30,2025-04-04 20:00+05:30,2025-04-04 22:00+05:30,2025-04-04 22:00+05:30,Unknown,6E
5d44a6c3-0fc2-4b8f-b0ab-071dc5058241,6E 2027,Unknown,HYD,DEL,2025-04-04 20:00:00+05:30,2025-04-04 20:00+05:30,2025-04-04 22:25+05:30,2025-04-04 22:25+05:30,Departed,6E
de51b1b0-480d-43dd-8b33-fb9fba5e9c8c,6E 6638,Unknown,HYD,JAI,2025-04-04 20:05:00+05:30,2025-04-04 20:05+05:30,2025-04-04 22:05+05:30,2025-04-04 22:05+05:30,Unknown,6E
85554cbd-9a61-40c9-bd6f-1efdf08922ee,6E 6252,Unknown,HYD,IXC,2025-04-04 20:10:00+05:30,2025-04-04 20:10+05:30,2025-04-04 22:40+05:30,2025-04-04 22:40+05:30,Unknown,6E
3d800f25-55be-474a-93bb-d4206b7e36b7,6E 1407,VT-ISJ,HYD,AUH,2025-04-04 20:10:00+05:30,2025-04-04 20:10+05:30,2025-04-04 22:40+04:00,2025-04-04 22:40+04:00,Unknown,6E
2ff4ef6c-da7c-4209-8598-cfa5d6baff21,6E 5381,Unknown,HYD,TRV,2025-04-04 20:15:00+05:30,2025-04-04 20:15+05:30,2025-04-04 22:00+05:30,2025-04-04 22:00+05:30,Unknown,6E
2919e0da-fa2b-415c-bb1f-b0c44988ee5c,AI 840,VT-JRI,HYD,DEL,2025-04-04 20:15:00+05:30,2025-04-04 20:15+05:30,2025-04-04 22:40+05:30,2025-04-04 22:15+05:30,Departed,AI
df7dd9a4-2763-44af-9830-0a8499c7ad71,6E 621,Unknown,HYD,IDR,2025-04-04 20:25:00+05:30,2025-04-04 20:25+05:30,2025-04-04 21:50+05:30,2025-04-04 21:50+05:30,Unknown,6E
c7423835-3653-45a0-877b-eef8e641f1ef,AI 2870,Unknown,HYD,DEL,2025-04-04 20:35:00+05:30,2025-04-04 20:35+05:30,2025-04-04 23:05+05:30,2025-04-04 22:53+05:30,Departed,AI
2e972727-2e4a-4631-8616-cd0a270c58ed,6E 426,Unknown,HYD,PNQ,2025-04-04 20:40:00+05:30,2025-04-04 20:40+05:30,2025-04-04 22:00+05:30,2025-04-04 22:00+05:30,Unknown,6E
6ed07f72-eb7e-460b-a92f-bc242326507e,AI 2876,VT-TNX,HYD,BOM,2025-04-04 20:40:00+05:30,2025-04-04 20:40+05:30,2025-04-04 22:45+05:30,2025-04-04 22:45+05:30,Unknown,AI
f9f4b74f-a6dc-450a-9407-f7a4404edb4d,6E 922,VT-ILW,HYD,BBI,2025-04-04 20:45:00+05:30,2025-04-04 20:45+05:30,2025-04-04 22:25+05:30,2025-04-04 22:25+05:30,Unknown,6E
e5c128e0-3734-4eee-bc4a-75c2d0bf28e2,IX 2934,Unknown,HYD,LKO,2025-04-04 20:55:00+05:30,2025-04-04 20:55+05:30,2025-04-04 22:55+05:30,2025-04-04 22:55+05:30,Unknown,IX
7c81bb03-6e20-4b6d-be4d-227dde55fe86,6E 944,Unknown,HYD,CCU,2025-04-04 21:05:00+05:30,2025-04-04 21:05+05:30,2025-04-04 23:15+05:30,2025-04-04 23:15+05:30,Unknown,6E
f05cc1a6-aa59-42bb-8483-08a8bd3127ce,6E 384,VT-ITI,HYD,VTZ,2025-04-04 21:15:00+05:30,2025-04-04 21:15+05:30,2025-04-04 22:30+05:30,2025-04-04 22:30+05:30,Unknown,6E
8b4c43ed-6d81-436a-afd0-d485c37cb544,6E 216,Unknown,HYD,AMD,2025-04-04 21:15:00+05:30,2025-04-04 21:15+05:30,2025-04-04 23:05+05:30,2025-04-04 23:05+05:30,Unknown,6E
a7f5531e-9df4-4e40-883c-c02d9766216f,EY 359,A6-BNA,HYD,AUH,2025-04-04 21:20:00+05:30,2025-04-04 21:20+05:30,2025-04-04 23:50+04:00,2025-04-04 23:50+04:00,Unknown,EY
dff2361f-f558-47ef-9b23-3bbed82b6743,IX 2884,Unknown,HYD,VTZ,2025-04-04 21:20:00+05:30,2025-04-04 21:20+05:30,2025-04-04 22:40+05:30,2025-04-04 22:40+05:30,Unknown,IX
2a5553ff-8e45-4f46-9e94-6938676269dc,6E 285,VT-ICD,HYD,BLR,2025-04-04 21:25:00+05:30,2025-04-04 21:25+05:30,2025-04-04 22:50+05:30,2025-04-04 23:12+05:30,Departed,6E
d2868a91-7466-4e6c-80ad-18b4e3a5250c,6E 6174,Unknown,HYD,MAA,2025-04-04 21:30:00+05:30,2025-04-04 21:30+05:30,2025-04-04 22:45+05:30,2025-04-04 22:45+05:30,Unknown,6E
9dc75c5f-953f-4071-8e57-f6eec26b693a,6E 192,Unknown,HYD,DEL,2025-04-04 21:30:00+05:30,2025-04-04 21:30+05:30,2025-04-05 00:05+05:30,2025-04-04 23:54+05:30,Departed,6E
fc8a5d8f-5519-4497-965d-7f4d80266da2,6E 1317,Unknown,HYD,DOH,2025-04-04 21:35:00+05:30,2025-04-04 21:35+05:30,2025-04-04 23:40+03:00,2025-04-04 23:40+03:00,Departed,6E
1747628a-9d25-43ec-b1cb-c2dee328c611,6E 6826,Unknown,HYD,CJB,2025-04-04 21:40:00+05:30,2025-04-04 21:40+05:30,2025-04-04 23:05+05:30,2025-04-04 23:05+05:30,Unknown,6E
775a29f5-7533-4745-9acc-f99f11d91702,AI 520,VT-TQH,HYD,BLR,2025-04-04 21:45:00+05:30,2025-04-04 21:45+05:30,2025-04-04 23:00+05:30,2025-04-04 23:17+05:30,Departed,AI
f8d58155-c160-4026-8708-088a587bb20d,EK 529,A6-EGW,HYD,DXB,2025-04-04 21:50:00+05:30,2025-04-04 21:50+05:30,2025-04-05 00:10+04:00,2025-04-05 00:10+04:00,Unknown,EK
3ca78b31-0116-4714-9531-f49a9f292b06,6E 67,VT-IUK,HYD,JED,2025-04-04 21:55:00+05:30,2025-04-04 21:55+05:30,2025-04-05 01:30+03:00,2025-04-05 01:30+03:00,Unknown,6E
d10fe2ef-7cdc-49c6-b794-e0e41c8614ae,6E 984,Unknown,HYD,GOI,2025-04-04 22:00:00+05:30,2025-04-04 22:00+05:30,2025-04-04 23:15+05:30,2025-04-04 23:15+05:30,Unknown,6E
54f30444-188b-4d6a-a652-111dbf28eb3e,6E 5203,VT-ILZ,HYD,BOM,2025-04-04 22:05:00+05:30,2025-04-04 22:05+05:30,2025-04-04 23:45+05:30,2025-04-04 23:45+05:30,Unknown,6E
688d2988-9aef-439a-944c-50ffb7bd02ae,6E 85,VT-ILR,HYD,DMM,2025-04-04 22:10:00+05:30,2025-04-04 22:10+05:30,2025-04-05 00:40+03:00,2025-04-05 00:40+03:00,Unknown,6E
bd3a208c-8dce-4709-9b75-ca611dc9be0c,AI 2699,Unknown,HYD,Unknown,2025-04-04 22:30:00+05:30,2025-04-04 22:30+05:30,Unknown,Unknown,Unknown,AI
3489e395-5560-4249-9d26-76dcf1dc19e7,6E 6617,Unknown,HYD,MAA,2025-04-04 22:30:00+05:30,2025-04-04 22:30+05:30,2025-04-04 23:45+05:30,2025-04-04 23:45+05:30,Unknown,6E
b8a0276d-b99a-401f-af68-b21089b4b665,AI 2464,Unknown,HYD,DEL,2025-04-04 22:40:00+05:30,2025-04-04 22:40+05:30,2025-04-05 00:55+05:30,2025-04-05 00:48+05:30,Departed,AI
e08e5a86-ba62-4810-bd91-228884282b5b,6E 6505,VT-IFV,HYD,BLR,2025-04-04 22:45:00+05:30,2025-04-04 22:45+05:30,2025-04-05 00:05+05:30,2025-04-05 00:11+05:30,Departed,6E
48b288ba-0b07-425a-84e7-fd792ebca140,IX 2799,VT-ATF,HYD,BLR,2025-04-04 22:50:00+05:30,2025-04-04 22:50+05:30,2025-04-05 00:25+05:30,2025-04-04 23:59+05:30,Departed,IX
484c299c-a12b-4060-b3cc-c2fcd60c7e82,6E 695,VT-ISY,HYD,COK,2025-04-04 23:10:00+05:30,2025-04-04 23:10+05:30,2025-04-05 00:50+05:30,2025-04-05 00:50+05:30,Unknown,6E
690edf39-27f9-4238-a659-c2842e5e82b5,SQ 523,9V-SHN,HYD,SIN,2025-04-04 23:15:00+05:30,2025-04-04 23:15+05:30,2025-04-05 06:25+08:00,2025-04-05 06:35+08:00,Departed,SQ
0d1132e7-35f2-4182-b93a-3a32b77d0dcd,FD 119,HS-BBI,HYD,DMK,2025-04-04 23:25:00+05:30,2025-04-04 23:25+05:30,2025-04-05 04:30+07:00,2025-04-05 04:44+07:00,Departed,FD
ac9cd1b5-4f06-4070-94d4-54a2dddb6254,6E 6076,Unknown,HYD,DEL,2025-04-04 23:30:00+05:30,2025-04-04 23:30+05:30,2025-04-05 02:00+05:30,2025-04-05 01:37+05:30,Departed,6E
186397e2-0332-4c4d-9587-88e0febd3340,6E 5195,Unknown,HYD,Unknown,2025-04-04 23:40:00+05:30,2025-04-04 23:40+05:30,Unknown,Unknown,Unknown,6E
46fa89c0-c1c3-43ac-b5e4-b9492ec5ea78,6E 1273,Unknown,HYD,MCT,2025-04-04 23:40:00+05:30,2025-04-04 23:40+05:30,2025-04-05 01:45+04:00,2025-04-05 01:45+04:00,Unknown,6E
f9c148a7-4ca2-4dee-9104-d2837305985d,IX 1382,VT-BXX,HYD,CCU,2025-04-04 23:50:00+05:30,2025-04-04 23:50+05:30,2025-04-05 02:15+05:30,2025-04-05 02:15+05:30,Unknown,IX
4a12d7c7-94e6-4f9c-9e29-252aebb69185,AK 68,9M-AJG,HYD,KUL,2025-04-04 23:55:00+05:30,2025-04-04 23:55+05:30,2025-04-05 07:30+08:00,2025-04-05 07:14+08:00,Departed,AK
1ee18708-c848-4ed6-a56d-6c4fbfca289e,6E 949,VT-IMY,HYD,BLR,2025-04-05 00:15:00+05:30,2025-04-05 00:15+05:30,2025-04-05 01:30+05:30,2025-04-05 01:27+05:30,Departed,6E
78768876-49cc-46e8-939e-da81e583041f,MH 199,Unknown,HYD,KUL,2025-04-05 00:15:00+05:30,2025-04-05 00:15+05:30,2025-04-05 07:10+08:00,2025-04-05 07:31+08:00,Departed,MH
58968747-e5bc-4f2a-a97a-406d4b69e81e,6E 6007,Unknown,HYD,MAA,2025-04-05 00:20:00+05:30,2025-04-05 00:20+05:30,2025-04-05 01:35+05:30,2025-04-05 01:35+05:30,Unknown,6E
7d6846ee-603c-4f1a-a7f2-8c2de132b6d2,DD 959,HS-DBX,HYD,DMK,2025-04-05 00:45:00+05:30,2025-04-05 00:45+05:30,2025-04-05 06:05+07:00,2025-04-05 05:33+07:00,Departed,DD
c935e7e0-0e2e-4404-ae04-2ff4fa50c55f,TG 330,HS-TJW,HYD,BKK,2025-04-05 01:10:00+05:30,2025-04-05 01:10+05:30,2025-04-05 06:15+07:00,2025-04-05 06:02+07:00,Departed,TG
cdf833e2-625f-4535-baaa-779d20c126dd,6E 337,VT-IML,HYD,PNQ,2025-04-05 01:10:00+05:30,2025-04-05 01:10+05:30,2025-04-05 02:20+05:30,2025-04-05 02:20+05:30,Unknown,6E
1e4558bd-ed7c-47dc-b835-ede251304e50,SV 753,HZ-AQH,HYD,JED,2025-04-05 02:40:00+05:30,2025-04-05 02:40+05:30,2025-04-05 06:00+03:00,2025-04-05 06:00+03:00,Unknown,SV
a36aa25b-94ec-41b1-b5c0-d00ed3a08abc,6E 1448,Unknown,HYD,AUH,2025-04-05 02:55:00+05:30,2025-04-05 02:55+05:30,2025-04-05 05:25+04:00,2025-04-05 05:25+04:00,Unknown,6E
ffca9ac1-adba-44b8-8499-c29ada544c16,IX 2645,Unknown,HYD,PNQ,2025-04-05 02:55:00+05:30,2025-04-05 02:55+05:30,2025-04-05 04:15+05:30,2025-04-05 04:15+05:30,Unknown,IX
be1cb013-1748-402d-a265-bc3692ebdec0,FZ 436,A6-FKI,HYD,DXB,2025-04-05 03:05:00+05:30,2025-04-05 03:05+05:30,2025-04-05 05:30+04:00,2025-04-05 05:30+04:00,Unknown,FZ
b2c88774-9f8d-41b0-a16f-6eb91531f6cf,QR 501,Unknown,HYD,DOH,2025-04-05 03:30:00+05:30,2025-04-05 03:30+05:30,2025-04-05 05:25+03:00,2025-04-05 05:04+03:00,Departed,QR
4fdc3a87-497c-417c-b7e3-873c1785de83,6E 1067,Unknown,HYD,BKK,2025-04-05 03:55:00+05:30,2025-04-05 03:55+05:30,2025-04-05 09:25+07:00,2025-04-05 08:55+07:00,Departed,6E
7f558a4a-746f-40cf-9acc-8c31bfb25fb7,EY 353,A6-BLQ,HYD,AUH,2025-04-05 04:15:00+05:30,2025-04-05 04:15+05:30,2025-04-05 06:40+04:00,2025-04-05 06:40+04:00,Unknown,EY
1b0e2f73-cb48-42c4-9f6d-edf99abfb144,G9 468,A6-AOW,HYD,SHJ,2025-04-05 04:20:00+05:30,2025-04-05 04:20+05:30,2025-04-05 06:30+04:00,2025-04-05 06:30+04:00,Unknown,G9
762ed27c-7a86-42ce-ae08-46e5245c66bc,6E 1313,Unknown,HYD,DOH,2025-04-05 04:25:00+05:30,2025-04-05 04:25+05:30,2025-04-05 05:55+03:00,2025-04-05 09:50+03:00,Departed,6E
cd10f741-40b5-48c0-89d8-f6ed5c697ffd,6E 351,VT-ITI,HYD,PNQ,2025-04-05 04:35:00+05:30,2025-04-05 04:35+05:30,2025-04-05 05:45+05:30,2025-04-05 05:45+05:30,Unknown,6E
5415dc29-6b68-4840-8916-32f3d7d434ed,EK 525,A6-EPE,HYD,DXB,2025-04-05 04:35:00+05:30,2025-04-05 04:35+05:30,2025-04-05 06:40+04:00,2025-04-05 06:40+04:00,Unknown,EK
0b37ddc2-8763-475b-9f48-5a1a385e69ad,IX 2815,Unknown,HYD,LKO,2025-04-05 05:00:00+05:30,2025-04-05 05:00+05:30,2025-04-05 07:10+05:30,2025-04-05 07:10+05:30,Unknown,IX
165f6f4d-1270-4f1a-b87c-456cbc231ef7,6E 5245,Unknown,HYD,BOM,2025-04-05 05:05:00+05:30,2025-04-05 05:05+05:30,2025-04-05 06:45+05:30,2025-04-05 06:45+05:30,Unknown,6E
95b78caf-14df-4623-a5f4-da08befbf6fc,6E 179,Unknown,HYD,LKO,2025-04-05 05:10:00+05:30,2025-04-05 05:10+05:30,2025-04-05 07:10+05:30,2025-04-05 07:10+05:30,Unknown,6E
9a1628da-0077-4a26-a4ee-ce18942ddf3d,6E 887,VT-IIF,HYD,BLR,2025-04-05 05:15:00+05:30,2025-04-05 05:15+05:30,2025-04-05 06:25+05:30,2025-04-05 06:23+05:30,Departed,6E
34cb06a7-b331-4c08-a3dd-78a2ffbdc549,6E 7554,VT-IXZ,HYD,RPR,2025-04-05 05:20:00+05:30,2025-04-05 05:20+05:30,2025-04-05 07:15+05:30,2025-04-05 07:15+05:30,Unknown,6E
66745f3f-be07-4f60-859d-97276e7d927c,6E 5209,VT-ISN,HYD,AMD,2025-04-05 05:25:00+05:30,2025-04-05 05:25+05:30,2025-04-05 07:25+05:30,2025-04-05 07:25+05:30,Unknown,6E
e951cba7-25a6-4767-889f-8885ce1f3e42,6E 743,Unknown,HYD,GOI,2025-04-05 05:25:00+05:30,2025-04-05 05:25+05:30,2025-04-05 06:40+05:30,2025-04-05 06:40+05:30,Unknown,6E
8ebbeb79-cecb-4540-94a6-62b09a8a1ec1,IX 997,VT-BXZ,HYD,JED,2025-04-05 05:30:00+05:30,2025-04-05 05:30+05:30,2025-04-05 09:30+03:00,2025-04-05 09:30+03:00,Unknown,IX
93067e01-118c-451d-b819-c85f20409a88,AI 2578,VT-TNU,HYD,DEL,2025-04-05 05:30:00+05:30,2025-04-05 05:30+05:30,2025-04-05 07:55+05:30,2025-04-05 07:26+05:30,Departed,AI
f08eba69-e7e2-456e-afb0-08409da8c18a,6E 377,Unknown,HYD,IDR,2025-04-05 05:40:00+05:30,2025-04-05 05:40+05:30,2025-04-05 07:10+05:30,2025-04-05 07:10+05:30,Unknown,6E
108f34b2-793e-45f3-873f-34882c7a2868,6E 7549,Unknown,HYD,IXE,2025-04-05 05:40:00+05:30,2025-04-05 05:40+05:30,2025-04-05 07:30+05:30,2025-04-05 07:30+05:30,Unknown,6E
897fc042-b76b-4340-a637-fa13715f3121,6E 6231,Unknown,HYD,IXM,2025-04-05 05:40:00+05:30,2025-04-05 05:40+05:30,2025-04-05 07:15+05:30,2025-04-05 07:15+05:30,Unknown,6E
e1c32911-77ac-4e9e-9288-60a25c909126,6E 6207,VT-ITO,HYD,PAT,2025-04-05 05:45:00+05:30,2025-04-05 05:45+05:30,2025-04-05 07:45+05:30,2025-04-05 07:45+05:30,Unknown,6E
5cb2c673-201a-446b-beac-533688d13d62,6E 6242,VT-IIS,HYD,BBI,2025-04-05 05:45:00+05:30,2025-04-05 05:45+05:30,2025-04-05 07:25+05:30,2025-04-05 07:25+05:30,Unknown,6E
9da5dd0e-818e-405b-96be-8b36754eec46,6E 6408,Unknown,HYD,VTZ,2025-04-05 05:50:00+05:30,2025-04-05 05:50+05:30,2025-04-05 07:00+05:30,2025-04-05 07:00+05:30,Unknown,6E
afc527f2-228f-4184-8131-3e708d0f8c01,6E 5278,VT-IIO,HYD,TRV,2025-04-05 05:55:00+05:30,2025-04-05 05:55+05:30,2025-04-05 07:40+05:30,2025-04-05 07:40+05:30,Unknown,6E
28a69e23-c4dd-4907-b68d-26ba4921c445,6E 6494,Unknown,HYD,CCU,2025-04-05 06:00:00+05:30,2025-04-05 06:00+05:30,2025-04-05 08:05+05:30,2025-04-05 08:05+05:30,Unknown,6E
d1f7d0d8-4da4-4bd2-9de7-8fc3cdc17eec,6E 5161,VT-IUO,HYD,DEL,2025-04-05 06:00:00+05:30,2025-04-05 06:00+05:30,2025-04-05 08:10+05:30,2025-04-05 08:09+05:30,Departed,6E
90a45d35-ec93-4ee0-8e29-e5ee25bf815d,QP 1405,Unknown,HYD,DEL,2025-04-05 06:00:00+05:30,2025-04-05 06:00+05:30,2025-04-05 08:15+05:30,2025-04-05 08:12+05:30,Departed,QP
fc83ce38-c249-41c3-a60b-fbd70a8da413,GF 275,A9C-CF,HYD,BAH,2025-04-05 06:05:00+05:30,2025-04-05 06:05+05:30,2025-04-05 08:05+03:00,2025-04-05 08:05+03:00,Unknown,GF
f97ac7ee-a423-40a3-ac8b-d02dd2efefec,6E 289,Unknown,HYD,MAA,2025-04-05 06:05:00+05:30,2025-04-05 06:05+05:30,2025-04-05 07:15+05:30,2025-04-05 07:15+05:30,Unknown,6E
e47784a2-a50d-4811-8f88-95c594669fa4,SG 2696,Unknown,HYD,Unknown,2025-04-05 06:10:00+05:30,2025-04-05 06:10+05:30,Unknown,Unknown,Unknown,SG
e11aa330-fadb-4d01-8506-3a3fc3563461,9I 877,Unknown,HYD,TIR,2025-04-05 06:10:00+05:30,2025-04-05 06:10+05:30,2025-04-05 07:30+05:30,2025-04-05 07:30+05:30,Unknown,9I
314de745-29b5-4b9f-a4b8-0164cc86c919,AI 2559,Unknown,HYD,DEL,2025-04-05 06:10:00+05:30,2025-04-05 06:10+05:30,2025-04-05 08:40+05:30,2025-04-05 08:10+05:30,Departed,AI
76f417b4-aa64-4a89-ba92-459985443364,6E 815,Unknown,HYD,JAI,2025-04-05 06:10:00+05:30,2025-04-05 06:10+05:30,2025-04-05 08:10+05:30,2025-04-05 08:10+05:30,Unknown,6E
4770e565-c944-4637-908c-1765b64afc88,6E 928,Unknown,HYD,STV,2025-04-05 06:15:00+05:30,2025-04-05 06:15+05:30,2025-04-05 07:55+05:30,2025-04-05 07:55+05:30,Unknown,6E
e52f05f3-3939-49b7-afaa-2c50aef19d9c,AI 2872,VT-TNS,HYD,BOM,2025-04-05 06:15:00+05:30,2025-04-05 06:15+05:30,2025-04-05 07:50+05:30,2025-04-05 07:50+05:30,Unknown,AI
dfa47fb2-0f3e-4923-b124-e0acb60f4293,6E 7201,VT-IYL,HYD,VGA,2025-04-05 06:15:00+05:30,2025-04-05 06:15+05:30,2025-04-05 07:15+05:30,2025-04-05 07:15+05:30,Unknown,6E
4d182b71-521f-43d8-8146-4a34d8b5c449,6E 7159,Unknown,HYD,IXU,2025-04-05 06:20:00+05:30,2025-04-05 06:20+05:30,2025-04-05 07:50+05:30,2025-04-05 07:50+05:30,Unknown,6E
d3d7b5cc-e027-436e-aaf5-3693dad05534,6E 5115,Unknown,HYD,BOM,2025-04-05 06:20:00+05:30,2025-04-05 06:20+05:30,2025-04-05 07:50+05:30,2025-04-05 07:50+05:30,Unknown,6E
ff0deb45-dedc-4043-a1a9-631fdcbd864b,6E 6305,Unknown,HYD,IXZ,2025-04-05 06:25:00+05:30,2025-04-05 06:25+05:30,2025-04-05 08:55+05:30,2025-04-05 08:55+05:30,Unknown,6E
09a9e79e-9c6b-4de2-9355-4a6958cbfc6a,IX 110,VT-BWU,HYD,HKT,2025-04-05 06:25:00+05:30,2025-04-05 06:25+05:30,2025-04-05 11:45+07:00,2025-04-05 11:52+07:00,Departed,IX
72584064-2b46-4d75-b03f-b7ddb49c876b,6E 7452,Unknown,HYD,NAG,2025-04-05 06:30:00+05:30,2025-04-05 06:30+05:30,2025-04-05 07:50+05:30,2025-04-05 07:50+05:30,Unknown,6E
6f700982-77f9-43ef-8105-aecdb0c18592,6E 413,VT-IMJ,HYD,BLR,2025-04-05 06:35:00+05:30,2025-04-05 06:35+05:30,2025-04-05 07:50+05:30,2025-04-05 07:36+05:30,Departed,6E
391d1883-2326-42e2-8107-311e5e99779d,6E 7047,VT-ISJ,HYD,TIR,2025-04-05 06:35:00+05:30,2025-04-05 06:35+05:30,2025-04-05 07:55+05:30,2025-04-05 07:55+05:30,Unknown,6E
e24a4f0c-f3fb-4061-b7ec-e5800020b8e8,6E 7118,Unknown,HYD,RJA,2025-04-05 06:45:00+05:30,2025-04-05 06:45+05:30,2025-04-05 08:05+05:30,2025-04-05 08:05+05:30,Unknown,6E
d6c65f3c-91b2-48bc-ba0b-76d912d0f553,6E 714,VT-IST,HYD,VTZ,2025-04-05 06:55:00+05:30,2025-04-05 06:55+05:30,2025-04-05 08:15+05:30,2025-04-05 08:15+05:30,Unknown,6E
6452be0c-f372-470d-b6cd-43b8e3bfbcb6,IX 2891,Unknown,HYD,GAU,2025-04-05 07:00:00+05:30,2025-04-05 07:00+05:30,2025-04-05 09:45+05:30,2025-04-05 09:45+05:30,Unknown,IX
740cc19f-821b-43d3-bf71-42a4c403b684,IX 2650,VT-BXC,HYD,BLR,2025-04-05 07:00:00+05:30,2025-04-05 07:00+05:30,2025-04-05 08:30+05:30,2025-04-05 08:22+05:30,Departed,IX
ff3cfe38-8373-4bd3-a2d8-5e77af368c9d,AI 2860,Unknown,HYD,DEL,2025-04-05 07:00:00+05:30,2025-04-05 07:00+05:30,2025-04-05 09:20+05:30,2025-04-05 09:10+05:30,Departed,AI
17a77409-1b89-4fa0-aad6-a6ea70bdb309,6E 6746,Unknown,HYD,IXJ,2025-04-05 07:05:00+05:30,2025-04-05 07:05+05:30,2025-04-05 10:00+05:30,2025-04-05 10:00+05:30,Unknown,6E
8c6ede43-5d69-4a35-9035-ab76fef1aad9,6E 752,Unknown,HYD,COK,2025-04-05 07:05:00+05:30,2025-04-05 07:05+05:30,2025-04-05 08:45+05:30,2025-04-05 08:45+05:30,Unknown,6E
4503002b-8b6d-40a0-8da0-3890e8d8858e,IX 2837,Unknown,HYD,COK,2025-04-05 07:05:00+05:30,2025-04-05 07:05+05:30,2025-04-05 08:50+05:30,2025-04-05 08:50+05:30,Unknown,IX
09af578f-ae86-46cd-8f92-10f89d429f68,IX 2885,Unknown,HYD,VTZ,2025-04-05 07:10:00+05:30,2025-04-05 07:10+05:30,2025-04-05 08:25+05:30,2025-04-05 08:25+05:30,Unknown,IX
eb23ca3e-d1de-44bc-8fa8-62a4928120f3,6E 7532,Unknown,HYD,TIR,2025-04-05 07:10:00+05:30,2025-04-05 07:10+05:30,2025-04-05 08:35+05:30,2025-04-05 08:35+05:30,Unknown,6E
761a71c5-e8af-4fab-b6c7-08236538e5c1,6E 243,VT-IID,HYD,MAA,2025-04-05 07:15:00+05:30,2025-04-05 07:15+05:30,2025-04-05 08:40+05:30,2025-04-05 08:40+05:30,Unknown,6E
19933f0b-d77f-4f5c-b7c7-2058d90de17c,6E 7121,Unknown,HYD,BHO,2025-04-05 07:15:00+05:30,2025-04-05 07:15+05:30,2025-04-05 09:20+05:30,2025-04-05 09:20+05:30,Unknown,6E
1e579383-6869-4a17-be1c-40e8e0c28810,BA 276,G-YMMK,HYD,LHR,2025-04-05 07:20:00+05:30,2025-04-05 07:20+05:30,2025-04-05 13:25+01:00,2025-04-05 13:11+01:00,Departed,BA
1bb06f95-d195-41fd-aff5-59d1a57deb49,IX 2881,Unknown,HYD,MAA,2025-04-05 07:20:00+05:30,2025-04-05 07:20+05:30,2025-04-05 08:45+05:30,2025-04-05 08:45+05:30,Unknown,IX
013ac149-ec52-43f8-a262-0ede0ab3746d,6E 7053,Unknown,HYD,Unknown,2025-04-05 07:30:00+05:30,2025-04-05 07:30+05:30,Unknown,Unknown,Unknown,6E
40774bbf-0fb4-4e64-b189-2a34a700f837,6E 946,Unknown,HYD,Unknown,2025-04-05 07:35:00+05:30,2025-04-05 07:35+05:30,Unknown,Unknown,Unknown,6E
e3f667ab-581b-4e02-a0de-4c430be72fe6,6E 6323,VT-ILW,HYD,UDR,2025-04-05 07:40:00+05:30,2025-04-05 07:40+05:30,2025-04-05 09:25+05:30,2025-04-05 09:25+05:30,Unknown,6E
950c2c1e-0f78-48b2-b8db-97d3c60c7ac3,6E 2056,Unknown,HYD,DEL,2025-04-05 07:45:00+05:30,2025-04-05 07:45+05:30,2025-04-05 10:05+05:30,2025-04-05 09:57+05:30,Departed,6E
0b2c7bd3-8bf2-472a-a5fb-98d15aadc228,6E 1465,Unknown,HYD,DXB,2025-04-05 07:50:00+05:30,2025-04-05 07:50+05:30,2025-04-05 10:25+04:00,2025-04-05 10:25+04:00,Unknown,6E
ddd1eb52-51e5-4fee-80d0-80c0a2e645e4,6E 5213,VT-ILZ,HYD,BOM,2025-04-05 07:50:00+05:30,2025-04-05 07:50+05:30,2025-04-05 09:20+05:30,2025-04-05 09:20+05:30,Unknown,6E
ebbc8bc1-7df0-43a3-acf4-1e6d9bb18a7d,6E 6912,VT-ILW,BBI,HYD,2025-04-04 18:30:00+05:30,2025-04-04 18:30+05:30,2025-04-04 20:05+05:30,2025-04-04 20:05+05:30,Unknown,6E
749a4466-34ad-4c19-bfd9-6c6da19f5cbc,IX 2934,Unknown,TRV,HYD,2025-04-04 18:05:00+05:30,2025-04-04 18:05+05:30,2025-04-04 20:05+05:30,2025-04-04 20:05+05:30,Unknown,IX
ad5c15e2-3423-4def-ae7f-414932195b83,EK 528,A6-EGW,DXB,HYD,2025-04-04 15:00:00+04:00,2025-04-04 15:00+04:00,2025-04-04 20:10+05:30,2025-04-04 20:10+05:30,Unknown,EK
1c40fb72-63de-4dc7-882d-e5f09bfe3aca,6E 6528,Unknown,CCU,HYD,2025-04-04 18:05:00+05:30,2025-04-04 18:05+05:30,2025-04-04 20:10+05:30,2025-04-04 20:10+05:30,Unknown,6E
16207083-2270-40c3-bf61-cd4562a54dd8,6E 423,Unknown,DED,HYD,2025-04-04 17:45:00+05:30,2025-04-04 17:45+05:30,2025-04-04 20:15+05:30,2025-04-04 20:15+05:30,Unknown,6E
4ac0f214-9b24-4746-ae63-45adc4df0102,9I 894,VT-AIX,MAA,HYD,2025-04-04 18:40:00+05:30,2025-04-04 18:40+05:30,2025-04-04 20:25+05:30,2025-04-04 20:25+05:30,Unknown,9I
5ddd1412-35fe-40d2-b441-1aea27bc5c5e,6E 6591,VT-IUK,TIR,HYD,2025-04-04 19:20:00+05:30,2025-04-04 19:20+05:30,2025-04-04 20:30+05:30,2025-04-04 20:30+05:30,Unknown,6E
db5a1309-ddc9-4c55-8c4c-7e2ed3743a1c,6E 216,Unknown,VTZ,HYD,2025-04-04 19:20:00+05:30,2025-04-04 19:20+05:30,2025-04-04 20:35+05:30,2025-04-04 20:35+05:30,Unknown,6E
2e3668c6-41f5-4917-bb07-6815a8dc0038,6E 6127,Unknown,PAT,HYD,2025-04-04 18:30:00+05:30,2025-04-04 18:30+05:30,2025-04-04 20:35+05:30,2025-04-04 20:35+05:30,Unknown,6E
2f4c46ed-75a1-4c68-b47f-c0989432fd6c,IX 2884,Unknown,IXB,HYD,2025-04-04 18:05:00+05:30,2025-04-04 18:05+05:30,2025-04-04 20:40+05:30,2025-04-04 20:40+05:30,Unknown,IX
c7059694-3fda-4cbb-8ff2-0f3c677cff1a,6E 5286,Unknown,DEL,HYD,2025-04-04 18:30:00+05:30,2025-04-04 18:30+05:30,2025-04-04 20:45+05:30,2025-04-04 20:45+05:30,Expected,6E
5b43ae68-5478-4560-ab33-f5c031234364,IX 2889,Unknown,IDR,HYD,2025-04-04 19:05:00+05:30,2025-04-04 19:05+05:30,2025-04-04 20:45+05:30,2025-04-04 20:45+05:30,Unknown,IX
5bcbcad2-9bf7-46b8-8d48-b042abb5a58b,6E 6215,Unknown,MAA,HYD,2025-04-04 19:30:00+05:30,2025-04-04 19:30+05:30,2025-04-04 20:45+05:30,2025-04-04 20:45+05:30,Unknown,6E
6cfdacb8-3e1e-4ea3-ba34-5548b233b9b8,6E 7354,VT-IYJ,RPR,HYD,2025-04-04 18:50:00+05:30,2025-04-04 18:50+05:30,2025-04-04 20:45+05:30,2025-04-04 20:45+05:30,Unknown,6E
e631ebba-783d-4d93-9fb1-4be3b6d1d64d,6E 6166,Unknown,LKO,HYD,2025-04-04 18:45:00+05:30,2025-04-04 18:45+05:30,2025-04-04 20:50+05:30,2025-04-04 20:50+05:30,Unknown,6E
d5679a81-ffb4-4f02-81c1-729b888f03e4,6E 471,Unknown,JAI,HYD,2025-04-04 19:00:00+05:30,2025-04-04 19:00+05:30,2025-04-04 20:55+05:30,2025-04-04 20:55+05:30,Unknown,6E
8cf00b3c-5fa3-4ae2-a7d5-f8f602e4eeb3,6E 1028,VT-ILR,SIN,HYD,2025-04-04 18:55:00+08:00,2025-04-04 18:55+08:00,2025-04-04 21:00+05:30,2025-04-04 21:00+05:30,Expected,6E
e7471fb4-8aa6-4ce9-a76a-a82d7f1b7fcf,6E 855,VT-IST,BLR,HYD,2025-04-04 19:50:00+05:30,2025-04-04 19:50+05:30,2025-04-04 21:05+05:30,2025-04-04 21:05+05:30,Expected,6E
3b28dae8-5c5f-4534-b58a-e3d825a7d7e5,6E 6177,Unknown,GOI,HYD,2025-04-04 20:00:00+05:30,2025-04-04 20:00+05:30,2025-04-04 21:10+05:30,2025-04-04 21:10+05:30,Unknown,6E
196b3129-1bf5-45bb-a2ab-23f74d35c42d,AI 519,VT-TQH,BLR,HYD,2025-04-04 20:10:00+05:30,2025-04-04 20:10+05:30,2025-04-04 21:10+05:30,2025-04-04 21:10+05:30,Expected,AI
1625de77-d18f-43ed-87ee-ba21dad4f01e,IX 2836,Unknown,COK,HYD,2025-04-04 19:25:00+05:30,2025-04-04 19:25+05:30,2025-04-04 21:15+05:30,2025-04-04 21:15+05:30,Unknown,IX
c739fa49-7717-49e9-89e3-3efe1d72c811,6E 6255,VT-IFV,SXR,HYD,2025-04-04 18:20:00+05:30,2025-04-04 18:20+05:30,2025-04-04 21:20+05:30,2025-04-04 21:20+05:30,Unknown,6E
e5d20100-2809-40ed-8688-478ba43b57ef,6E 5326,Unknown,BOM,HYD,2025-04-04 19:45:00+05:30,2025-04-04 19:45+05:30,2025-04-04 21:25+05:30,2025-04-04 21:25+05:30,Unknown,6E
dce124e3-a429-43a3-8adb-49498c9c1d39,6E 193,Unknown,MAA,HYD,2025-04-04 20:20:00+05:30,2025-04-04 20:20+05:30,2025-04-04 21:35+05:30,2025-04-04 21:35+05:30,Unknown,6E
505886f3-3aa0-4a2f-b61a-1299bbeae856,6E 7695,VT-IYK,NAG,HYD,2025-04-04 20:10:00+05:30,2025-04-04 20:10+05:30,2025-04-04 21:40+05:30,2025-04-04 21:40+05:30,Unknown,6E
9a6fdce4-1bee-44db-929e-77280a9a3508,AI 2875,Unknown,BOM,HYD,2025-04-04 19:55:00+05:30,2025-04-04 19:55+05:30,2025-04-04 21:40+05:30,2025-04-04 21:40+05:30,Unknown,AI
96d39732-4a76-438a-b559-9c2440a6cb0b,6E 6728,Unknown,AMD,HYD,2025-04-04 20:00:00+05:30,2025-04-04 20:00+05:30,2025-04-04 21:45+05:30,2025-04-04 21:45+05:30,Unknown,6E
877623bb-5fcb-411b-9c36-804ec3e18a27,AI 2463,Unknown,DEL,HYD,2025-04-04 19:30:00+05:30,2025-04-04 19:30+05:30,2025-04-04 21:50+05:30,2025-04-04 21:50+05:30,Expected,AI
981e3168-04b4-40a6-a1b6-22e7a0c71f09,SQ 522,9V-SHN,SIN,HYD,2025-04-04 20:00:00+08:00,2025-04-04 20:15+08:00,2025-04-04 22:00+05:30,2025-04-04 22:00+05:30,Expected,SQ
d719b5b6-9129-4dbf-9b9c-2064549e6e17,6E 876,Unknown,CCJ,HYD,2025-04-04 20:30:00+05:30,2025-04-04 20:30+05:30,2025-04-04 22:00+05:30,2025-04-04 22:00+05:30,Unknown,6E
4de52b30-8a03-418d-be2d-06dd213f00a2,IX 1058,Unknown,CCU,HYD,2025-04-04 19:45:00+05:30,2025-04-04 19:45+05:30,2025-04-04 22:00+05:30,2025-04-04 22:00+05:30,Unknown,IX
43295c52-7933-436d-9a73-d7a8dbe34e0b,QP 1409,Unknown,DEL,HYD,2025-04-04 19:40:00+05:30,2025-04-04 19:40+05:30,2025-04-04 22:05+05:30,2025-04-04 22:05+05:30,Expected,QP
af54c886-2b69-4a2a-805c-e34018d7e30a,6E 883,VT-ISY,VTZ,HYD,2025-04-04 20:55:00+05:30,2025-04-04 20:55+05:30,2025-04-04 22:05+05:30,2025-04-04 22:05+05:30,Unknown,6E
7ab09175-04f7-4a5b-80fd-763bb71f7fc2,IX 2352,VT-ATF,BLR,HYD,2025-04-04 20:45:00+05:30,2025-04-04 20:45+05:30,2025-04-04 22:10+05:30,2025-04-04 22:10+05:30,Expected,IX
c5a3b42d-4c48-42e1-b6e7-10f13e8810d8,IX 2890,Unknown,JAI,HYD,2025-04-04 20:05:00+05:30,2025-04-04 20:05+05:30,2025-04-04 22:15+05:30,2025-04-04 22:15+05:30,Unknown,IX
848e8920-1094-4055-9692-41dce09218ab,6E 7392,VT-IYY,VGA,HYD,2025-04-04 20:55:00+05:30,2025-04-04 20:55+05:30,2025-04-04 22:15+05:30,2025-04-04 22:15+05:30,Unknown,6E
0005b73c-c83d-49a3-90fd-078de7a4d5b9,6E 7553,VT-IRD,TIR,HYD,2025-04-04 21:00:00+05:30,2025-04-04 21:00+05:30,2025-04-04 22:20+05:30,2025-04-04 22:20+05:30,Unknown,6E
c115007e-bb09-4ba5-8740-af01d6475e41,AI 2871,Unknown,DEL,HYD,2025-04-04 20:10:00+05:30,2025-04-04 20:10+05:30,2025-04-04 22:20+05:30,2025-04-04 22:20+05:30,Expected,AI
850215cd-b718-421f-8a06-073194d28827,IX 996,Unknown,RUH,HYD,2025-04-04 14:55:00+03:00,2025-04-04 14:55+03:00,2025-04-04 22:25+05:30,2025-04-04 22:25+05:30,Unknown,IX
499d5dde-7a21-411b-a362-1189f04b788e,6E 742,Unknown,COK,HYD,2025-04-04 20:50:00+05:30,2025-04-04 20:50+05:30,2025-04-04 22:25+05:30,2025-04-04 22:25+05:30,Unknown,6E
f7d0513d-d2da-4754-b683-65e8de5b39c6,6E 6784,VT-IUO,BLR,HYD,2025-04-04 21:15:00+05:30,2025-04-04 21:30+05:30,2025-04-04 22:30+05:30,2025-04-04 22:30+05:30,Expected,6E
8ee2ade5-487d-499d-b2f0-e820bc36da59,6E 382,9H-SLF,DEL,HYD,2025-04-04 20:15:00+05:30,2025-04-04 20:15+05:30,2025-04-04 22:30+05:30,2025-04-04 22:30+05:30,Expected,6E
5c257d72-e80e-42cf-82f0-059b70950110,6E 7567,VT-IYL,RJA,HYD,2025-04-04 21:25:00+05:30,2025-04-04 21:25+05:30,2025-04-04 22:35+05:30,2025-04-04 22:35+05:30,Unknown,6E
092676a0-b143-46ba-aaec-71e45ab899c6,6E 6487,Unknown,MAA,HYD,2025-04-04 21:25:00+05:30,2025-04-04 21:25+05:30,2025-04-04 22:35+05:30,2025-04-04 22:35+05:30,Unknown,6E
dfef8303-d468-488c-866f-1a5862e2a6c3,6E 7249,VT-IYO,RPR,HYD,2025-04-04 20:45:00+05:30,2025-04-04 20:45+05:30,2025-04-04 22:40+05:30,2025-04-04 22:40+05:30,Unknown,6E
03ce542b-dc0b-4b7b-a603-8e63a0976150,6E 929,Unknown,STV,HYD,2025-04-04 20:55:00+05:30,2025-04-04 20:55+05:30,2025-04-04 22:40+05:30,2025-04-04 22:40+05:30,Unknown,6E
9c3d4735-e884-4342-bf9d-a1663f49be27,6E 6307,VT-IIF,CJB,HYD,2025-04-04 21:15:00+05:30,2025-04-04 21:15+05:30,2025-04-04 22:45+05:30,2025-04-04 22:45+05:30,Unknown,6E
6fd831ef-e818-4459-9b99-16e64b9497ac,6E 816,Unknown,JAI,HYD,2025-04-04 20:50:00+05:30,2025-04-04 20:50+05:30,2025-04-04 22:45+05:30,2025-04-04 22:45+05:30,Unknown,6E
a4089e5d-bbcd-43aa-9731-b7e93d235404,FD 118,HS-BBI,DMK,HYD,2025-04-04 20:50:00+07:00,2025-04-04 21:01+07:00,2025-04-04 22:55+05:30,2025-04-04 22:55+05:30,Expected,FD
ce860d5e-45a7-4fec-93ce-b7e05547f898,6E 7241,Unknown,IXE,HYD,2025-04-04 21:05:00+05:30,2025-04-04 21:05+05:30,2025-04-04 22:55+05:30,2025-04-04 22:55+05:30,Unknown,6E
07486d3b-3d67-4505-a000-63f67a2c3069,6E 5056,VT-ILU,BOM,HYD,2025-04-04 21:20:00+05:30,2025-04-04 21:20+05:30,2025-04-04 23:00+05:30,2025-04-04 23:00+05:30,Unknown,6E
35ca6933-c3df-4bc7-8ff8-5c16682e3304,6E 6154,Unknown,CCU,HYD,2025-04-04 20:45:00+05:30,2025-04-04 20:45+05:30,2025-04-04 23:00+05:30,2025-04-04 23:00+05:30,Unknown,6E
8bdbe825-489e-41dc-9d97-f10c30b0f588,IX 2675,Unknown,SXR,HYD,2025-04-04 19:55:00+05:30,2025-04-04 19:55+05:30,2025-04-04 23:05+05:30,2025-04-04 23:05+05:30,Unknown,IX
2e0978b2-a183-49ef-a2c7-db4696694795,IX 1098,Unknown,CCU,HYD,2025-04-04 20:40:00+05:30,2025-04-04 20:40+05:30,2025-04-04 23:05+05:30,2025-04-04 23:05+05:30,Unknown,IX
c3d53fa2-0782-4c98-b1bb-8c9408e21fce,6E 191,VT-ITZ,IXR,HYD,2025-04-04 21:00:00+05:30,2025-04-04 21:00+05:30,2025-04-04 23:05+05:30,2025-04-04 23:05+05:30,Unknown,6E
ce3f108f-7e50-4ec6-b8ed-081f925fa8e4,MH 198,Unknown,KUL,HYD,2025-04-04 21:30:00+08:00,2025-04-04 21:55+08:00,2025-04-04 23:10+05:30,2025-04-04 23:10+05:30,Expected,MH
76ccb8ce-5abf-40fe-858a-660e5e58c9d9,AK 69,9M-AJG,KUL,HYD,2025-04-04 21:30:00+08:00,2025-04-04 22:12+08:00,2025-04-04 23:15+05:30,2025-04-04 23:15+05:30,Expected,AK
337f6433-e39d-4376-9ef1-1639f2f30034,IX 2823,VT-BWU,MAA,HYD,2025-04-04 21:55:00+05:30,2025-04-04 21:55+05:30,2025-04-04 23:25+05:30,2025-04-04 23:25+05:30,Unknown,IX
e45fd94a-26a0-4d94-8318-9e091e84eae1,6E 7039,Unknown,Unknown,HYD,,Unknown,2025-04-04 23:25+05:30,2025-04-04 23:25+05:30,Unknown,6E
45269a20-15d3-4fe9-8875-4316d5161c95,6E 7595,Unknown,BHO,HYD,2025-04-04 21:20:00+05:30,2025-04-04 21:20+05:30,2025-04-04 23:30+05:30,2025-04-04 23:30+05:30,Unknown,6E
a8f7d764-565f-4843-893e-f3b34c66f7f7,6E 341,Unknown,MAA,HYD,2025-04-04 22:20:00+05:30,2025-04-04 22:20+05:30,2025-04-04 23:35+05:30,2025-04-04 23:35+05:30,Unknown,6E
7bddcc3c-84ae-4b39-b9c4-d5d3a988184e,IX 1613,VT-BWF,BLR,HYD,2025-04-04 22:10:00+05:30,2025-04-04 22:10+05:30,2025-04-04 23:35+05:30,2025-04-04 23:35+05:30,Expected,IX
4bbcf8ff-61d1-496f-8e0f-3b6ec08de36d,DD 958,HS-DBX,DMK,HYD,2025-04-04 21:30:00+07:00,2025-04-04 21:26+07:00,2025-04-04 23:45+05:30,2025-04-04 23:45+05:30,Expected,DD
7f75d1e2-afff-415e-b194-c0e8de8e2612,6E 2136,Unknown,DEL,HYD,2025-04-04 21:30:00+05:30,2025-04-04 21:30+05:30,2025-04-04 23:45+05:30,2025-04-04 23:45+05:30,Expected,6E
059ff66b-eb6b-4d27-9d60-3427b385a9ed,6E 684,VT-IVY,BLR,HYD,2025-04-04 22:30:00+05:30,2025-04-04 22:40+05:30,2025-04-04 23:50+05:30,2025-04-04 23:50+05:30,Expected,6E
c35f824f-3d30-484f-9441-231e0076bc7c,6E 1449,Unknown,AUH,HYD,2025-04-04 18:25:00+04:00,2025-04-04 18:25+04:00,2025-04-04 23:50+05:30,2025-04-04 23:50+05:30,Unknown,6E
a98edcc5-b0d4-403f-9e03-1e320fad71b8,6E 103,Unknown,PNQ,HYD,2025-04-04 22:35:00+05:30,2025-04-04 22:35+05:30,2025-04-04 23:55+05:30,2025-04-04 23:55+05:30,Unknown,6E
f63ecda5-ab40-43a2-b6b9-be717091c2a4,AI 2869,VT-TNU,BOM,HYD,2025-04-04 22:30:00+05:30,2025-04-04 22:30+05:30,2025-04-05 00:05+05:30,2025-04-05 00:05+05:30,Unknown,AI
d863c405-06d0-413b-885f-75e5538e0d7f,UK 869,VT-TNU,Unknown,HYD,,Unknown,2025-04-05 00:05+05:30,2025-04-05 00:05+05:30,Unknown,UK
fd348cd4-9282-4b07-80a6-5307575e1753,TG 329,HS-TJW,BKK,HYD,2025-04-04 22:10:00+07:00,2025-04-04 22:17+07:00,2025-04-05 00:10+05:30,2025-04-05 00:10+05:30,Expected,TG
b4f5c7be-e824-46b4-88d3-c1760a065643,AI 2449,VT-TNS,DEL,HYD,2025-04-04 21:50:00+05:30,2025-04-04 21:50+05:30,2025-04-05 00:10+05:30,2025-04-05 00:10+05:30,Expected,AI
63772c4e-efdc-4714-9253-475937c78ff6,6E 385,Unknown,VTZ,HYD,2025-04-04 23:10:00+05:30,2025-04-04 23:10+05:30,2025-04-05 00:20+05:30,2025-04-05 00:20+05:30,Unknown,6E
5ea8d0df-4525-4f3a-aaf8-a17699bb9032,6E 335,Unknown,TRV,HYD,2025-04-04 22:30:00+05:30,2025-04-04 22:30+05:30,2025-04-05 00:20+05:30,2025-04-05 00:20+05:30,Unknown,6E
86c4b69f-2d09-489e-8444-c3c4478364c9,6E 6138,VT-IIS,PAT,HYD,2025-04-04 22:20:00+05:30,2025-04-04 22:20+05:30,2025-04-05 00:25+05:30,2025-04-05 00:25+05:30,Unknown,6E
9e5ea877-96dc-4fa5-8d3c-f55c6480406b,6E 631,Unknown,BBI,HYD,2025-04-04 22:55:00+05:30,2025-04-04 22:55+05:30,2025-04-05 00:30+05:30,2025-04-05 00:30+05:30,Unknown,6E
ed70c1fc-283c-4268-8ec5-3d7e57520d15,6E 6683,VT-ISC,VNS,HYD,2025-04-04 22:40:00+05:30,2025-04-04 22:40+05:30,2025-04-05 00:35+05:30,2025-04-05 00:35+05:30,Unknown,6E
b4bed156-b8d8-4f51-8fe3-48de44c11ef5,6E 5393,Unknown,BOM,HYD,2025-04-04 23:00:00+05:30,2025-04-04 23:00+05:30,2025-04-05 00:35+05:30,2025-04-05 00:35+05:30,Unknown,6E
02c3e56d-ba99-4f0a-a068-83ee4daab57b,IX 2895,Unknown,VTZ,HYD,2025-04-04 23:20:00+05:30,2025-04-04 23:20+05:30,2025-04-05 00:40+05:30,2025-04-05 00:40+05:30,Unknown,IX
40778114-676f-4cc0-b662-4bc8398564a1,SV 752,HZ-AQH,JED,HYD,2025-04-04 16:50:00+03:00,2025-04-04 16:50+03:00,2025-04-05 00:55+05:30,2025-04-05 00:55+05:30,Unknown,SV
67f0a113-e87a-4243-af98-7e64a01a688f,6E 6301,VT-ITO,CJB,HYD,2025-04-04 23:35:00+05:30,2025-04-04 23:35+05:30,2025-04-05 01:00+05:30,2025-04-05 01:00+05:30,Unknown,6E
5b608f84-a90e-42d9-808f-44f8f7149bc9,6E 985,Unknown,GOI,HYD,2025-04-04 23:45:00+05:30,2025-04-04 23:45+05:30,2025-04-05 01:05+05:30,2025-04-05 01:05+05:30,Unknown,6E
b91c0ea3-8424-41b5-9461-8b63d86b9382,6E 2158,Unknown,DEL,HYD,2025-04-04 23:20:00+05:30,2025-04-04 23:20+05:30,2025-04-05 01:35+05:30,2025-04-05 01:35+05:30,Expected,6E
18763808-e63d-46b5-b761-e3a457308715,IX 2930,Unknown,LKO,HYD,2025-04-04 23:25:00+05:30,2025-04-04 23:25+05:30,2025-04-05 01:35+05:30,2025-04-05 01:35+05:30,Unknown,IX
6706d92e-c1c7-4dcf-a9ae-4d9c875e3503,6E 383,Unknown,AMD,HYD,2025-04-04 23:50:00+05:30,2025-04-04 23:50+05:30,2025-04-05 01:35+05:30,2025-04-05 01:35+05:30,Unknown,6E
42a4192c-d0f9-4f00-b836-3d1834dcc96b,FZ 435,A6-FKI,DXB,HYD,2025-04-04 20:45:00+04:00,2025-04-04 20:45+04:00,2025-04-05 01:55+05:30,2025-04-05 01:55+05:30,Unknown,FZ
8b3a234c-21c3-428c-98ef-2e4b9ea590d8,QR 500,Unknown,DOH,HYD,2025-04-04 19:10:00+03:00,2025-04-04 19:09+03:00,2025-04-05 02:00+05:30,2025-04-05 02:00+05:30,Expected,QR
d1886bd3-5223-4bf0-9c91-bc858b14262f,6E 1316,Unknown,DOH,HYD,2025-04-04 19:35:00+03:00,2025-04-04 19:37+03:00,2025-04-05 02:25+05:30,2025-04-05 02:25+05:30,Expected,6E
e3e0eed9-490e-4e5a-9b9d-0f078d6d81c8,EY 352,A6-BLQ,AUH,HYD,2025-04-04 21:25:00+04:00,2025-04-04 21:25+04:00,2025-04-05 02:35+05:30,2025-04-05 02:35+05:30,Unknown,EY
a2163b4c-e3aa-47b8-bf2d-e0e9fa08c9b9,EK 524,Unknown,DXB,HYD,2025-04-04 22:00:00+04:00,2025-04-04 22:00+04:00,2025-04-05 03:05+05:30,2025-04-05 03:05+05:30,Unknown,EK
c8c5609e-87de-4fb5-b44e-0f18ba3d3690,6E 336,Unknown,PNQ,HYD,2025-04-05 01:50:00+05:30,2025-04-05 01:50+05:30,2025-04-05 03:10+05:30,2025-04-05 03:10+05:30,Unknown,6E
e0a32ef8-6ab4-4485-a341-4e5617c1744b,G9 467,A6-AOW,SHJ,HYD,2025-04-04 22:30:00+04:00,2025-04-04 22:30+04:00,2025-04-05 03:40+05:30,2025-04-05 03:40+05:30,Unknown,G9
0634cc91-9fb5-467a-9746-dc59b67c75ae,6E 1422,Unknown,SHJ,HYD,2025-04-04 22:40:00+04:00,2025-04-04 22:40+04:00,2025-04-05 03:55+05:30,2025-04-05 03:55+05:30,Unknown,6E
d3a9a0c0-7f32-4357-bd3c-f5e716ae6d5f,6E 1466,Unknown,DXB,HYD,2025-04-04 23:10:00+04:00,2025-04-04 23:10+04:00,2025-04-05 04:15+05:30,2025-04-05 04:15+05:30,Unknown,6E
00d31999-f9b4-4705-86c0-43b6dd0fcb5e,6E 5179,Unknown,BOM,HYD,2025-04-05 02:45:00+05:30,2025-04-05 02:45+05:30,2025-04-05 04:20+05:30,2025-04-05 04:20+05:30,Unknown,6E
db4d4db9-9043-4067-bcc0-0fb760d9f101,AI 2204,VT-TNR,DXB,HYD,2025-04-04 23:25:00+04:00,2025-04-04 23:25+04:00,2025-04-05 04:45+05:30,2025-04-05 04:45+05:30,Unknown,AI
168b2a7c-28ae-4d51-af7d-3a408f9de7d3,AI 2577,Unknown,DEL,HYD,2025-04-05 02:30:00+05:30,2025-04-05 02:30+05:30,2025-04-05 04:50+05:30,2025-04-05 04:50+05:30,Expected,AI
c836557c-336c-4c22-8ea6-8545d3c831f5,6E 1408,VT-ISJ,AUH,HYD,2025-04-04 23:40:00+04:00,2025-04-04 23:40+04:00,2025-04-05 05:10+05:30,2025-04-05 05:10+05:30,Unknown,6E
c21861b3-0b54-44b8-88ae-059baa9f6184,GF 274,A9C-CF,BAH,HYD,2025-04-04 22:20:00+03:00,2025-04-04 22:20+03:00,2025-04-05 05:15+05:30,2025-04-05 05:15+05:30,Unknown,GF
f0d04475-a799-469f-b88a-9dda1dd1ba6a,BA 277,G-YMMK,LHR,HYD,2025-04-04 15:10:00+01:00,2025-04-04 15:34+01:00,2025-04-05 05:20+05:30,2025-04-05 05:20+05:30,Expected,BA
0a9d7e52-b4ca-4035-89a3-8141ae15ef1d,6E 1234,VT-IID,KWI,HYD,2025-04-04 23:10:00+03:00,2025-04-04 23:10+03:00,2025-04-05 05:55+05:30,2025-04-05 05:55+05:30,Unknown,6E
48363fe8-94cc-40f8-9a97-5fef9bc71962,IX 2650,Unknown,PNQ,HYD,2025-04-05 04:55:00+05:30,2025-04-05 04:55+05:30,2025-04-05 06:15+05:30,2025-04-05 06:15+05:30,Unknown,IX
0c192db9-d15e-4669-be30-8c6a416e0d77,6E 752,Unknown,JAI,HYD,2025-04-05 04:25:00+05:30,2025-04-05 04:25+05:30,2025-04-05 06:25+05:30,2025-04-05 06:25+05:30,Unknown,6E
a9d7349f-9e98-4555-a6c6-1abda73f64c1,6E 6923,VT-IIA,BLR,HYD,2025-04-05 05:10:00+05:30,2025-04-05 05:10+05:30,2025-04-05 06:30+05:30,2025-04-05 06:30+05:30,Expected,6E
8b425d61-801e-42f4-b4f8-7773a881d74b,6E 68,VT-IUF,JED,HYD,2025-04-04 22:55:00+03:00,2025-04-04 22:55+03:00,2025-04-05 06:40+05:30,2025-04-05 06:40+05:30,Unknown,6E
fdf602ea-9bb7-4b9a-af3b-15fd8ea7ca55,6E 6029,VT-ILO,DEL,HYD,2025-04-05 04:45:00+05:30,2025-04-05 04:45+05:30,2025-04-05 07:00+05:30,2025-04-05 07:00+05:30,Expected,6E
f894f0d6-bc39-4b02-95eb-4796a7d63149,6E 5012,VT-ILZ,BOM,HYD,2025-04-05 05:45:00+05:30,2025-04-05 05:45+05:30,2025-04-05 07:10+05:30,2025-04-05 07:10+05:30,Unknown,6E
c78e0846-7fb2-4a19-bf28-f3ef4c53760f,6E 495,VT-ITL,MAA,HYD,2025-04-05 06:05:00+05:30,2025-04-05 06:05+05:30,2025-04-05 07:20+05:30,2025-04-05 07:20+05:30,Unknown,6E
53fb6461-5df9-40cb-935c-f59096903688,QP 1438,VT-YAR,BLR,HYD,2025-04-05 06:05:00+05:30,2025-04-05 06:20+05:30,2025-04-05 07:25+05:30,2025-04-05 07:25+05:30,Expected,QP
54e450cf-5dd0-4448-8d54-7c19ee78869a,AI 2625,Unknown,BOM,HYD,2025-04-05 06:00:00+05:30,2025-04-05 06:00+05:30,2025-04-05 07:25+05:30,2025-04-05 07:25+05:30,Unknown,AI
204d208f-a845-4df0-a7a4-c6f88cf5e523,6E 6623,Unknown,CCU,HYD,2025-04-05 05:20:00+05:30,2025-04-05 05:20+05:30,2025-04-05 07:30+05:30,2025-04-05 07:30+05:30,Unknown,6E
d3f050b2-c4ae-4dd1-abb0-31d9fa61e108,6E 2171,VT-IZH,TRZ,HYD,2025-04-05 06:05:00+05:30,2025-04-05 06:05+05:30,2025-04-05 07:35+05:30,2025-04-05 07:35+05:30,Unknown,6E
37556df7-664b-41fa-84b4-84de706adcca,6E 1274,Unknown,MCT,HYD,2025-04-05 02:45:00+04:00,2025-04-05 02:45+04:00,2025-04-05 07:40+05:30,2025-04-05 07:40+05:30,Unknown,6E
d73a311b-78d2-477b-82c1-6ec56fdad6f9,6E 352,Unknown,PNQ,HYD,2025-04-05 06:25:00+05:30,2025-04-05 06:25+05:30,2025-04-05 07:40+05:30,2025-04-05 07:40+05:30,Unknown,6E
0335c8bc-8301-4228-bf9d-f3f0cb178933,6E 6178,YL-LDW,BLR,HYD,2025-04-05 06:30:00+05:30,2025-04-05 06:30+05:30,2025-04-05 07:45+05:30,2025-04-05 07:45+05:30,Expected,6E
c616a92e-9b9a-424e-a399-cd7df19280f5,6E 5208,VT-IIH,AMD,HYD,2025-04-05 05:50:00+05:30,2025-04-05 05:50+05:30,2025-04-05 07:45+05:30,2025-04-05 07:45+05:30,Expected,6E
7e1946a0-2136-4da4-8794-9658edef27f7,6E 6663,VT-IFR,CCU,GAU,2025-04-04 20:00:00+05:30,2025-04-04 20:00+05:30,2025-04-04 21:15+05:30,2025-04-04 21:15+05:30,Unknown,6E
06897374-09d6-4dd4-8299-6d9c67a8c32f,AI 2708,VT-TVJ,CCU,DEL,2025-04-04 20:30:00+05:30,2025-04-04 20:30+05:30,2025-04-04 22:55+05:30,2025-04-04 22:45+05:30,Departed,AI
3c7adb20-aaf6-4fb4-94bc-205f2cca2a62,6E 6314,YL-LDW,CCU,BLR,2025-04-04 20:35:00+05:30,2025-04-04 20:35+05:30,2025-04-04 23:15+05:30,2025-04-04 23:36+05:30,Departed,6E
8e73b2b2-ef5c-4bc2-a139-e36dbb31914a,6E 1641,VT-ISM,CCU,SGN,2025-04-04 20:40:00+05:30,2025-04-04 20:40+05:30,2025-04-05 01:40+07:00,2025-04-05 01:40+07:00,Unknown,6E
0da6c215-690a-425e-8d4f-2cb216044d46,IX 1098,Unknown,CCU,HYD,2025-04-04 20:40:00+05:30,2025-04-04 20:40+05:30,2025-04-04 23:05+05:30,2025-04-04 23:05+05:30,Unknown,IX
19fd15c1-7e31-4975-a1d2-5a304b089c0d,6E 862,Unknown,CCU,NAG,2025-04-04 20:40:00+05:30,2025-04-04 20:40+05:30,2025-04-04 22:30+05:30,2025-04-04 22:30+05:30,Unknown,6E
e9972627-0aa8-43e9-ad29-65bdc9da177e,6E 6154,Unknown,CCU,HYD,2025-04-04 20:45:00+05:30,2025-04-04 20:45+05:30,2025-04-04 23:00+05:30,2025-04-04 23:00+05:30,Unknown,6E
292e93f6-13be-4ba8-92e8-f69866464ce1,EK 573,Unknown,CCU,DXB,2025-04-04 20:45:00+05:30,2025-04-04 20:45+05:30,2025-04-05 00:05+04:00,2025-04-05 00:05+04:00,Unknown,EK
b7a0f217-3aa5-482d-ac19-d808080f1765,6E 476,Unknown,CCU,PNQ,2025-04-04 20:50:00+05:30,2025-04-04 20:50+05:30,2025-04-04 23:20+05:30,2025-04-04 23:20+05:30,Unknown,6E
06e06cb4-26f0-4532-b88b-62f3b36cceae,AI 2482,VT-TNZ,CCU,BOM,2025-04-04 20:55:00+05:30,2025-04-04 20:55+05:30,2025-04-04 23:55+05:30,2025-04-04 23:55+05:30,Unknown,AI
b14277cf-46f3-488d-b73f-35e4fd6426d5,QP 1125,Unknown,CCU,BOM,2025-04-04 21:05:00+05:30,2025-04-04 21:05+05:30,2025-04-04 23:55+05:30,2025-04-04 23:55+05:30,Unknown,QP
2de12de3-6088-4f21-bcac-1c5bd5b95360,EY 223,A6-EIY,CCU,AUH,2025-04-04 21:15:00+05:30,2025-04-04 21:15+05:30,2025-04-05 01:00+04:00,2025-04-05 01:00+04:00,Unknown,EY
87e1a583-adb5-40d2-935d-5c3afa75c686,6E 2198,Unknown,CCU,Unknown,2025-04-04 21:15:00+05:30,2025-04-04 21:15+05:30,Unknown,Unknown,Unknown,6E
5117fe7f-97ba-40a3-90d7-3293eba64140,6E 723,Unknown,CCU,MAA,2025-04-04 21:15:00+05:30,2025-04-04 21:15+05:30,2025-04-04 23:30+05:30,2025-04-04 23:30+05:30,Unknown,6E
16f85019-a66a-413c-9bee-ac90ae21bbb2,6E 572,VT-IVA,CCU,GAU,2025-04-04 21:20:00+05:30,2025-04-04 21:20+05:30,2025-04-04 22:35+05:30,2025-04-04 22:35+05:30,Unknown,6E
15ff1e57-8215-4411-bd9a-0a9b6bfda5ec,AI 2710,Unknown,CCU,DEL,2025-04-04 21:20:00+05:30,2025-04-04 21:20+05:30,2025-04-04 23:50+05:30,2025-04-04 23:39+05:30,Departed,AI
c98ce3d0-5ce1-4a35-8ca1-40f910576b32,6E 961,VT-ISS,CCU,AMD,2025-04-04 21:25:00+05:30,2025-04-04 21:25+05:30,2025-04-05 00:15+05:30,2025-04-05 00:10+05:30,Departed,6E
4568d972-d6ae-4799-ad3c-777202379ca3,6E 1631,Unknown,CCU,HAN,2025-04-04 21:45:00+05:30,2025-04-04 21:45+05:30,2025-04-05 02:10+07:00,2025-04-05 02:10+07:00,Unknown,6E
07f33356-6705-4a47-b278-fe122579f643,6E 573,VT-IMB,CCU,BLR,2025-04-04 22:00:00+05:30,2025-04-04 22:00+05:30,2025-04-05 00:40+05:30,2025-04-05 00:40+05:30,Departed,6E
3dccf407-d2f2-450b-bd43-ca57a06414e3,6E 115,Unknown,CCU,Unknown,2025-04-04 22:15:00+05:30,2025-04-04 22:15+05:30,Unknown,Unknown,Unknown,6E
5c730551-911e-4699-802e-578a5be32672,AI 2410,Unknown,CCU,Unknown,2025-04-04 22:15:00+05:30,2025-04-04 22:15+05:30,Unknown,Unknown,Unknown,AI
74d51902-555f-457d-b902-1e54063d4c7a,6E 2415,Unknown,CCU,Unknown,2025-04-04 22:30:00+05:30,2025-04-04 22:30+05:30,Unknown,Unknown,Unknown,6E
e1c94fe4-3c5a-4a9f-8fa1-d3bdd198aea0,AK 64,Unknown,CCU,KUL,2025-04-04 23:05:00+05:30,2025-04-04 23:05+05:30,2025-04-05 05:35+08:00,2025-04-05 05:36+08:00,Expected,AK
79f8b52d-3981-473c-a4a8-124071115804,QP 1541,VT-YAP,CCU,BLR,2025-04-04 23:20:00+05:30,2025-04-04 23:20+05:30,2025-04-05 02:05+05:30,2025-04-05 03:00+05:30,Departed,QP
48618bd4-7ea8-4dc8-bb75-4a16c12df4fa,SQ 517,9V-MBJ,CCU,SIN,2025-04-04 23:30:00+05:30,2025-04-04 23:30+05:30,2025-04-05 06:30+08:00,2025-04-05 06:18+08:00,Departed,SQ
37faabd5-44fa-4f06-a039-7ec9deb6bdec,SG 869,VT-SLP,CCU,BLR,2025-04-04 23:40:00+05:30,2025-04-04 23:40+05:30,2025-04-05 02:20+05:30,2025-04-05 02:56+05:30,Departed,SG
99274024-485b-4725-ae9d-d0586c4ee524,SG 205,VT-SGV,CCU,Unknown,2025-04-04 23:50:00+05:30,2025-04-04 23:50+05:30,Unknown,Unknown,Unknown,SG
4a807d65-11df-4f5b-8dcc-829bf934bc9c,IX 2726,VT-VNS,CCU,BLR,2025-04-05 00:15:00+05:30,2025-04-05 00:15+05:30,2025-04-05 03:00+05:30,2025-04-05 02:46+05:30,Departed,IX
7cc4df53-2127-4e67-9145-721f4fc82b0b,FD 121,HS-BBB,CCU,DMK,2025-04-05 00:30:00+05:30,2025-04-05 00:30+05:30,2025-04-05 04:30+07:00,2025-04-05 04:39+07:00,Departed,FD
9ee9273f-36ba-4e54-baea-3c152facc3e2,MH 185,Unknown,CCU,KUL,2025-04-05 00:40:00+05:30,2025-04-05 00:40+05:30,2025-04-05 07:15+08:00,2025-04-05 07:19+08:00,Departed,MH
419593e6-5070-49c7-a8d4-113b127ced95,6E 6037,VT-IJY,CCU,PNQ,2025-04-05 00:50:00+05:30,2025-04-05 00:50+05:30,2025-04-05 03:20+05:30,2025-04-05 03:20+05:30,Unknown,6E
c7f6fdcb-3d27-4724-b6a4-43b71f702722,AI 2703,Unknown,CCU,DEL,2025-04-05 00:55:00+05:30,2025-04-05 00:55+05:30,2025-04-05 03:25+05:30,2025-04-05 03:25+05:30,Departed,AI
1ba27e60-4ec7-482b-b461-b7a802c09f5d,FZ 462,A6-FKP,CCU,DXB,2025-04-05 01:30:00+05:30,2025-04-05 01:30+05:30,2025-04-05 04:55+04:00,2025-04-05 04:55+04:00,Unknown,FZ
d003f2f1-b25a-4a82-abc6-0c45774eb4bb,TG 314,HS-TXK,CCU,BKK,2025-04-05 02:00:00+05:30,2025-04-05 02:00+05:30,2025-04-05 06:10+07:00,2025-04-05 06:10+07:00,Departed,TG
f55b34ac-736d-400d-8e9a-66406f0c2a54,6E 5065,Unknown,CCU,BOM,2025-04-05 02:00:00+05:30,2025-04-05 02:00+05:30,2025-04-05 04:50+05:30,2025-04-05 04:50+05:30,Unknown,6E
019e617f-cc87-42e2-92d5-7c64c85a0f93,6E 1015,VT-ISL,CCU,SIN,2025-04-05 02:30:00+05:30,2025-04-05 02:30+05:30,2025-04-05 09:30+08:00,2025-04-05 08:59+08:00,Departed,6E
03d4067f-a51d-4973-a188-34d39007eb41,SL 243,HS-LGL,CCU,DMK,2025-04-05 02:35:00+05:30,2025-04-05 02:35+05:30,2025-04-05 06:35+07:00,2025-04-05 06:43+07:00,Departed,SL
51acb6e1-788f-4392-84ae-723ce47a76ca,FD 187,Unknown,CCU,HKT,2025-04-05 03:25:00+05:30,2025-04-05 03:25+05:30,2025-04-05 08:00+07:00,2025-04-05 07:36+07:00,Departed,FD
0f5ea459-c2c3-4ace-bde6-a5445cdf885d,EY 221,A6-EIT,CCU,AUH,2025-04-05 03:45:00+05:30,2025-04-05 03:45+05:30,2025-04-05 07:35+04:00,2025-04-05 07:35+04:00,Unknown,EY
65feb22a-ce5c-42f4-b4be-871c15f78ecb,QR 541,Unknown,CCU,DOH,2025-04-05 03:50:00+05:30,2025-04-05 03:50+05:30,2025-04-05 06:35+03:00,2025-04-05 06:35+03:00,Departed,QR
6ab42e84-4529-4c09-a155-d057572a365d,6E 6438,VT-IBE,CCU,BLR,2025-04-05 05:00:00+05:30,2025-04-05 05:00+05:30,2025-04-05 07:40+05:30,2025-04-05 07:22+05:30,Departed,6E
0ee203ba-6d9b-4c39-9ad2-7872aeacad12,QP 1173,Unknown,CCU,BOM,2025-04-05 05:00:00+05:30,2025-04-05 05:00+05:30,2025-04-05 08:00+05:30,2025-04-05 08:00+05:30,Unknown,QP
5653b356-ebf5-4d80-b1df-4b57e4550878,6E 344,Unknown,CCU,MAA,2025-04-05 05:05:00+05:30,2025-04-05 05:05+05:30,2025-04-05 07:25+05:30,2025-04-05 07:25+05:30,Unknown,6E
206ae1e4-9891-4a8c-84e5-0e608b9b88b3,6E 6623,Unknown,CCU,HYD,2025-04-05 05:20:00+05:30,2025-04-05 05:20+05:30,2025-04-05 07:30+05:30,2025-04-05 07:30+05:30,Unknown,6E
acf48857-7cd7-49e6-888f-e67d146169fd,IX 1951,Unknown,CCU,IXZ,2025-04-05 05:30:00+05:30,2025-04-05 05:30+05:30,2025-04-05 07:55+05:30,2025-04-05 07:55+05:30,Unknown,IX
ea4ac717-89c3-4e63-a93c-e855818a307b,6E 474,Unknown,CCU,DEL,2025-04-05 05:30:00+05:30,2025-04-05 05:30+05:30,2025-04-05 07:45+05:30,2025-04-05 07:34+05:30,Departed,6E
fb7d58db-3e11-40a0-8419-ab42c5b9906e,IX 1055,Unknown,CCU,JAI,2025-04-05 05:35:00+05:30,2025-04-05 05:35+05:30,2025-04-05 08:20+05:30,2025-04-05 08:20+05:30,Unknown,IX
5e94e622-4299-4824-938b-54f1ab510146,AI 753,VT-SCM,CCU,IXS,2025-04-05 05:45:00+05:30,2025-04-05 05:45+05:30,2025-04-05 07:05+05:30,2025-04-05 07:05+05:30,Unknown,AI
49dcd7c0-5671-4645-8cab-6dd2b7ba683b,6E 2106,Unknown,CCU,IXZ,2025-04-05 05:50:00+05:30,2025-04-05 05:50+05:30,2025-04-05 08:05+05:30,2025-04-05 08:05+05:30,Unknown,6E
25381d02-e5aa-4208-b278-1588191176ac,6E 271,VT-IFR,CCU,GAU,2025-04-05 05:55:00+05:30,2025-04-05 05:55+05:30,2025-04-05 07:10+05:30,2025-04-05 07:10+05:30,Unknown,6E
8c8b30a1-1931-440a-9a48-5fe8a58431a9,6E 245,Unknown,CCU,AMD,2025-04-05 06:00:00+05:30,2025-04-05 06:00+05:30,2025-04-05 08:40+05:30,2025-04-05 08:40+05:30,Unknown,6E
8d9412aa-2677-4aec-9b0f-a47a3fdae7a8,9I 731,Unknown,CCU,IXS,2025-04-05 06:05:00+05:30,2025-04-05 06:05+05:30,2025-04-05 07:30+05:30,2025-04-05 07:30+05:30,Unknown,9I
3a82b818-1957-4298-9b79-e6506edcd31e,6E 6185,Unknown,CCU,JAI,2025-04-05 06:05:00+05:30,2025-04-05 06:05+05:30,2025-04-05 08:30+05:30,2025-04-05 08:30+05:30,Unknown,6E
ac39f194-fd7a-40d9-8234-170dd8dd808c,6E 7561,Unknown,CCU,IXR,2025-04-05 06:05:00+05:30,2025-04-05 06:05+05:30,2025-04-05 07:20+05:30,2025-04-05 07:20+05:30,Unknown,6E
fd6ee011-6ab9-4e0a-8f1c-1d0ad021116f,SG 185,Unknown,CCU,DEL,2025-04-05 06:10:00+05:30,2025-04-05 06:10+05:30,2025-04-05 08:40+05:30,2025-04-05 08:23+05:30,Departed,SG
9c8dd256-2d65-4565-af0a-ab834c5e0155,6E 6139,Unknown,CCU,LKO,2025-04-05 06:20:00+05:30,2025-04-05 06:20+05:30,2025-04-05 08:00+05:30,2025-04-05 08:00+05:30,Unknown,6E
d64b5ff2-e414-45a0-97d0-908e2b314da6,6E 5194,Unknown,CCU,BOM,2025-04-05 06:20:00+05:30,2025-04-05 06:20+05:30,2025-04-05 09:10+05:30,2025-04-05 09:10+05:30,Unknown,6E
48bffe8d-5ef2-41d2-81ee-406b058b71c1,6E 2472,Unknown,CCU,DEL,2025-04-05 06:25:00+05:30,2025-04-05 06:25+05:30,2025-04-05 08:55+05:30,2025-04-05 08:37+05:30,Departed,6E
175be935-d1dd-495f-a85a-a4806a909ec9,6E 771,VT-IUV,CCU,BLR,2025-04-05 06:30:00+05:30,2025-04-05 06:30+05:30,2025-04-05 09:15+05:30,2025-04-05 08:57+05:30,Departed,6E
accb46b8-fdca-4e7d-b27a-1883a87fdfe9,6E 1107,Unknown,CCU,DAC,2025-04-05 06:35:00+05:30,2025-04-05 06:35+05:30,2025-04-05 08:00+06:00,2025-04-05 08:00+06:00,Unknown,6E
ede07aeb-b6ae-4638-8c4d-781ff0f95d56,6E 1087,Unknown,CCU,HKT,2025-04-05 06:40:00+05:30,2025-04-05 06:40+05:30,2025-04-05 11:20+07:00,2025-04-05 10:59+07:00,Departed,6E
f3324f11-35b3-4886-98ff-dbebd6f6b59b,6E 7418,VT-IYD,CCU,IXA,2025-04-05 06:50:00+05:30,2025-04-05 06:50+05:30,2025-04-05 08:05+05:30,2025-04-05 08:05+05:30,Unknown,6E
941b6f27-916c-4629-a391-8c4dc25cbb7b,6E 487,VT-IZE,CCU,IXS,2025-04-05 06:55:00+05:30,2025-04-05 06:55+05:30,2025-04-05 08:10+05:30,2025-04-05 08:10+05:30,Unknown,6E
eca48a6f-023e-45e5-8060-3866a29de7d9,AI 2720,Unknown,CCU,DEL,2025-04-05 07:00:00+05:30,2025-04-05 07:00+05:30,2025-04-05 09:20+05:30,2025-04-05 09:09+05:30,Departed,AI
26cbcebb-a067-43bf-8022-e566ed4d3901,IX 1065,Unknown,CCU,IMF,2025-04-05 07:05:00+05:30,2025-04-05 07:05+05:30,2025-04-05 08:35+05:30,2025-04-05 08:35+05:30,Unknown,IX
4d73a280-c49b-45d0-882a-20d27c80037a,6E 212,VT-ISM,CCU,GAU,2025-04-05 07:05:00+05:30,2025-04-05 07:05+05:30,2025-04-05 08:25+05:30,2025-04-05 08:25+05:30,Unknown,6E
f57bc02a-d1b9-435c-a812-7050ee80a7e2,SG 3445,Unknown,CCU,IXB,2025-04-05 07:10:00+05:30,2025-04-05 07:10+05:30,2025-04-05 08:30+05:30,2025-04-05 08:30+05:30,Unknown,SG
5d5a20a4-e89e-4a38-8098-d3e8bde0fdd5,6E 7089,Unknown,CCU,IXA,2025-04-05 07:15:00+05:30,2025-04-05 07:15+05:30,2025-04-05 08:30+05:30,2025-04-05 08:30+05:30,Unknown,6E
cc3d494c-14d7-4975-8c00-53567b918df4,IX 1590,Unknown,CCU,IXA,2025-04-05 07:25:00+05:30,2025-04-05 07:25+05:30,2025-04-05 08:35+05:30,2025-04-05 08:35+05:30,Unknown,IX
f786546b-c9da-4962-93ce-2589fce78787,IX 1095,Unknown,CCU,IXB,2025-04-05 07:30:00+05:30,2025-04-05 07:30+05:30,2025-04-05 08:45+05:30,2025-04-05 08:45+05:30,Unknown,IX
eb4758a7-577b-4b20-89df-e727afeb27d8,IX 2756,VT-GWH,CCU,BLR,2025-04-05 07:50:00+05:30,2025-04-05 07:50+05:30,2025-04-05 10:30+05:30,2025-04-05 10:18+05:30,Departed,IX
ba5b68e3-d394-4bba-b33f-966380097d1e,6E 6785,Unknown,CCU,IXB,2025-04-05 07:50:00+05:30,2025-04-05 07:50+05:30,2025-04-05 08:55+05:30,2025-04-05 08:55+05:30,Unknown,6E
2240bc34-cec0-4b56-80bf-8e2e5770e59d,6E 7623,Unknown,CCU,BBI,2025-04-05 07:55:00+05:30,2025-04-05 07:55+05:30,2025-04-05 09:20+05:30,2025-04-05 09:20+05:30,Unknown,6E
a9c72516-15ee-4ab1-a2ae-f5861613b0e0,6E 968,Unknown,STV,CCU,2025-04-04 17:25:00+05:30,2025-04-04 17:25+05:30,2025-04-04 20:00+05:30,2025-04-04 20:00+05:30,Unknown,6E
4456cc22-0dee-4f55-9c48-d5927514840c,6E 6069,Unknown,IXA,CCU,2025-04-04 19:00:00+05:30,2025-04-04 19:00+05:30,2025-04-04 20:00+05:30,2025-04-04 20:00+05:30,Unknown,6E
2344a65f-4c69-4a1f-8f50-f5864ffb86bb,IX 1098,Unknown,BBI,CCU,2025-04-04 18:55:00+05:30,2025-04-04 18:55+05:30,2025-04-04 20:05+05:30,2025-04-04 20:05+05:30,Unknown,IX
a37916d4-6954-4429-af6c-6e497b0cf76f,6E 283,Unknown,HYD,CCU,2025-04-04 17:55:00+05:30,2025-04-04 17:55+05:30,2025-04-04 20:05+05:30,2025-04-04 20:05+05:30,Unknown,6E
03155479-ad13-48c5-ba6e-4298d1d158e0,AI 2481,VT-TNZ,BOM,CCU,2025-04-04 17:20:00+05:30,2025-04-04 17:20+05:30,2025-04-04 20:10+05:30,2025-04-04 20:10+05:30,Unknown,AI
c165c9cf-232d-4546-ad26-f738e25b2fb5,6E 7088,Unknown,Unknown,CCU,,Unknown,2025-04-04 20:10+05:30,2025-04-04 20:10+05:30,Unknown,6E
8ae96477-c0ef-4495-bf32-d8f9af141056,9I 748,VT-RKC,BBI,CCU,2025-04-04 19:00:00+05:30,2025-04-04 19:00+05:30,2025-04-04 20:15+05:30,2025-04-04 20:15+05:30,Unknown,9I
3e286e15-be0a-45d3-a10d-8ee76540df8f,6E 2057,Unknown,DEL,CCU,2025-04-04 18:00:00+05:30,2025-04-04 18:00+05:30,2025-04-04 20:15+05:30,2025-04-04 20:15+05:30,Expected,6E
d55710c1-c2de-4d94-9af8-306d6c47ead6,6E 801,Unknown,RPR,CCU,2025-04-04 18:40:00+05:30,2025-04-04 18:40+05:30,2025-04-04 20:20+05:30,2025-04-04 20:20+05:30,Unknown,6E
c37a3c74-669c-4b63-869e-685f1e3e14d4,EY 222,A6-EIY,AUH,CCU,2025-04-04 14:00:00+04:00,2025-04-04 14:00+04:00,2025-04-04 20:20+05:30,2025-04-04 20:20+05:30,Unknown,EY
02fbb00c-a861-4fb1-a3cc-6c5a9d0eb2eb,QP 1124,Unknown,BOM,CCU,2025-04-04 17:40:00+05:30,2025-04-04 17:40+05:30,2025-04-04 20:25+05:30,2025-04-04 20:25+05:30,Unknown,QP
42df1934-1bff-4202-99df-0218b29b2df4,6E 6561,Unknown,PNQ,CCU,2025-04-04 17:40:00+05:30,2025-04-04 17:40+05:30,2025-04-04 20:25+05:30,2025-04-04 20:25+05:30,Unknown,6E
59fe195b-1893-491a-886f-9b110ad5a252,6E 606,Unknown,MAA,CCU,2025-04-04 18:00:00+05:30,2025-04-04 18:00+05:30,2025-04-04 20:25+05:30,2025-04-04 20:25+05:30,Unknown,6E
681c33f8-a557-4aee-ad79-ad30e09cff98,AI 2709,Unknown,DEL,CCU,2025-04-04 18:10:00+05:30,2025-04-04 18:10+05:30,2025-04-04 20:30+05:30,2025-04-04 20:30+05:30,Expected,AI
613549ee-615f-4697-960c-9982f97a3aa9,6E 5086,VT-IMB,BOM,CCU,2025-04-04 17:50:00+05:30,2025-04-04 17:50+05:30,2025-04-04 20:35+05:30,2025-04-04 20:35+05:30,Unknown,6E
75f779fa-acba-40f5-ba53-c17f992fdead,6E 7584,Unknown,BBI,CCU,2025-04-04 19:15:00+05:30,2025-04-04 19:15+05:30,2025-04-04 20:40+05:30,2025-04-04 20:40+05:30,Unknown,6E
23e58e93-4ce1-4d6f-a442-529da6e43aa8,6E 342,Unknown,PAT,CCU,2025-04-04 19:25:00+05:30,2025-04-04 19:25+05:30,2025-04-04 20:50+05:30,2025-04-04 20:50+05:30,Unknown,6E
d808ef52-729a-494b-a233-6a1c7e061263,6E 6966,VT-IZE,GAU,CCU,2025-04-04 19:50:00+05:30,2025-04-04 19:50+05:30,2025-04-04 21:05+05:30,2025-04-04 21:05+05:30,Unknown,6E
ae8e4109-c463-4d7f-aff2-158e2e754616,6E 6705,VT-ISL,IXA,CCU,2025-04-04 20:20:00+05:30,2025-04-04 20:20+05:30,2025-04-04 21:20+05:30,2025-04-04 21:20+05:30,Unknown,6E
cdf55a5e-e79f-4a09-aefe-0dd6a5007bed,6E 617,Unknown,VTZ,CCU,2025-04-04 19:55:00+05:30,2025-04-04 19:55+05:30,2025-04-04 21:30+05:30,2025-04-04 21:30+05:30,Unknown,6E
c6bf9b1e-e051-4af3-b5a9-141a70068c1d,AI 2411,Unknown,BOM,CCU,2025-04-04 19:05:00+05:30,2025-04-04 19:05+05:30,2025-04-04 21:35+05:30,2025-04-04 21:35+05:30,Unknown,AI
de75ac13-626c-4b90-9524-d542caf0c3d4,6E 6517,Unknown,DEL,CCU,2025-04-04 19:30:00+05:30,2025-04-04 19:30+05:30,2025-04-04 21:45+05:30,2025-04-04 21:45+05:30,Expected,6E
8ec31df7-9d41-4b7c-ab66-82aa9dfe1528,SG 3457,Unknown,GAU,CCU,2025-04-04 20:35:00+05:30,2025-04-04 20:35+05:30,2025-04-04 22:05+05:30,2025-04-04 22:05+05:30,Unknown,SG
615ca0d9-dc99-4635-af50-e85e18c90d5d,SQ 516,9V-MBJ,SIN,CCU,2025-04-04 20:40:00+08:00,2025-04-04 20:40+08:00,2025-04-04 22:15+05:30,2025-04-04 22:15+05:30,Expected,SQ
f29c030e-6164-4c40-b1e8-67e186beecc6,6E 7235,Unknown,IXR,CCU,2025-04-04 21:05:00+05:30,2025-04-04 21:05+05:30,2025-04-04 22:20+05:30,2025-04-04 22:20+05:30,Unknown,6E
3a6c72de-0c0a-4d92-ac28-f26585e65f9f,6E 6041,Unknown,IXC,CCU,2025-04-04 19:55:00+05:30,2025-04-04 19:55+05:30,2025-04-04 22:20+05:30,2025-04-04 22:20+05:30,Unknown,6E
3c10d56d-34f2-4184-b8c5-1fda55d1e400,AK 65,Unknown,KUL,CCU,2025-04-04 20:45:00+08:00,2025-04-04 21:35+08:00,2025-04-04 22:20+05:30,2025-04-04 22:20+05:30,Expected,AK
32fed95a-2969-42c1-a817-e6cf191c8fab,6E 6186,Unknown,JAI,CCU,2025-04-04 20:10:00+05:30,2025-04-04 20:10+05:30,2025-04-04 22:25+05:30,2025-04-04 22:25+05:30,Unknown,6E
6e8d94a3-5bfc-4f5a-8fb8-03fa520f0a04,6E 6566,Unknown,IDR,CCU,2025-04-04 20:30:00+05:30,2025-04-04 20:30+05:30,2025-04-04 22:35+05:30,2025-04-04 22:35+05:30,Unknown,6E
add43c5a-1118-4734-8177-862036733889,QP 1377,VT-YAP,BLR,CCU,2025-04-04 20:00:00+05:30,2025-04-04 20:30+05:30,2025-04-04 22:40+05:30,2025-04-04 22:40+05:30,Expected,QP
8b09db84-d14c-4cd8-99b2-7fa104b52820,6E 6469,Unknown,LKO,CCU,2025-04-04 21:05:00+05:30,2025-04-04 21:05+05:30,2025-04-04 22:45+05:30,2025-04-04 22:45+05:30,Unknown,6E
c42e58e3-47d2-4bb9-ab56-bce3aef3995b,SG 873,VT-SLP,BLR,CCU,2025-04-04 20:20:00+05:30,2025-04-04 20:10+05:30,2025-04-04 22:55+05:30,2025-04-04 22:55+05:30,Expected,SG
12b72073-5e7f-4e7f-a96d-7dda68f9936a,IX 1597,Unknown,BBI,CCU,2025-04-04 21:40:00+05:30,2025-04-04 21:40+05:30,2025-04-04 22:55+05:30,2025-04-04 22:55+05:30,Unknown,IX
e5656a31-c83d-4be4-bafa-39b188674b4c,IX 1227,VT-BOM,GAU,CCU,2025-04-04 21:20:00+05:30,2025-04-04 21:20+05:30,2025-04-04 22:55+05:30,2025-04-04 22:55+05:30,Unknown,IX
8869d60c-f64b-4610-bdb1-7dc199223fdb,6E 6664,VT-IFR,GAU,CCU,2025-04-04 21:45:00+05:30,2025-04-04 21:45+05:30,2025-04-04 23:00+05:30,2025-04-04 23:00+05:30,Unknown,6E
12fd350e-39e3-4857-8eef-dcb0dee25758,6E 7117,Unknown,BBI,CCU,2025-04-04 21:40:00+05:30,2025-04-04 21:40+05:30,2025-04-04 23:00+05:30,2025-04-04 23:00+05:30,Unknown,6E
3401279b-4788-4004-8a93-6049991d1727,IX 1513,Unknown,PAT,CCU,2025-04-04 21:45:00+05:30,2025-04-04 21:45+05:30,2025-04-04 23:00+05:30,2025-04-04 23:00+05:30,Unknown,IX
806cd1d1-61f8-4c15-96c6-24749aa1755c,6E 7216,Unknown,RPR,CCU,2025-04-04 20:55:00+05:30,2025-04-04 20:55+05:30,2025-04-04 23:05+05:30,2025-04-04 23:05+05:30,Unknown,6E
a1dca983-c685-4593-9d9a-f9aee8a1c98e,6E 975,VT-IBL,BLR,CCU,2025-04-04 20:30:00+05:30,2025-04-04 21:00+05:30,2025-04-04 23:10+05:30,2025-04-04 23:10+05:30,Expected,6E
c2c49395-5290-4666-a08d-24e89906eb94,6E 6287,VT-IUV,BOM,CCU,2025-04-04 20:10:00+05:30,2025-04-04 20:10+05:30,2025-04-04 23:10+05:30,2025-04-04 23:10+05:30,Unknown,6E
312c21ea-3cf4-46aa-8431-057661ec5856,6E 944,Unknown,HYD,CCU,2025-04-04 21:05:00+05:30,2025-04-04 21:05+05:30,2025-04-04 23:15+05:30,2025-04-04 23:15+05:30,Unknown,6E
110ca02c-46a5-4ea7-8869-417ef6b1f42d,SG 204,VT-SGV,BOM,CCU,2025-04-04 20:20:00+05:30,2025-04-04 20:20+05:30,2025-04-04 23:15+05:30,2025-04-04 23:15+05:30,Unknown,SG
d81249ae-1224-423d-91dc-991f0795d5ef,MH 184,Unknown,KUL,CCU,2025-04-04 22:05:00+08:00,2025-04-04 22:51+08:00,2025-04-04 23:25+05:30,2025-04-04 23:25+05:30,Expected,MH
a381d0e9-5ee9-40ad-86be-8a7fbc1679f9,6E 389,Unknown,DEL,CCU,2025-04-04 21:15:00+05:30,2025-04-04 21:15+05:30,2025-04-04 23:30+05:30,2025-04-04 23:30+05:30,Expected,6E
e23bf7ab-ce2b-4f06-a4e8-50c0444324f2,AI 2400,Unknown,DEL,CCU,2025-04-04 21:00:00+05:30,2025-04-04 21:00+05:30,2025-04-04 23:30+05:30,2025-04-04 23:30+05:30,Expected,AI
af26024a-cb01-4563-843f-23cc440f7cb7,IX 2718,VT-VNS,BLR,CCU,2025-04-04 20:50:00+05:30,2025-04-04 20:45+05:30,2025-04-04 23:30+05:30,2025-04-04 23:30+05:30,Expected,IX
fb7ecfaa-a38e-45d8-9436-9fd170e7c97a,6E 923,Unknown,MAA,CCU,2025-04-04 21:10:00+05:30,2025-04-04 21:10+05:30,2025-04-04 23:40+05:30,2025-04-04 23:40+05:30,Unknown,6E
e8fbf4ad-6d48-415e-81cc-812db88b5b75,IX 1954,Unknown,GAU,CCU,2025-04-04 22:05:00+05:30,2025-04-04 22:05+05:30,2025-04-04 23:40+05:30,2025-04-04 23:40+05:30,Unknown,IX
df163c9e-4ba7-4d0d-bd0f-0c993f8022d1,IX 2510,Unknown,SXR,CCU,2025-04-04 20:45:00+05:30,2025-04-04 20:45+05:30,2025-04-04 23:45+05:30,2025-04-04 23:45+05:30,Unknown,IX
dbef0050-f194-48a8-bf48-9aafb2d15869,6E 6962,Unknown,SXR,CCU,2025-04-04 21:05:00+05:30,2025-04-04 21:05+05:30,2025-04-04 23:55+05:30,2025-04-04 23:55+05:30,Unknown,6E
62549602-b176-4ce2-901b-854e17661aac,FD 120,HS-BBB,DMK,CCU,2025-04-04 22:55:00+07:00,2025-04-04 22:58+07:00,2025-04-04 23:59+05:30,2025-04-04 23:59+05:30,Expected,FD
8a84da55-c511-4a19-824f-4b88e1c1b506,SG 184,VT-SLC,DEL,CCU,2025-04-04 21:45:00+05:30,2025-04-04 21:45+05:30,2025-04-05 00:05+05:30,2025-04-05 00:05+05:30,Expected,SG
6ebf9e30-7b70-45c2-9d3f-ef64e57770d1,AI 2727,Unknown,DEL,CCU,2025-04-04 21:55:00+05:30,2025-04-04 21:55+05:30,2025-04-05 00:10+05:30,2025-04-05 00:10+05:30,Expected,AI
81fb24a6-ca9d-4e1d-b019-5086c6ce5cdb,FZ 461,A6-FKP,DXB,CCU,2025-04-04 18:20:00+04:00,2025-04-04 18:20+04:00,2025-04-05 00:30+05:30,2025-04-05 00:30+05:30,Unknown,FZ
428e9670-25cb-4820-8cd0-5cd37f02951e,6E 319,Unknown,AMD,CCU,2025-04-04 22:00:00+05:30,2025-04-04 22:00+05:30,2025-04-05 00:40+05:30,2025-04-05 00:40+05:30,Unknown,6E
14987000-f503-4caf-93bb-601d106dac8d,IX 1572,VT-BWD,BLR,CCU,2025-04-04 22:25:00+05:30,2025-04-04 22:35+05:30,2025-04-05 00:45+05:30,2025-04-05 00:45+05:30,Expected,IX
3f6f0998-f519-4e8d-a338-7e5974dd5cad,TG 313,HS-TXK,BKK,CCU,2025-04-04 23:45:00+07:00,2025-04-04 23:38+07:00,2025-04-05 00:45+05:30,2025-04-05 00:45+05:30,Expected,TG
a1bee637-6dff-41cd-b7ae-090b222e1777,6E 952,VT-IBE,BLR,CCU,2025-04-04 22:20:00+05:30,2025-04-04 22:20+05:30,2025-04-05 00:55+05:30,2025-04-05 00:55+05:30,Expected,6E
12c5e16a-ded7-408f-9d18-c06c9a0c5cd0,IX 1589,VT-BWG,MAA,CCU,2025-04-04 22:25:00+05:30,2025-04-04 22:25+05:30,2025-04-05 01:05+05:30,2025-04-05 01:05+05:30,Unknown,IX
974b9a2c-7199-4534-bed1-5c8a0b803365,FD 186,Unknown,HKT,CCU,2025-04-04 23:45:00+07:00,2025-04-04 23:29+07:00,2025-04-05 01:25+05:30,2025-04-05 01:25+05:30,Expected,FD
a112a879-c187-47dd-a971-180d883025eb,SL 242,HS-LGL,DMK,CCU,2025-04-05 00:30:00+07:00,2025-04-05 01:02+07:00,2025-04-05 01:35+05:30,2025-04-05 01:35+05:30,Expected,SL
e5bebff2-56cf-41b1-83a9-222999a12f1f,IX 1382,VT-BXX,HYD,CCU,2025-04-04 23:50:00+05:30,2025-04-04 23:50+05:30,2025-04-05 02:15+05:30,2025-04-05 02:15+05:30,Unknown,IX
22dc9546-942b-410d-a976-dd12a9e2b964,QR 540,Unknown,DOH,CCU,2025-04-04 18:45:00+03:00,2025-04-04 19:01+03:00,2025-04-05 02:20+05:30,2025-04-05 02:20+05:30,Expected,QR
4b3d901e-c3df-48c1-8c3e-7abd6541e17f,EY 220,A6-EIT,AUH,CCU,2025-04-04 20:30:00+04:00,2025-04-04 20:30+04:00,2025-04-05 02:50+05:30,2025-04-05 02:50+05:30,Unknown,EY
d715481d-f240-446b-9cf7-b7e2fad6e6cb,6E 6921,Unknown,PNQ,CCU,2025-04-05 00:35:00+05:30,2025-04-05 00:35+05:30,2025-04-05 03:10+05:30,2025-04-05 03:10+05:30,Unknown,6E
f4d3a396-5f07-4a41-946a-8e4097f5ae60,QP 1172,Unknown,BOM,CCU,2025-04-05 00:35:00+05:30,2025-04-05 00:35+05:30,2025-04-05 03:20+05:30,2025-04-05 03:20+05:30,Unknown,QP
50c6c8e5-4b37-4938-a514-d93e8461521a,AI 2702,Unknown,DEL,CCU,2025-04-05 02:00:00+05:30,2025-04-05 02:00+05:30,2025-04-05 04:15+05:30,2025-04-05 04:15+05:30,Expected,AI
ca63b48c-1cd8-4363-a5bf-16097bd5ac0d,6E 1642,VT-ISM,SGN,CCU,2025-04-05 02:40:00+07:00,2025-04-05 02:40+07:00,2025-04-05 04:35+05:30,2025-04-05 04:35+05:30,Unknown,6E
17075c23-0ba2-492c-a52c-50d37fbb7ee7,6E 1632,Unknown,HAN,CCU,2025-04-05 03:10:00+07:00,2025-04-05 03:10+07:00,2025-04-05 04:40+05:30,2025-04-05 04:40+05:30,Unknown,6E
e12fdb15-04d7-4eae-ac94-e65640aac410,6E 2788,Unknown,DEL,CCU,2025-04-05 02:30:00+05:30,2025-04-05 02:30+05:30,2025-04-05 04:45+05:30,2025-04-05 04:45+05:30,Expected,6E
d9c5f49e-e72c-4e55-a968-e5d2d7953225,6E 138,Unknown,BOM,CCU,2025-04-05 02:45:00+05:30,2025-04-05 02:45+05:30,2025-04-05 05:30+05:30,2025-04-05 05:30+05:30,Unknown,6E
fb52ef4f-80f3-46c0-b7cd-e088c1cb0a4d,IX 2753,VT-GWH,BLR,CCU,2025-04-05 04:15:00+05:30,2025-04-05 04:15+05:30,2025-04-05 07:00+05:30,2025-04-05 07:00+05:30,Expected,IX
de3c23f2-1bc5-4df8-8136-15db692c5e88,6E 1058,Unknown,BKK,CCU,2025-04-05 05:45:00+07:00,2025-04-05 05:34+07:00,2025-04-05 07:00+05:30,2025-04-05 07:00+05:30,Expected,6E
b05c6883-01f6-4868-8d35-9554d2ba344f,6E 2037,Unknown,DEL,CCU,2025-04-05 05:15:00+05:30,2025-04-05 05:15+05:30,2025-04-05 07:30+05:30,2025-04-05 07:30+05:30,Expected,6E
8e0b74c1-167b-4b08-8024-9248be68a870,6E 227,VT-IMD,BLR,CCU,2025-04-05 05:00:00+05:30,2025-04-05 05:00+05:30,2025-04-05 07:40+05:30,2025-04-05 07:40+05:30,Expected,6E
fa046565-2eea-462a-b90e-c7e2d9550786,6E 987,Unknown,MAA,CCU,2025-04-05 05:25:00+05:30,2025-04-05 05:25+05:30,2025-04-05 07:45+05:30,2025-04-05 07:45+05:30,Unknown,6E
e1b910d7-90ea-4a38-9259-b8f1cb2b17d0,B3 701,A5-DOR,BKK,CCU,2025-04-05 06:30:00+07:00,2025-04-05 06:31+07:00,2025-04-05 07:45+05:30,2025-04-05 07:45+05:30,Expected,B3
5fdddc3b-40f8-4a6c-be31-084f428e26f8,QP 1925,Unknown,AMD,CCU,2025-04-05 05:15:00+05:30,2025-04-05 05:15+05:30,2025-04-05 07:50+05:30,2025-04-05 07:50+05:30,Unknown,QP
4d88aa80-8032-4388-8855-49e440be11a3,6E 6728,Unknown,AMD,HYD,2025-04-04 20:00:00+05:30,2025-04-04 20:00+05:30,2025-04-04 21:45+05:30,2025-04-04 21:45+05:30,Unknown,6E
5fbe5860-51b8-4e8a-b39f-dd5e8214344e,QP 1332,VT-YAF,AMD,BLR,2025-04-04 20:05:00+05:30,2025-04-04 20:05+05:30,2025-04-04 22:25+05:30,2025-04-05 03:15+05:30,Expected,QP
1103a724-25a9-4848-81a2-119b85e8670a,6E 5160,Unknown,AMD,BOM,2025-04-04 20:30:00+05:30,2025-04-04 20:30+05:30,2025-04-04 21:30+05:30,2025-04-04 21:30+05:30,Unknown,6E
e4615b10-e6c9-4784-91a8-7f3dd7cfef15,AI 638,VT-EXT,AMD,BOM,2025-04-04 20:30:00+05:30,2025-04-04 20:30+05:30,2025-04-04 22:10+05:30,2025-04-04 22:10+05:30,Unknown,AI
e17dc0a8-0625-431d-be70-d81387cb2d3c,6E 7187,Unknown,AMD,IDR,2025-04-04 20:35:00+05:30,2025-04-04 20:35+05:30,2025-04-04 22:00+05:30,2025-04-04 22:00+05:30,Unknown,6E
8a439705-833a-4134-b10d-b42795f352e2,AI 810,VT-PPJ,AMD,DEL,2025-04-04 20:20:00+05:30,2025-04-04 20:40+05:30,2025-04-04 22:00+05:30,2025-04-04 21:59+05:30,Departed,AI
aa15a0ee-0fba-4e17-b901-1674d9eed6d4,6E 794,VT-IVB,AMD,PNQ,2025-04-04 20:45:00+05:30,2025-04-04 20:45+05:30,2025-04-04 22:00+05:30,2025-04-04 22:00+05:30,Unknown,6E
dc57f4c1-e119-46c9-83f7-e4f1d7fa4c52,QP 1508,Unknown,AMD,PNQ,2025-04-04 20:50:00+05:30,2025-04-04 20:50+05:30,2025-04-04 22:15+05:30,2025-04-04 22:15+05:30,Unknown,QP
017c4376-cce7-4c52-8990-328a252105b6,6E 348,VT-IAN,AMD,MAA,2025-04-04 21:05:00+05:30,2025-04-04 21:05+05:30,2025-04-04 23:40+05:30,2025-04-04 23:40+05:30,Unknown,6E
3b066bed-be14-41a8-8aff-56fa7b4aecd1,6E 1243,VT-IIQ,AMD,KWI,2025-04-04 21:15:00+05:30,2025-04-04 21:19+05:30,2025-04-04 23:05+03:00,2025-04-04 23:05+03:00,Departed,6E
eac9ceae-ec24-455d-ae8c-d9ee0f5c9afa,EY 241,A6-EIH,AMD,AUH,2025-04-04 21:30:00+05:30,2025-04-04 21:30+05:30,2025-04-04 23:05+04:00,2025-04-04 23:05+04:00,Unknown,EY
7e5dacf2-869d-4bf0-bf12-f1451bfbbddb,6E 75,Unknown,AMD,JED,2025-04-04 21:20:00+05:30,2025-04-04 21:50+05:30,2025-04-05 00:05+03:00,2025-04-05 00:05+03:00,Departed,6E
7ba6510a-602a-45c0-b28b-aa04093f8d19,6E 996,YL-LDN,AMD,BLR,2025-04-04 21:55:00+05:30,2025-04-04 21:55+05:30,2025-04-05 00:15+05:30,2025-04-05 01:21+05:30,Departed,6E
73732e38-ab3d-46a6-9874-de291a71fcb5,6E 6506,Unknown,AMD,IXC,2025-04-04 21:40:00+05:30,2025-04-04 21:56+05:30,2025-04-04 23:25+05:30,2025-04-04 23:25+05:30,Departed,6E
9fb50182-df17-45c7-8499-07c48e548614,6E 319,Unknown,AMD,CCU,2025-04-04 22:00:00+05:30,2025-04-04 22:00+05:30,2025-04-05 00:40+05:30,2025-04-05 00:40+05:30,Unknown,6E
eb196eba-f989-438c-9701-731db637626f,6E 2159,Unknown,AMD,DEL,2025-04-04 22:05:00+05:30,2025-04-04 22:05+05:30,2025-04-04 23:50+05:30,2025-04-04 23:26+05:30,Departed,6E
70066000-76d7-4a38-ba6c-9572e2b89643,AI 532,VT-PPV,AMD,DEL,2025-04-04 22:10:00+05:30,2025-04-04 22:10+05:30,2025-04-05 00:10+05:30,2025-04-04 23:56+05:30,Departed,AI
e216e4dd-e3f3-4e42-8f26-87b8f0f8605f,AI 2586,VT-TVH,AMD,BOM,2025-04-04 22:20:00+05:30,2025-04-04 22:20+05:30,2025-04-04 23:55+05:30,2025-04-04 23:55+05:30,Unknown,AI
36a5fd31-4bbf-44db-86fa-46f550e85d9a,6E 868,Unknown,AMD,Unknown,2025-04-04 22:30:00+05:30,2025-04-04 22:30+05:30,Unknown,Unknown,Unknown,6E
a23ccd7f-a455-4f5c-998f-7f692cc4d243,AI 632,Unknown,AMD,Unknown,2025-04-04 22:30:00+05:30,2025-04-04 22:30+05:30,Unknown,Unknown,Unknown,AI
4e00b524-b84b-42af-9a1c-64819f5dfa2c,6E 1431,Unknown,AMD,AUH,2025-04-04 22:40:00+05:30,2025-04-04 22:42+05:30,2025-04-05 00:25+04:00,2025-04-05 00:25+04:00,Departed,6E
475e6502-5960-40c9-88e6-e1b9cb3aa0b3,MH 107,Unknown,AMD,KUL,2025-04-04 22:45:00+05:30,2025-04-04 22:45+05:30,2025-04-05 08:30+08:00,2025-04-05 08:29+08:00,Departed,MH
5178f8f1-ba7c-4cb8-888a-d8bb4b0e9c08,AI 2647,VT-TYE,AMD,BLR,2025-04-04 22:25:00+05:30,2025-04-04 22:48+05:30,2025-04-05 00:45+05:30,2025-04-05 00:57+05:30,Departed,AI
116ddf51-261e-420f-b6a3-f35bbc69ab42,SQ 505,9V-SHM,AMD,SIN,2025-04-04 22:50:00+05:30,2025-04-04 22:50+05:30,2025-04-05 07:10+08:00,2025-04-05 06:43+08:00,Departed,SQ
531ce679-ff74-48f2-9d01-4c82d4b6b4a3,QP 580,Unknown,AMD,AUH,2025-04-04 23:05:00+05:30,2025-04-04 23:05+05:30,2025-04-05 00:50+04:00,2025-04-05 00:50+04:00,Unknown,QP
37e61ffc-72dc-46c5-ba74-8b839281cdbb,6E 2385,Unknown,AMD,DEL,2025-04-04 23:15:00+05:30,2025-04-04 23:15+05:30,2025-04-05 00:55+05:30,2025-04-05 00:55+05:30,Departed,6E
7fe5d982-477b-453e-9d14-0c51abbddc03,AI 456,VT-PPO,AMD,DEL,2025-04-04 23:00:00+05:30,2025-04-04 23:18+05:30,2025-04-05 00:45+05:30,2025-04-05 00:40+05:30,Departed,AI
ced1bc17-7661-4d78-afc3-a1657fe9b558,AK 90,9M-AGA,AMD,KUL,2025-04-04 23:20:00+05:30,2025-04-04 23:20+05:30,2025-04-05 08:40+08:00,2025-04-05 08:23+08:00,Departed,AK
15a0ceb2-07a9-49a2-83cc-734311db37b0,6E 6351,VT-IAR,AMD,Unknown,2025-04-04 23:45:00+05:30,2025-04-04 23:45+05:30,Unknown,Unknown,Unknown,6E
0a168ca5-939d-4426-9038-f9f1429c0c4b,VJ 1806,VN-A676,AMD,SGN,2025-04-04 23:50:00+05:30,2025-04-04 23:50+05:30,2025-04-05 06:30+07:00,2025-04-05 06:30+07:00,Unknown,VJ
eca33bf9-73f4-4fdf-9e6e-3201c2e2c06c,6E 383,Unknown,AMD,HYD,2025-04-04 23:50:00+05:30,2025-04-04 23:50+05:30,2025-04-05 01:35+05:30,2025-04-05 01:35+05:30,Unknown,6E
fee1352d-6dd0-48e1-93fa-0449ba705fe4,VJ 1926,VN-A699,AMD,HAN,2025-04-05 00:10:00+05:30,2025-04-05 00:10+05:30,2025-04-05 05:55+07:00,2025-04-05 05:55+07:00,Unknown,VJ
c5ccf8d4-226e-4ed5-828a-eb0e0a96fa2f,TG 344,HS-TXE,AMD,BKK,2025-04-05 01:05:00+05:30,2025-04-05 01:05+05:30,2025-04-05 07:00+07:00,2025-04-05 06:35+07:00,Departed,TG
d04347f4-5f8c-4045-b621-37ec9567ad33,6E 803,VT-ISP,AMD,BOM,2025-04-05 01:15:00+05:30,2025-04-05 01:16+05:30,2025-04-05 02:45+05:30,2025-04-05 02:45+05:30,Departed,6E
b13a3a7d-9dc6-4977-8954-a71df385c494,6E 1477,Unknown,AMD,DXB,2025-04-05 02:40:00+05:30,2025-04-05 02:40+05:30,2025-04-05 04:15+04:00,2025-04-05 04:15+04:00,Unknown,6E
e90bfa88-9f0d-4995-8d9a-783bf1bf91bc,6E 699,VT-IVB,AMD,PNQ,2025-04-05 02:45:00+05:30,2025-04-05 02:45+05:30,2025-04-05 04:00+05:30,2025-04-05 04:00+05:30,Unknown,6E
98cb2c07-aa88-4a30-83e4-e8b6325cb1a5,QR 535,A7-AHC,AMD,DOH,2025-04-05 03:55:00+05:30,2025-04-05 03:47+05:30,2025-04-05 05:10+03:00,2025-04-05 04:16+03:00,Departed,QR
609eefd6-1587-4108-a465-093ec2ae3668,6E 6285,Unknown,AMD,BOM,2025-04-05 04:00:00+05:30,2025-04-05 04:00+05:30,2025-04-05 05:30+05:30,2025-04-05 05:30+05:30,Unknown,6E
4c8d00f7-190a-4f91-b647-09868c71951a,6E 6285,Unknown,AMD,BOM,2025-04-05 04:00:00+05:30,2025-04-05 04:00+05:30,2025-04-05 05:30+05:30,2025-04-05 05:30+05:30,Unknown,6E
e1957016-f268-4fed-bd8a-3a5403fe986c,KU 346,9K-AKL,AMD,KWI,2025-04-05 04:00:00+05:30,2025-04-05 04:00+05:30,2025-04-05 05:40+03:00,2025-04-05 05:40+03:00,Unknown,KU
4a3d2cf7-076e-440e-92bf-5ce47a85e555,KU 346,9K-AKL,AMD,KWI,2025-04-05 04:00:00+05:30,2025-04-05 04:00+05:30,2025-04-05 05:40+03:00,2025-04-05 05:40+03:00,Unknown,KU
fcbab8c6-4cd6-45e9-8bd7-fe899be6110c,6E 6422,VT-IMH,AMD,BLR,2025-04-05 04:05:00+05:30,2025-04-05 04:08+05:30,2025-04-05 06:25+05:30,2025-04-05 05:57+05:30,Departed,6E
20f11f75-e68b-4ad7-a3bf-cc6f01cc8ba6,EK 539,Unknown,AMD,DXB,2025-04-05 04:35:00+05:30,2025-04-05 04:36+05:30,2025-04-05 06:10+04:00,2025-04-05 06:10+04:00,Departed,EK
30ca714b-ce93-4afc-b937-3d422f465ba3,6E 6418,Unknown,AMD,GOI,2025-04-05 04:50:00+05:30,2025-04-05 04:49+05:30,2025-04-05 06:25+05:30,2025-04-05 06:25+05:30,Departed,6E
c718aede-ac0e-4ac5-860f-5a54e6445626,6E 2209,VT-ISS,AMD,DEL,2025-04-05 04:55:00+05:30,2025-04-05 04:58+05:30,2025-04-05 06:40+05:30,2025-04-05 06:14+05:30,Departed,6E
3a261312-38b7-4e79-9e73-74c8cd4bf8d5,AI 2918,VT-ATV,AMD,BOM,2025-04-05 04:50:00+05:30,2025-04-05 05:01+05:30,2025-04-05 06:20+05:30,2025-04-05 06:20+05:30,Departed,AI
2a7fe126-adc1-4d42-b621-968d398ab117,QP 1925,Unknown,AMD,CCU,2025-04-05 05:15:00+05:30,2025-04-05 05:15+05:30,2025-04-05 07:50+05:30,2025-04-05 07:50+05:30,Unknown,QP
6ca6448f-fd2f-49d2-b73f-31643955dce6,EY 247,A6-EIX,AMD,AUH,2025-04-05 05:15:00+05:30,2025-04-05 05:15+05:30,2025-04-05 06:55+04:00,2025-04-05 06:55+04:00,Unknown,EY
d437ace0-5fdc-42c6-b6a9-a223f7a16c31,G9 419,Unknown,AMD,SHJ,2025-04-05 05:15:00+05:30,2025-04-05 05:25+05:30,2025-04-05 06:35+04:00,2025-04-05 06:35+04:00,Departed,G9
ca0b9488-9e71-419d-b60a-f1c7d954fdeb,AKJ 192E,Unknown,AMD,CCU,2025-04-05 05:34:00+05:30,2025-04-05 05:34+05:30,Unknown,Unknown,Departed,UNKNOWN
e4ace521-2ed5-4097-b5b2-cac59360d3a8,6E 6078,VT-IIK,AMD,MAA,2025-04-05 05:30:00+05:30,2025-04-05 05:38+05:30,2025-04-05 07:50+05:30,2025-04-05 07:50+05:30,Departed,6E
1e63f4b2-3924-47cc-99b1-4a79e7b5eacb,QP 1145,Unknown,AMD,DEL,2025-04-05 05:40:00+05:30,2025-04-05 05:40+05:30,2025-04-05 07:30+05:30,2025-04-05 07:08+05:30,Departed,QP
b0e94c24-cbf3-4bfb-923d-58e2f76a385c,6E 2263,Unknown,AMD,DEL,2025-04-05 05:40:00+05:30,2025-04-05 05:40+05:30,2025-04-05 07:25+05:30,2025-04-05 07:00+05:30,Departed,6E
25992b48-45f6-4219-805c-00f72acaed25,QP 1505,Unknown,AMD,PNQ,2025-04-05 05:45:00+05:30,2025-04-05 05:45+05:30,2025-04-05 07:15+05:30,2025-04-05 07:15+05:30,Unknown,QP
9a354279-008c-403e-8b48-bca91dc9c6b8,6E 5208,VT-IIH,AMD,HYD,2025-04-05 05:50:00+05:30,2025-04-05 05:50+05:30,2025-04-05 07:45+05:30,2025-04-05 07:45+05:30,Departed,6E
864c6c02-9a50-4dbc-8b79-8c1deac2a0d9,6E 7502,Unknown,AMD,NAG,2025-04-05 05:50:00+05:30,2025-04-05 05:50+05:30,2025-04-05 07:55+05:30,2025-04-05 07:55+05:30,Unknown,6E
4a3ed92d-d611-45d8-b9e0-a244c5f4a69f,6E 966,VT-IIP,AMD,CCU,2025-04-05 06:05:00+05:30,2025-04-05 06:10+05:30,2025-04-05 08:45+05:30,2025-04-05 08:45+05:30,Departed,6E
52ab86a8-f548-46f7-b786-3507c3935113,6E 7173,Unknown,AMD,IDR,2025-04-05 06:10:00+05:30,2025-04-05 06:10+05:30,2025-04-05 07:35+05:30,2025-04-05 07:35+05:30,Unknown,6E
40812a89-8a5d-4c96-a001-503c94a20341,6E 7582,Unknown,AMD,BHO,2025-04-05 06:15:00+05:30,2025-04-05 06:15+05:30,2025-04-05 08:05+05:30,2025-04-05 08:05+05:30,Unknown,6E
c196cb56-dc2a-4b1b-a531-1631c32b69e4,3L 112,Unknown,AMD,AUH,2025-04-05 06:20:00+05:30,2025-04-05 06:41+05:30,2025-04-05 07:50+04:00,2025-04-05 07:50+04:00,Departed,3L
4dcd1e6b-4cc7-4ee6-ba4f-6c781ad9f53f,6E 7114,VT-IYB,AMD,JAI,2025-04-05 06:30:00+05:30,2025-04-05 06:43+05:30,2025-04-05 08:15+05:30,2025-04-05 08:15+05:30,Departed,6E
6a33b488-b9e6-49e2-8a98-1e22663aa3f8,6E 2736,Unknown,AMD,DEL,2025-04-05 06:50:00+05:30,2025-04-05 06:50+05:30,2025-04-05 08:35+05:30,2025-04-05 08:35+05:30,Departed,6E
8e064faa-6f7c-4281-b64c-250c403530b3,J9 408,9K-CBB,AMD,KWI,2025-04-05 06:45:00+05:30,2025-04-05 06:55+05:30,2025-04-05 08:25+03:00,2025-04-05 08:25+03:00,Departed,J9
1252918d-99d7-4ffe-bf88-3cfaa2784ef9,AI 2906,VT-TQE,AMD,DEL,2025-04-05 06:45:00+05:30,2025-04-05 06:59+05:30,2025-04-05 08:20+05:30,2025-04-05 08:20+05:30,Departed,AI
eb168f95-8a1f-4533-a565-6d668cee8ffe,6E 479,Unknown,AMD,MAA,2025-04-05 07:00:00+05:30,2025-04-05 07:00+05:30,2025-04-05 09:20+05:30,2025-04-05 09:20+05:30,Unknown,6E
e0ba16ed-85cd-44c9-8fd9-f3c08f499734,6E 6244,VT-IVB,AMD,LKO,2025-04-05 07:05:00+05:30,2025-04-05 07:05+05:30,2025-04-05 09:00+05:30,2025-04-05 09:00+05:30,Unknown,6E
611e1d62-703a-4500-bd20-bc3a955fc593,AI 818,VT-PPJ,AMD,DEL,2025-04-05 07:15:00+05:30,2025-04-05 07:31+05:30,2025-04-05 09:05+05:30,2025-04-05 09:03+05:30,Departed,AI
5fda6732-892b-4dcd-8f9e-8f4ca262ed48,AI 614,VT-PPQ,AMD,BOM,2025-04-05 07:55:00+05:30,2025-04-05 07:55+05:30,2025-04-05 09:40+05:30,2025-04-05 09:40+05:30,Unknown,AI
e1f947a6-4ecb-47a4-b0ad-942452af46c7,6E 2046,Unknown,AMD,BOM,2025-04-05 07:55:00+05:30,2025-04-05 07:55+05:30,2025-04-05 09:25+05:30,2025-04-05 09:25+05:30,Unknown,6E
0df1eb81-bcf6-4361-8e1d-eb49260e26c9,6E 848,Unknown,MAA,AMD,2025-04-04 17:45:00+05:30,2025-04-04 17:45+05:30,2025-04-04 20:05+05:30,2025-04-04 20:05+05:30,Unknown,6E
c1818e78-145f-4b51-9c70-68c5c4e46d2b,QP 1334,Unknown,DEL,AMD,2025-04-04 18:20:00+05:30,2025-04-04 18:20+05:30,2025-04-04 20:10+05:30,2025-04-04 20:10+05:30,Expected,QP
14d0c21e-8055-4883-b8a0-8a6e84981573,6E 6395,Unknown,IXC,AMD,2025-04-04 18:55:00+05:30,2025-04-04 18:55+05:30,2025-04-04 20:40+05:30,2025-04-04 20:40+05:30,Unknown,6E
dc61c2a6-d6c7-45f3-85eb-4bf83eda7b3c,6E 6094,Unknown,BOM,AMD,2025-04-04 19:40:00+05:30,2025-04-04 19:40+05:30,2025-04-04 21:05+05:30,2025-04-04 21:05+05:30,Unknown,6E
465030c2-55f2-4b36-8399-c18bfc5642f7,6E 6099,Unknown,HYD,AMD,2025-04-04 19:30:00+05:30,2025-04-04 19:30+05:30,2025-04-04 21:15+05:30,2025-04-04 21:15+05:30,Unknown,6E
f791690c-9fa1-4e03-9a4f-061223c81ea5,6E 2096,VT-ISV,DEL,AMD,2025-04-04 19:40:00+05:30,2025-04-04 19:40+05:30,2025-04-04 21:15+05:30,2025-04-04 21:15+05:30,Expected,6E
3b9ae146-c2b3-4110-9a69-970553cf607d,6E 6423,YL-LDN,BLR,AMD,2025-04-04 19:00:00+05:30,2025-04-04 20:15+05:30,2025-04-04 21:20+05:30,2025-04-04 21:20+05:30,Expected,6E
33283fe7-91c2-464c-8b48-d843b24a489a,AI 531,VT-PPV,DEL,AMD,2025-04-04 19:45:00+05:30,2025-04-04 19:45+05:30,2025-04-04 21:30+05:30,2025-04-04 21:30+05:30,Expected,AI
94498760-ea92-4460-91dd-db5687547704,SQ 504,9V-SHM,SIN,AMD,2025-04-04 18:35:00+08:00,2025-04-04 18:35+08:00,2025-04-04 21:35+05:30,2025-04-04 21:35+05:30,Expected,SQ
f6b3b88a-b3ed-49c1-a5ae-db07a11573aa,AI 2585,VT-TVH,BOM,AMD,2025-04-04 20:30:00+05:30,2025-04-04 20:30+05:30,2025-04-04 21:40+05:30,2025-04-04 21:40+05:30,Unknown,AI
6b39719a-1063-4413-8cc6-1bd06fedcd79,MH 106,Unknown,KUL,AMD,2025-04-04 18:50:00+08:00,2025-04-04 20:50+08:00,2025-04-04 21:45+05:30,2025-04-04 21:45+05:30,Expected,MH
20bf2f16-f132-46aa-b846-206063b998d1,6E 6968,Unknown,LKO,AMD,2025-04-04 20:05:00+05:30,2025-04-04 20:05+05:30,2025-04-04 21:50+05:30,2025-04-04 21:50+05:30,Unknown,6E
3b4fd8e0-40f9-4633-88df-34eb6456fd75,AI 2646,VT-TYE,BLR,AMD,2025-04-04 19:35:00+05:30,2025-04-04 19:35+05:30,2025-04-04 21:50+05:30,2025-04-04 21:50+05:30,Expected,AI
b4cc0872-b02f-49a3-8c39-0724502c59d7,6E 178,Unknown,PAT,AMD,2025-04-04 19:35:00+05:30,2025-04-04 19:35+05:30,2025-04-04 21:50+05:30,2025-04-04 21:50+05:30,Unknown,6E
6fad6a77-710c-4984-8753-b953df5101b6,6E 7276,Unknown,JAI,AMD,2025-04-04 20:45:00+05:30,2025-04-04 20:45+05:30,2025-04-04 22:15+05:30,2025-04-04 22:15+05:30,Unknown,6E
2a75e077-3191-481e-80f8-c87f441e6507,AI 455,VT-PPO,DEL,AMD,2025-04-04 20:45:00+05:30,2025-04-04 20:45+05:30,2025-04-04 22:20+05:30,2025-04-04 22:20+05:30,Expected,AI
41667598-ae43-4bc7-8c13-037d85cf0dac,6E 2153,Unknown,DEL,AMD,2025-04-04 21:00:00+05:30,2025-04-04 21:00+05:30,2025-04-04 22:30+05:30,2025-04-04 22:30+05:30,Expected,6E
4269a4fc-0d05-4abc-be9f-0d536f39a305,AK 91,9M-AGA,KUL,AMD,2025-04-04 19:55:00+08:00,2025-04-04 21:09+08:00,2025-04-04 22:35+05:30,2025-04-04 22:35+05:30,Expected,AK
5a3a0626-8a02-4005-9b47-dc1dd2fa01c0,QP 1528,Unknown,BOM,AMD,2025-04-04 21:10:00+05:30,2025-04-04 21:10+05:30,2025-04-04 22:40+05:30,2025-04-04 22:40+05:30,Unknown,QP
fb90906d-85ae-4690-9efb-ce37dc6864a3,VJ 1805,VN-A676,SGN,AMD,2025-04-04 19:10:00+07:00,2025-04-04 19:10+07:00,2025-04-04 22:50+05:30,2025-04-04 22:50+05:30,Unknown,VJ
28cbed3d-2fe3-47de-8cc2-77f1b15ba079,6E 6414,VT-IAR,VNS,AMD,2025-04-04 21:05:00+05:30,2025-04-04 21:05+05:30,2025-04-04 22:55+05:30,2025-04-04 22:55+05:30,Unknown,6E
188e7a4d-b609-4300-b3c5-ef04cc042b62,6E 5283,Unknown,BOM,AMD,2025-04-04 21:45:00+05:30,2025-04-04 21:45+05:30,2025-04-04 22:55+05:30,2025-04-04 22:55+05:30,Unknown,6E
581784cb-1b07-4d8e-8466-279141fd8c22,6E 216,Unknown,HYD,AMD,2025-04-04 21:15:00+05:30,2025-04-04 21:15+05:30,2025-04-04 23:05+05:30,2025-04-04 23:05+05:30,Unknown,6E
22d29fb8-1059-4e06-9597-3feb757399da,6E 281,VT-IIM,GOI,AMD,2025-04-04 21:30:00+05:30,2025-04-04 21:30+05:30,2025-04-04 23:10+05:30,2025-04-04 23:10+05:30,Unknown,6E
4504feee-de9d-4ce6-8b6f-68f5bb054fb9,VJ 1925,VN-A699,HAN,AMD,2025-04-04 19:45:00+07:00,2025-04-04 19:45+07:00,2025-04-04 23:10+05:30,2025-04-04 23:10+05:30,Unknown,VJ
2ce72a1a-a0bc-488f-89bc-b54865350880,AI 2929,VT-ATV,DEL,AMD,2025-04-04 21:45:00+05:30,2025-04-04 21:45+05:30,2025-04-04 23:25+05:30,2025-04-04 23:25+05:30,Expected,AI
5d731ba0-5e4c-4c79-8436-23b88f6b1086,6E 7169,Unknown,NAG,AMD,2025-04-04 21:25:00+05:30,2025-04-04 21:25+05:30,2025-04-04 23:30+05:30,2025-04-04 23:30+05:30,Unknown,6E
a0e90baf-a5a4-4d4e-a698-abb704013628,6E 6238,Unknown,TRV,AMD,2025-04-04 20:55:00+05:30,2025-04-04 20:55+05:30,2025-04-04 23:30+05:30,2025-04-04 23:30+05:30,Unknown,6E
c49b1a34-2d1d-4ff4-9846-7a21da6612ee,6E 7138,Unknown,JAI,AMD,2025-04-04 22:05:00+05:30,2025-04-04 22:05+05:30,2025-04-04 23:35+05:30,2025-04-04 23:35+05:30,Unknown,6E
90f1a9e8-057d-485b-a7e9-3d11dc15e554,6E 7168,Unknown,IDR,AMD,2025-04-04 22:25:00+05:30,2025-04-04 22:25+05:30,2025-04-04 23:35+05:30,2025-04-04 23:35+05:30,Unknown,6E
157c4858-ad69-4758-b8d0-5c0ae43da983,QP 1509,Unknown,PNQ,AMD,2025-04-04 22:10:00+05:30,2025-04-04 22:10+05:30,2025-04-04 23:40+05:30,2025-04-04 23:40+05:30,Unknown,QP
85240141-ac13-4d88-a541-6b66a2f0ebe0,SG 16,VT-SLM,DXB,AMD,2025-04-04 19:25:00+04:00,2025-04-04 19:25+04:00,2025-04-04 23:45+05:30,2025-04-04 23:45+05:30,Unknown,SG
685fcdde-1587-49c5-9f63-8aaa4bfb0f44,UK 919,VT-TQE,Unknown,AMD,,Unknown,2025-04-04 23:55+05:30,2025-04-04 23:55+05:30,Unknown,UK
323e0c48-bf8e-4788-b425-202ae9c19cbe,AI 2919,VT-TQE,BOM,AMD,2025-04-04 22:45:00+05:30,2025-04-04 22:45+05:30,2025-04-04 23:55+05:30,2025-04-04 23:55+05:30,Unknown,AI
fafd56da-9bb2-47ca-a8a0-277695117913,6E 961,VT-ISS,CCU,AMD,2025-04-04 21:25:00+05:30,2025-04-04 21:25+05:30,2025-04-05 00:15+05:30,2025-04-05 00:10+05:30,Approaching,6E
f0469b2b-55d3-45fb-a9ac-9c404f3fdf4a,6E 911,VT-IIH,BOM,AMD,2025-04-05 01:00:00+05:30,2025-04-05 01:00+05:30,2025-04-05 02:20+05:30,2025-04-05 02:20+05:30,Unknown,6E
ab080523-6250-4037-b028-94dd4737882e,EK 538,Unknown,DXB,AMD,2025-04-04 22:50:00+04:00,2025-04-04 22:50+04:00,2025-04-05 03:00+05:30,2025-04-05 02:40+05:30,Approaching,EK
46105029-873e-4128-8f3c-f51ce76b0d43,6E 6779,VT-IMH,BLR,AMD,2025-04-05 01:00:00+05:30,2025-04-05 01:00+05:30,2025-04-05 03:20+05:30,2025-04-05 03:20+05:30,Expected,6E
6959c719-7e56-4767-b409-9c79c885d61c,BZ 154,VT-BDM,BOM,AMD,,Unknown,2025-04-05 03:56+05:30,2025-04-05 03:56+05:30,Approaching,BZ
ab231e56-9727-4a34-8dad-e35f298e66bf,G9 418,Unknown,SHJ,AMD,2025-04-05 00:25:00+04:00,2025-04-05 00:25+04:00,2025-04-05 04:35+05:30,2025-04-05 04:35+05:30,Unknown,G9
0a2a5d8b-3ace-4a16-9020-3dfa3a39d267,J9 407,9K-CBB,KWI,AMD,2025-04-04 23:50:00+03:00,2025-04-04 23:50+03:00,2025-04-05 06:00+05:30,2025-04-05 05:16+05:30,Approaching,J9
b423e94c-d83e-45bd-bca4-466b5dc8adb3,3L 111,Unknown,AUH,AMD,2025-04-05 01:15:00+04:00,2025-04-05 01:15+04:00,2025-04-05 05:40+05:30,2025-04-05 05:17+05:30,Approaching,3L
688c6a3e-aba8-408d-b198-7e3adc5fba29,6E 632,Unknown,BOM,AMD,2025-04-05 04:00:00+05:30,2025-04-05 04:00+05:30,2025-04-05 05:20+05:30,2025-04-05 05:20+05:30,Unknown,6E
669bac76-d00c-4c86-b955-3e76ff3c6f46,6E 1432,Unknown,AUH,AMD,2025-04-05 01:25:00+04:00,2025-04-05 01:25+04:00,2025-04-05 05:35+05:30,2025-04-05 05:35+05:30,Unknown,6E
5b5ed80d-4f0c-4bbe-b84f-c9315741f53b,6E 5119,VT-ILB,DEL,AMD,2025-04-05 04:45:00+05:30,2025-04-05 04:45+05:30,2025-04-05 06:15+05:30,2025-04-05 05:49+05:30,Approaching,6E
59c2c4cc-6cc6-4f7d-94ae-a3a94a343bbd,6E 244,VT-ILP,MAA,AMD,2025-04-05 03:55:00+05:30,2025-04-05 03:55+05:30,2025-04-05 06:20+05:30,2025-04-05 05:50+05:30,Approaching,6E
8acd995e-a756-4d36-849a-555fbb2f87bb,6E 819,Unknown,PNQ,AMD,2025-04-05 04:40:00+05:30,2025-04-05 04:40+05:30,2025-04-05 05:55+05:30,2025-04-05 05:55+05:30,Unknown,6E
0f235e4b-dc05-4fa5-9436-f8ac578f33a9,AI 613,VT-PPQ,BOM,AMD,2025-04-05 05:30:00+05:30,2025-04-05 05:30+05:30,2025-04-05 06:50+05:30,2025-04-05 06:25+05:30,Approaching,AI
646572d1-928a-4ebe-bc90-bd67701a39e7,6E 1244,VT-IIQ,KWI,AMD,2025-04-05 00:05:00+03:00,2025-04-05 00:05+03:00,2025-04-05 06:25+05:30,2025-04-05 06:25+05:30,Unknown,6E
3247116d-e3a0-4b2f-9984-7d1b2823ab6b,EY 244,A6-EIH,AUH,AMD,2025-04-05 02:30:00+04:00,2025-04-05 02:30+04:00,2025-04-05 07:00+05:30,2025-04-05 06:26+05:30,Approaching,EY
1733e98a-da08-4034-8353-480d14ccc83c,AI 817,VT-PPJ,DEL,AMD,2025-04-05 04:45:00+05:30,2025-04-05 04:45+05:30,2025-04-05 06:35+05:30,2025-04-05 06:35+05:30,Expected,AI
b6a0e824-4a22-4f30-96c9-f11d62198608,6E 6261,Unknown,DEL,AMD,2025-04-05 05:50:00+05:30,2025-04-05 05:50+05:30,2025-04-05 07:20+05:30,2025-04-05 07:02+05:30,Approaching,6E
e1a364cc-a50d-418c-be6b-5b53b3c77afb,6E 5209,VT-ISN,HYD,AMD,2025-04-05 05:25:00+05:30,2025-04-05 05:25+05:30,2025-04-05 07:25+05:30,2025-04-05 07:25+05:30,Unknown,6E
61145808-9aea-4bb4-97b2-5ce040aa0ed9,6E 446,VT-IIM,BOM,AMD,2025-04-05 06:20:00+05:30,2025-04-05 06:20+05:30,2025-04-05 07:40+05:30,2025-04-05 07:40+05:30,Unknown,6E
6d7240af-6e93-4503-a245-6662a5422a1c,AI 2539,VT-TNH,BOM,AMD,2025-04-05 06:25:00+05:30,2025-04-05 06:25+05:30,2025-04-05 07:50+05:30,2025-04-05 07:50+05:30,Unknown,AI
a0a9f675-9699-441f-bf39-0bbeecd0da72,6E 6922,VT-ILL,COK,BLR,2025-04-04 20:00:00+05:30,2025-04-04 20:00+05:30,2025-04-04 21:15+05:30,2025-04-04 21:11+05:30,Departed,6E
df66db92-6d9b-46c5-b0db-521d5846d894,AI 699,VT-PPH,COK,BOM,2025-04-04 20:10:00+05:30,2025-04-04 20:10+05:30,2025-04-04 22:40+05:30,2025-04-04 22:40+05:30,Unknown,AI
3a07f11e-e4d1-4d59-b675-01340ebda83c,AI 504,VT-CIQ,COK,DEL,2025-04-04 20:10:00+05:30,2025-04-04 20:10+05:30,2025-04-04 23:30+05:30,2025-04-04 23:30+05:30,Departed,AI
dc356d04-1cd8-4291-bf95-5ea4f149bf06,IX 419,VT-AXR,COK,AUH,2025-04-04 20:15:00+05:30,2025-04-04 20:15+05:30,2025-04-04 22:55+04:00,2025-04-04 22:55+04:00,Unknown,IX
83a228bc-60c1-4e59-91ac-fc5bc1e77ed8,SV 775,Unknown,COK,RUH,2025-04-04 20:20:00+05:30,2025-04-04 20:20+05:30,2025-04-04 23:05+03:00,2025-04-04 23:05+03:00,Unknown,SV
ed6a3608-4f8f-40f6-97e5-e0c81ae2ce55,IX 1104,VT-ATD,COK,DEL,2025-04-04 20:35:00+05:30,2025-04-04 20:35+05:30,2025-04-04 23:45+05:30,2025-04-05 00:01+05:30,Departed,IX
ff0a41a9-a6cd-4a7c-803d-32fea90495ca,6E 742,Unknown,COK,HYD,2025-04-04 20:50:00+05:30,2025-04-04 20:50+05:30,2025-04-04 22:25+05:30,2025-04-04 22:25+05:30,Unknown,6E
447ee896-93d5-4089-95ed-d18489ea55b4,6E 1237,Unknown,COK,KWI,2025-04-04 21:20:00+05:30,2025-04-04 21:20+05:30,2025-04-05 00:15+03:00,2025-04-05 00:15+03:00,Unknown,6E
ab65bff2-1cb5-4cfd-8255-ffcbea433ac8,AI 517,VT-EXJ,COK,BOM,2025-04-04 21:30:00+05:30,2025-04-04 21:30+05:30,2025-04-04 23:55+05:30,2025-04-04 23:55+05:30,Unknown,AI
ac229499-5285-4bde-95c1-203726277703,EY 335,A6-AEF,COK,AUH,2025-04-04 21:40:00+05:30,2025-04-04 21:40+05:30,2025-04-05 00:15+04:00,2025-04-05 00:15+04:00,Unknown,EY
9163191d-e496-4226-8a76-36779a5ae8ee,6E 6904,Unknown,COK,MAA,2025-04-04 21:50:00+05:30,2025-04-04 21:50+05:30,2025-04-04 23:10+05:30,2025-04-04 23:10+05:30,Unknown,6E
a190c5f6-3d26-4d34-a099-8c54e2481b47,3L 126,Unknown,COK,AUH,2025-04-04 21:50:00+05:30,2025-04-04 21:50+05:30,2025-04-05 00:20+04:00,2025-04-05 00:20+04:00,Unknown,3L
d2b225b9-09b4-4d5d-ac5c-32c573adcf6e,6E 472,VT-ICQ,COK,BLR,2025-04-04 22:00:00+05:30,2025-04-04 22:00+05:30,2025-04-04 23:05+05:30,2025-04-04 23:58+05:30,Expected,6E
c0213f76-ce27-4f87-b61a-18f6d1897adf,IX 1638,Unknown,COK,MAA,2025-04-04 22:30:00+05:30,2025-04-04 22:30+05:30,2025-04-04 23:55+05:30,2025-04-04 23:55+05:30,Unknown,IX
c1f2d9c2-3479-4f00-8750-5dbae80e962f,6E 1403,Unknown,COK,AUH,2025-04-04 22:45:00+05:30,2025-04-04 22:45+05:30,2025-04-05 01:35+04:00,2025-04-05 01:35+04:00,Unknown,6E
edacf705-48ef-4989-a9c4-cf50de1dfe6c,IX 2698,VT-RTO,COK,BLR,2025-04-04 22:55:00+05:30,2025-04-04 22:55+05:30,2025-04-05 00:15+05:30,2025-04-05 00:17+05:30,Departed,IX
fd0bb336-f7ba-44bf-8fe1-6c702130c984,SQ 535,9V-MBL,COK,SIN,2025-04-04 22:55:00+05:30,2025-04-04 22:55+05:30,2025-04-05 06:05+08:00,2025-04-05 06:32+08:00,Departed,SQ
d20f631e-8c97-4330-9b14-d9a75f5d25ad,AI 506,VT-EXF,COK,DEL,2025-04-04 23:00:00+05:30,2025-04-04 23:00+05:30,2025-04-05 02:25+05:30,2025-04-05 02:25+05:30,Departed,AI
526506ed-b0dc-4b8f-9596-d8765741e667,FD 171,HS-CBB,COK,DMK,2025-04-04 23:10:00+05:30,2025-04-04 23:10+05:30,2025-04-05 04:40+07:00,2025-04-05 04:46+07:00,Departed,FD
653e32d9-3759-4b81-89b3-612883b0af0b,SG 18,Unknown,COK,DXB,2025-04-04 23:15:00+05:30,2025-04-04 23:15+05:30,2025-04-05 02:00+04:00,2025-04-05 02:00+04:00,Unknown,SG
5a4a777a-a861-41ea-be74-3c84379983c4,6E 1271,Unknown,COK,MCT,2025-04-04 23:30:00+05:30,2025-04-04 23:30+05:30,2025-04-05 01:40+04:00,2025-04-05 01:40+04:00,Unknown,6E
9215ffdf-6334-4e51-8837-b10698194b9e,AK 38,9M-AJE,COK,KUL,2025-04-04 23:35:00+05:30,2025-04-04 23:35+05:30,2025-04-05 06:20+08:00,2025-04-05 06:16+08:00,Departed,AK
2f459044-631f-4487-abdb-7697b061939a,6E 1493,Unknown,COK,RKT,2025-04-04 23:40:00+05:30,2025-04-04 23:40+05:30,2025-04-05 02:10+04:00,2025-04-05 02:10+04:00,Unknown,6E
13b75d7e-bb39-47a0-97e1-62a626991768,VJ 1812,VN-A650,COK,SGN,2025-04-04 23:50:00+05:30,2025-04-04 23:50+05:30,2025-04-05 06:40+07:00,2025-04-05 06:40+07:00,Unknown,VJ
04f2313d-9cbc-4ec7-a51f-f73280d29609,MH 109,Unknown,COK,KUL,2025-04-05 00:20:00+05:30,2025-04-05 00:20+05:30,2025-04-05 07:40+08:00,2025-04-05 07:28+08:00,Departed,MH
b7c8edca-d342-404f-ad8c-e9925e9d0f6d,OD 232,9M-LNV,COK,KUL,2025-04-05 00:30:00+05:30,2025-04-05 00:30+05:30,2025-04-05 07:25+08:00,2025-04-05 06:41+08:00,Departed,OD
447b4c0b-9dad-463a-91e9-6980d67b05ad,AK 36,Unknown,COK,Unknown,2025-04-05 00:30:00+05:30,2025-04-05 00:30+05:30,Unknown,Unknown,Unknown,AK
a6f806c1-3f8d-4fc5-b0db-d777bfdb95db,AI 953,VT-EXK,COK,DOH,2025-04-05 00:40:00+05:30,2025-04-05 00:40+05:30,2025-04-05 02:55+03:00,2025-04-05 02:45+03:00,Departed,AI
54c4524e-a57d-48b6-bc6f-5f9a4046a8ba,TG 348,HS-TXO,COK,BKK,2025-04-05 00:40:00+05:30,2025-04-05 00:40+05:30,2025-04-05 06:20+07:00,2025-04-05 06:19+07:00,Departed,TG
598e6141-13d5-4cf6-b965-86a62f80ec72,SQ 537,9V-MBA,COK,SIN,2025-04-05 01:10:00+05:30,2025-04-05 01:10+05:30,2025-04-05 08:20+08:00,2025-04-05 08:43+08:00,Departed,SQ
40fe0648-60da-4b1c-b481-88ff95f94b64,IX 411,Unknown,COK,SHJ,2025-04-05 02:10:00+05:30,2025-04-05 02:10+05:30,2025-04-05 05:00+04:00,2025-04-05 05:00+04:00,Unknown,IX
f30d58b5-a122-448c-aefa-8514a8c83075,SV 763,Unknown,COK,JED,2025-04-05 02:45:00+05:30,2025-04-05 02:45+05:30,2025-04-05 06:10+03:00,2025-04-05 06:10+03:00,Unknown,SV
3ce7ef28-7ec5-4c52-bb5f-7f6d11e4f732,6E 721,Unknown,COK,PNQ,2025-04-05 02:45:00+05:30,2025-04-05 02:45+05:30,2025-04-05 04:35+05:30,2025-04-05 04:35+05:30,Unknown,6E
3d8a4d7f-1720-4838-91b4-8353cb7cdc77,FZ 454,Unknown,COK,DXB,2025-04-05 03:20:00+05:30,2025-04-05 03:20+05:30,2025-04-05 06:05+04:00,2025-04-05 06:05+04:00,Unknown,FZ
11fac106-4419-47a2-a265-4663b33801cb,KU 358,9K-AKR,COK,KWI,2025-04-05 03:40:00+05:30,2025-04-05 03:40+05:30,2025-04-05 06:30+03:00,2025-04-05 06:30+03:00,Unknown,KU
a5086912-0002-442e-8d25-1f350de8ea3b,G9 423,Unknown,COK,SHJ,2025-04-05 03:55:00+05:30,2025-04-05 03:55+05:30,2025-04-05 06:15+04:00,2025-04-05 06:15+04:00,Unknown,G9
7cd2d341-3198-40bc-8a71-1413c50cba13,QR 517,Unknown,COK,DOH,2025-04-05 04:15:00+05:30,2025-04-05 04:15+05:30,2025-04-05 06:15+03:00,2025-04-05 06:21+03:00,Departed,QR
e8dc053e-6035-4c71-9a0d-80836cf67cc5,EY 337,Unknown,COK,AUH,2025-04-05 04:20:00+05:30,2025-04-05 04:20+05:30,2025-04-05 07:00+04:00,2025-04-05 07:00+04:00,Unknown,EY
faf44181-4fa1-4e62-9cc7-106f1fb497e0,EK 533,Unknown,COK,DXB,2025-04-05 04:25:00+05:30,2025-04-05 04:25+05:30,2025-04-05 06:50+04:00,2025-04-05 06:50+04:00,Unknown,EK
1ced706d-1de6-4858-b37e-6cafa693654f,3L 128,A6-AUK,COK,AUH,2025-04-05 05:00:00+05:30,2025-04-05 05:00+05:30,2025-04-05 07:30+04:00,2025-04-05 07:30+04:00,Unknown,3L
f8e79370-5e2f-4a41-8c78-c27c887eb22f,GF 271,A9C-AF,COK,BAH,2025-04-05 05:10:00+05:30,2025-04-05 05:10+05:30,2025-04-05 07:40+03:00,2025-04-05 07:40+03:00,Unknown,GF
636e9ae0-db43-46e4-8550-0706217b1c3f,6E 702,VT-IVE,COK,BLR,2025-04-05 05:25:00+05:30,2025-04-05 05:25+05:30,2025-04-05 06:40+05:30,2025-04-05 06:18+05:30,Departed,6E
9535206b-c7a8-4ed9-b2b9-b6a11c68e506,6E 211,Unknown,COK,GOI,2025-04-05 05:35:00+05:30,2025-04-05 05:35+05:30,2025-04-05 06:55+05:30,2025-04-05 06:55+05:30,Unknown,6E
84733bd0-efa5-43c8-b241-5afb362a9d79,6E 6702,Unknown,COK,BOM,2025-04-05 05:40:00+05:30,2025-04-05 05:40+05:30,2025-04-05 07:40+05:30,2025-04-05 07:40+05:30,Unknown,6E
c00aa900-c177-40b4-8ce1-a10e24d634dc,AI 527,VT-EXT,COK,DEL,2025-04-05 07:00:00+05:30,2025-04-05 07:00+05:30,2025-04-05 10:20+05:30,2025-04-05 09:53+05:30,Departed,AI
01f94c51-e12c-4b11-80a3-734815a93f1b,6E 6482,VT-IVZ,COK,BLR,2025-04-05 07:10:00+05:30,2025-04-05 07:10+05:30,2025-04-05 08:25+05:30,2025-04-05 08:01+05:30,Departed,6E
db9e96c3-93a2-49a2-a23c-1d5972f72d03,IX 471,VT-AXW,COK,BAH,2025-04-05 07:20:00+05:30,2025-04-05 07:20+05:30,2025-04-05 09:40+03:00,2025-04-05 09:40+03:00,Unknown,IX
8b0e1f7b-72b6-4347-82c5-835921563773,IX 2419,VT-JPR,COK,BLR,2025-04-05 07:25:00+05:30,2025-04-05 07:25+05:30,2025-04-05 08:50+05:30,2025-04-05 08:18+05:30,Departed,IX
67e9a59c-b518-42fd-8b87-7b6e02014108,6E 2622,Unknown,COK,MAA,2025-04-05 07:45:00+05:30,2025-04-05 07:45+05:30,2025-04-05 09:05+05:30,2025-04-05 09:05+05:30,Unknown,6E
8f556f88-7905-4a28-85d3-a0631c82dec1,AI 2744,Unknown,COK,BOM,2025-04-05 07:50:00+05:30,2025-04-05 07:50+05:30,2025-04-05 10:10+05:30,2025-04-05 10:10+05:30,Unknown,AI
84fbfc81-eb43-41ff-b111-99077f41e6ae,EY 334,A6-AEE,AUH,COK,2025-04-04 14:25:00+04:00,2025-04-04 14:25+04:00,2025-04-04 20:00+05:30,2025-04-04 20:00+05:30,Unknown,EY
4ada4962-3d17-4a48-afcd-e401bac69389,IX 1103,VT-ATD,DEL,COK,2025-04-04 16:55:00+05:30,2025-04-04 16:55+05:30,2025-04-04 20:05+05:30,2025-04-04 20:05+05:30,Expected,IX
0382d404-0ee6-4437-8204-38600c09f844,6E 6684,Unknown,HYD,COK,2025-04-04 18:40:00+05:30,2025-04-04 18:40+05:30,2025-04-04 20:20+05:30,2025-04-04 20:20+05:30,Unknown,6E
e459ee66-c645-488c-8048-b3cc55604c4a,6E 169,Unknown,MAA,COK,2025-04-04 19:05:00+05:30,2025-04-04 19:05+05:30,2025-04-04 20:20+05:30,2025-04-04 20:20+05:30,Unknown,6E
529d878d-e43b-4adf-bf2a-3ef797d53981,AI 934,VT-EXJ,DXB,COK,2025-04-04 14:45:00+04:00,2025-04-04 14:45+04:00,2025-04-04 20:30+05:30,2025-04-04 20:30+05:30,Unknown,AI
47c45484-44b2-4ccf-8177-f6a5e54eadc0,3L 125,Unknown,AUH,COK,2025-04-04 15:35:00+04:00,2025-04-04 15:35+04:00,2025-04-04 21:10+05:30,2025-04-04 21:10+05:30,Unknown,3L
f19ba1c7-eda0-4517-803f-fc761afe7bad,AI 693,Unknown,BOM,COK,2025-04-04 19:15:00+05:30,2025-04-04 19:15+05:30,2025-04-04 21:15+05:30,2025-04-04 21:15+05:30,Unknown,AI
17e1e900-712b-4035-854d-455b0011493a,6E 435,VT-ICL,BLR,COK,2025-04-04 20:15:00+05:30,2025-04-04 20:15+05:30,2025-04-04 21:20+05:30,2025-04-04 21:20+05:30,Expected,6E
312bd2c3-18b2-472a-ae2f-ab272a81491d,6E 635,Unknown,BOM,COK,2025-04-04 19:25:00+05:30,2025-04-04 19:25+05:30,2025-04-04 21:25+05:30,2025-04-04 21:25+05:30,Unknown,6E
7e86f847-5a44-49b5-a829-61cb2eef2207,6E 6903,Unknown,MAA,COK,2025-04-04 20:15:00+05:30,2025-04-04 20:15+05:30,2025-04-04 21:30+05:30,2025-04-04 21:30+05:30,Unknown,6E
d4d4156f-703e-4cd5-bc71-b6c480f4a5ab,SQ 534,9V-MBL,SIN,COK,2025-04-04 20:00:00+08:00,2025-04-04 20:00+08:00,2025-04-04 22:00+05:30,2025-04-04 22:00+05:30,Expected,SQ
c5da3034-0b63-43da-b801-4d682967ab94,IX 1637,Unknown,MAA,COK,2025-04-04 20:35:00+05:30,2025-04-04 20:35+05:30,2025-04-04 22:00+05:30,2025-04-04 22:00+05:30,Unknown,IX
113bd024-34f1-43d4-bf03-f42e9e53441f,AI 505,VT-EXF,DEL,COK,2025-04-04 19:20:00+05:30,2025-04-04 19:20+05:30,2025-04-04 22:20+05:30,2025-04-04 22:20+05:30,Expected,AI
cb9f135c-abb2-4831-ac27-ed3f0ba8bc39,IX 2697,VT-RTO,BLR,COK,2025-04-04 21:05:00+05:30,2025-04-04 21:05+05:30,2025-04-04 22:25+05:30,2025-04-04 22:25+05:30,Expected,IX
200a3215-037c-4f29-b7bc-004b1cad1d62,FD 170,HS-CBB,DMK,COK,2025-04-04 20:20:00+07:00,2025-04-04 20:21+07:00,2025-04-04 22:30+05:30,2025-04-04 22:30+05:30,Expected,FD
2b1a51be-e9f4-43d2-b38d-b78b06649c5d,6E 156,Unknown,MAA,COK,2025-04-04 21:20:00+05:30,2025-04-04 21:20+05:30,2025-04-04 22:30+05:30,2025-04-04 22:30+05:30,Unknown,6E
f3158e57-93d5-4a48-974d-e4beb5c7889d,6E 885,Unknown,GOI,COK,2025-04-04 21:15:00+05:30,2025-04-04 21:15+05:30,2025-04-04 22:40+05:30,2025-04-04 22:40+05:30,Unknown,6E
8314d22c-54bb-481e-9494-fc6858f2c22e,IX 436,VT-AXQ,DXB,COK,2025-04-04 17:00:00+04:00,2025-04-04 17:00+04:00,2025-04-04 22:50+05:30,2025-04-04 22:50+05:30,Unknown,IX
dc34e317-f5b8-4bbe-b338-e7d30f9854a9,VJ 1811,VN-A650,SGN,COK,2025-04-04 19:20:00+07:00,2025-04-04 19:20+07:00,2025-04-04 22:50+05:30,2025-04-04 22:50+05:30,Unknown,VJ
bde5f90e-9f65-4cf4-9abe-30c80f63e114,AK 39,Unknown,KUL,COK,2025-04-04 21:30:00+08:00,2025-04-04 21:43+08:00,2025-04-04 22:55+05:30,2025-04-04 22:55+05:30,Expected,AK
5293ddfc-73ef-4171-867a-e8ea4e9cbfe5,MH 108,Unknown,KUL,COK,2025-04-04 22:00:00+08:00,2025-04-04 22:34+08:00,2025-04-04 23:20+05:30,2025-04-04 23:20+05:30,Expected,MH
281ad9c9-cea5-4ef1-85da-7e0154de7f39,6E 6597,VT-IVE,BLR,COK,2025-04-04 22:15:00+05:30,2025-04-04 22:15+05:30,2025-04-04 23:20+05:30,2025-04-04 23:20+05:30,Expected,6E
ed16b353-f01a-43b8-9d9d-314ab02a8e06,6E 2391,VT-IIR,DEL,COK,2025-04-04 20:15:00+05:30,2025-04-04 20:15+05:30,2025-04-04 23:25+05:30,2025-04-04 23:25+05:30,Expected,6E
046f5d49-de2f-4b41-89a3-40961036d14e,TG 347,HS-TXO,BKK,COK,2025-04-04 21:15:00+07:00,2025-04-04 21:21+07:00,2025-04-04 23:40+05:30,2025-04-04 23:40+05:30,Expected,TG
16117b17-c4a0-445c-b9bc-79b3413f5c69,OD 231,9M-LNV,KUL,COK,2025-04-04 22:05:00+08:00,2025-04-04 22:20+08:00,2025-04-04 23:40+05:30,2025-04-04 23:40+05:30,Expected,OD
4ea29c71-41d7-4e80-b01e-1397a06c99e1,SQ 536,9V-MBA,SIN,COK,2025-04-04 22:25:00+08:00,2025-04-04 22:45+08:00,2025-04-05 00:20+05:30,2025-04-05 00:20+05:30,Expected,SQ
737aec98-6105-4bb3-88c3-792c293c5ff7,6E 695,VT-ISY,HYD,COK,2025-04-04 23:10:00+05:30,2025-04-04 23:10+05:30,2025-04-05 00:50+05:30,2025-04-05 00:50+05:30,Unknown,6E
2867ef92-db0e-4ddc-a389-f7fda5415840,SV 764,Unknown,JED,COK,2025-04-04 16:55:00+03:00,2025-04-04 16:55+03:00,2025-04-05 01:15+05:30,2025-04-05 01:15+05:30,Unknown,SV
f546049b-c267-4b5d-998e-39645faab88b,AI 518,VT-EXT,BOM,COK,2025-04-04 23:55:00+05:30,2025-04-04 23:55+05:30,2025-04-05 01:55+05:30,2025-04-05 01:55+05:30,Unknown,AI
96e7ba90-a171-4f42-9b4c-7e17e06baed4,FZ 453,A6-FKO,DXB,COK,2025-04-04 20:35:00+04:00,2025-04-04 20:46+04:00,2025-04-05 02:15+05:30,2025-04-05 02:15+05:30,Expected,FZ
154e605c-db33-46ed-a06c-9d97f59a4969,EY 336,Unknown,AUH,COK,2025-04-04 21:00:00+04:00,2025-04-04 21:00+04:00,2025-04-05 02:35+05:30,2025-04-05 02:35+05:30,Unknown,EY
a175f369-4c53-42a7-8ff5-950ea58342b1,QR 516,Unknown,DOH,COK,2025-04-04 19:45:00+03:00,2025-04-04 19:39+03:00,2025-04-05 02:45+05:30,2025-04-05 02:45+05:30,Expected,QR
78269442-14f7-4a8e-82fe-7c8477586dde,KU 357,9K-AKR,KWI,COK,2025-04-04 19:10:00+03:00,2025-04-04 19:10+03:00,2025-04-05 02:50+05:30,2025-04-05 02:50+05:30,Unknown,KU
d0e43627-a64c-4bad-aaf5-82011b915164,EK 532,Unknown,DXB,COK,2025-04-04 21:25:00+04:00,2025-04-04 21:25+04:00,2025-04-05 02:55+05:30,2025-04-05 02:55+05:30,Unknown,EK
9f4a79de-6a8f-4d6c-9a04-91f4b06a1359,G9 422,Unknown,SHJ,COK,2025-04-04 21:45:00+04:00,2025-04-04 21:45+04:00,2025-04-05 03:15+05:30,2025-04-05 03:15+05:30,Unknown,G9
2e1ef146-bdb7-407d-b87e-05c53175d2a9,6E 6129,VT-IVZ,PNQ,COK,2025-04-05 01:35:00+05:30,2025-04-05 01:35+05:30,2025-04-05 03:15+05:30,2025-04-05 03:15+05:30,Unknown,6E
e01348f7-a802-443c-b63d-78941512e40c,IX 494,VT-AXW,KWI,COK,2025-04-04 20:15:00+03:00,2025-04-04 20:15+03:00,2025-04-05 04:00+05:30,2025-04-05 04:00+05:30,Unknown,IX
ad9bca1c-2568-4d1a-b616-a3004c07e879,IX 494,VT-AXW,KWI,COK,2025-04-04 20:15:00+03:00,2025-04-04 20:15+03:00,2025-04-05 04:00+05:30,2025-04-05 04:00+05:30,Unknown,IX
71e753d2-eeea-4939-b1db-7f3a821d9e33,3L 127,A6-AUK,AUH,COK,2025-04-04 22:45:00+04:00,2025-04-04 22:45+04:00,2025-04-05 04:20+05:30,2025-04-05 04:20+05:30,Unknown,3L
d500c369-8e62-449f-b7a9-bfb58ee0bd8f,GF 270,A9C-AF,BAH,COK,2025-04-04 21:05:00+03:00,2025-04-04 21:05+03:00,2025-04-05 04:20+05:30,2025-04-05 04:20+05:30,Unknown,GF
fb6aea5e-8341-417b-ae2b-b9962acc33d8,6E 1494,Unknown,RKT,COK,2025-04-04 22:45:00+04:00,2025-04-04 22:45+04:00,2025-04-05 04:25+05:30,2025-04-05 04:25+05:30,Unknown,6E
45493567-59e6-4018-9ed4-dd5c6b17aec0,IX 476,VT-AYC,DOH,COK,2025-04-04 22:00:00+03:00,2025-04-04 22:25+03:00,2025-04-05 05:05+05:30,2025-04-05 05:05+05:30,Expected,IX
d281a6a9-138f-441c-8a57-43dd625e39ff,IX 420,VT-GHI,AUH,COK,2025-04-04 23:55:00+04:00,2025-04-04 23:55+04:00,2025-04-05 05:35+05:30,2025-04-05 05:35+05:30,Unknown,IX
d212bd96-e819-487e-ae93-0e65eaf58440,IX 2415,VT-JPR,BLR,COK,2025-04-05 05:35:00+05:30,2025-04-05 05:35+05:30,2025-04-05 06:55+05:30,2025-04-05 06:55+05:30,Expected,IX
310e108c-5a6b-47b5-9e9b-2d4c7460db69,6E 2619,Unknown,MAA,COK,2025-04-05 05:30:00+05:30,2025-04-05 05:30+05:30,2025-04-05 06:55+05:30,2025-04-05 06:55+05:30,Unknown,6E
fb4d0215-b25b-4941-b0ba-b6ab7576989e,AI 2743,Unknown,BOM,COK,2025-04-05 05:05:00+05:30,2025-04-05 05:05+05:30,2025-04-05 07:00+05:30,2025-04-05 07:00+05:30,Unknown,AI
c2690faf-835f-46f6-82c1-0484cb6ce9f3,KU 351,9K-APF,KWI,COK,2025-04-04 23:30:00+03:00,2025-04-04 23:30+03:00,2025-04-05 07:05+05:30,2025-04-05 07:05+05:30,Unknown,KU
b9066829-312e-4ec4-9ad5-e7f405416720,6E 1272,Unknown,MCT,COK,2025-04-05 02:40:00+04:00,2025-04-05 02:40+04:00,2025-04-05 07:50+05:30,2025-04-05 07:50+05:30,Unknown,6E
ca2dd21d-2240-43dd-a6b0-3f589239312a,3L 174,Unknown,AUH,COK,2025-04-05 02:15:00+04:00,2025-04-05 02:15+04:00,2025-04-05 07:50+05:30,2025-04-05 07:50+05:30,Unknown,3L
96bfd229-61d3-4fea-813f-d704aae02ad9,6E 6177,Unknown,GOI,HYD,2025-04-04 20:00:00+05:30,2025-04-04 20:00+05:30,2025-04-04 21:10+05:30,2025-04-04 21:10+05:30,Unknown,6E
1ff0e089-3871-4243-af00-2b6d0b892a52,IX 1241,Unknown,GOI,BOM,2025-04-04 20:10:00+05:30,2025-04-04 20:10+05:30,2025-04-04 21:35+05:30,2025-04-04 21:35+05:30,Unknown,IX
bf392118-1ca0-41e9-868c-8a294a7787d9,6E 6557,VT-IAO,GOI,BLR,2025-04-04 20:55:00+05:30,2025-04-04 20:55+05:30,2025-04-04 22:15+05:30,2025-04-04 22:04+05:30,Departed,6E
4bf6bfed-fd01-48d5-bfd7-cc094cb14793,6E 5207,VT-IUJ,GOI,DEL,2025-04-04 21:05:00+05:30,2025-04-04 21:05+05:30,2025-04-04 23:50+05:30,2025-04-04 23:24+05:30,Departed,6E
3e60d6f3-b80e-46e5-8293-0da774d9f2d1,6E 885,Unknown,GOI,COK,2025-04-04 21:15:00+05:30,2025-04-04 21:15+05:30,2025-04-04 22:40+05:30,2025-04-04 22:40+05:30,Unknown,6E
cefd0594-fc40-4fc2-8bcd-8488a38ad209,6E 281,VT-IIM,GOI,AMD,2025-04-04 21:30:00+05:30,2025-04-04 21:30+05:30,2025-04-04 23:10+05:30,2025-04-04 23:10+05:30,Unknown,6E
a46e252a-b8b7-470b-a313-d94f95284c09,AI 2448,Unknown,GOI,DEL,2025-04-04 22:00:00+05:30,2025-04-04 22:00+05:30,2025-04-05 00:40+05:30,2025-04-05 00:21+05:30,Departed,AI
a2260ced-b9e6-4102-8230-25b3a8e12116,IX 2793,VT-RTP,GOI,BLR,2025-04-04 22:05:00+05:30,2025-04-04 22:05+05:30,2025-04-04 23:00+05:30,2025-04-04 23:14+05:30,Departed,IX
5ff6c3bf-68fa-4cb0-a778-76c250dadc01,9I 548,VT-RKJ,GOI,BLR,2025-04-04 22:20:00+05:30,2025-04-04 22:20+05:30,2025-04-04 23:45+05:30,2025-04-05 00:52+05:30,Expected,9I
5bc0cf37-22ce-4c9b-9fa8-330fd337ee77,AI 2506,Unknown,GOI,Unknown,2025-04-04 22:45:00+05:30,2025-04-04 22:45+05:30,Unknown,Unknown,Unknown,AI
0eea4fd3-a392-4729-b806-3d437f2dc1e7,6E 5003,Unknown,GOI,Unknown,2025-04-04 22:55:00+05:30,2025-04-04 22:55+05:30,Unknown,Unknown,Unknown,6E
e9f0d933-2407-4b95-8807-2dccf7aea5d5,GF 287,A9C-CD,GOI,BAH,2025-04-04 23:05:00+05:30,2025-04-04 23:05+05:30,2025-04-05 00:35+03:00,2025-04-05 00:35+03:00,Unknown,GF
21fbef4f-181f-4b3d-8a5f-8289ea25ffdd,6E 901,VT-ILC,GOI,BLR,2025-04-04 23:35:00+05:30,2025-04-04 23:35+05:30,2025-04-05 00:50+05:30,2025-04-05 01:14+05:30,Departed,6E
bd6ce11f-cd47-4c87-9596-50aa73037e16,6E 985,Unknown,GOI,HYD,2025-04-04 23:45:00+05:30,2025-04-04 23:45+05:30,2025-04-05 01:05+05:30,2025-04-05 01:05+05:30,Unknown,6E
d6c0bf8b-ea99-474f-98e9-485819cc7ece,6E 5019,Unknown,GOI,BOM,2025-04-05 00:05:00+05:30,2025-04-05 00:05+05:30,2025-04-05 01:15+05:30,2025-04-05 01:15+05:30,Unknown,6E
d0c23b45-9fea-4304-8030-ca72c7a08691,IX 839,VT-AXX,GOI,DXB,2025-04-05 01:05:00+05:30,2025-04-05 01:05+05:30,2025-04-05 02:55+04:00,2025-04-05 02:55+04:00,Unknown,IX
cb96bbd2-b553-4850-9e3f-61b4af267789,GF 285,A9C-XA,GOI,BAH,2025-04-05 04:40:00+05:30,2025-04-05 04:40+05:30,2025-04-05 06:10+03:00,2025-04-05 06:10+03:00,Unknown,GF
a6da779c-c26f-4cb0-9494-8aeacec3df6d,6E 2175,Unknown,GOI,BOM,2025-04-05 06:45:00+05:30,2025-04-05 06:45+05:30,2025-04-05 07:55+05:30,2025-04-05 07:55+05:30,Unknown,6E
73ab4061-a4af-49ce-b892-5246f20dbccf,6E 6419,Unknown,GOI,AMD,2025-04-05 06:55:00+05:30,2025-04-05 06:55+05:30,2025-04-05 08:45+05:30,2025-04-05 08:45+05:30,Unknown,6E
35086742-7e9e-4f18-a43a-aec730e5f304,IX 2694,VT-RTO,GOI,BLR,2025-04-05 06:55:00+05:30,2025-04-05 06:55+05:30,2025-04-05 08:15+05:30,2025-04-05 08:14+05:30,Departed,IX
65eddc74-332b-4205-86b4-809ae5b20824,AI 604,VT-SCF,GOI,BOM,2025-04-05 07:05:00+05:30,2025-04-05 07:05+05:30,2025-04-05 08:30+05:30,2025-04-05 08:30+05:30,Unknown,AI
c21af890-b2eb-453d-a4f8-ddbb34e62f7c,6E 744,Unknown,GOI,HYD,2025-04-05 07:10:00+05:30,2025-04-05 07:10+05:30,2025-04-05 08:30+05:30,2025-04-05 08:30+05:30,Unknown,6E
81c2f20f-8b8d-4e1e-8f4e-edbb12313c93,6E 211,Unknown,GOI,RPR,2025-04-05 07:25:00+05:30,2025-04-05 07:25+05:30,2025-04-05 09:15+05:30,2025-04-05 09:15+05:30,Unknown,6E
c2d52b4d-53f8-443e-ade0-67de48ce3bdb,IX 1126,VT-KOC,GOI,DEL,2025-04-05 07:40:00+05:30,2025-04-05 07:40+05:30,2025-04-05 10:15+05:30,2025-04-05 09:52+05:30,Departed,IX
93a52b3c-b4d4-4b03-a8f9-988a31020a5f,6E 6554,VT-IAO,BLR,GOI,2025-04-04 18:55:00+05:30,2025-04-04 19:05+05:30,2025-04-04 20:20+05:30,2025-04-04 20:20+05:30,Expected,6E
e42c1f63-e15a-4d8c-af89-962901663b7f,6E 2150,VT-IUJ,DEL,GOI,2025-04-04 17:55:00+05:30,2025-04-04 17:55+05:30,2025-04-04 20:25+05:30,2025-04-04 20:25+05:30,Expected,6E
0aef0758-eae5-492b-a115-7d7821d583b9,6E 885,Unknown,RPR,GOI,2025-04-04 18:55:00+05:30,2025-04-04 18:55+05:30,2025-04-04 20:45+05:30,2025-04-04 20:45+05:30,Unknown,6E
ef4cc573-fa17-4e81-b2f7-66f00c853da7,6E 992,Unknown,AMD,GOI,2025-04-04 19:05:00+05:30,2025-04-04 19:05+05:30,2025-04-04 20:50+05:30,2025-04-04 20:50+05:30,Unknown,6E
826f926a-3f69-4d68-a0d3-00cf79f63828,AI 2443,Unknown,DEL,GOI,2025-04-04 18:40:00+05:30,2025-04-04 18:40+05:30,2025-04-04 21:20+05:30,2025-04-04 21:20+05:30,Expected,AI
bcfc7608-ed39-4217-b443-c6998876793f,IX 2793,Unknown,STV,GOI,2025-04-04 19:50:00+05:30,2025-04-04 19:50+05:30,2025-04-04 21:25+05:30,2025-04-04 21:25+05:30,Unknown,IX
43cea4df-d0b2-4c94-a89c-9258961b92dd,9I 547,VT-RKJ,BLR,GOI,2025-04-04 20:20:00+05:30,2025-04-04 20:20+05:30,2025-04-04 21:55+05:30,2025-04-04 21:55+05:30,Expected,9I
d0fe931d-0be3-4bb5-9f0c-48e0fe4c3871,GF 286,A9C-CD,BAH,GOI,2025-04-04 15:50:00+03:00,2025-04-04 15:50+03:00,2025-04-04 22:05+05:30,2025-04-04 22:05+05:30,Unknown,GF
6482c76d-c330-4b6c-9d66-9bafde9970e3,AI 2505,Unknown,BOM,GOI,2025-04-04 20:50:00+05:30,2025-04-04 20:50+05:30,2025-04-04 22:10+05:30,2025-04-04 22:10+05:30,Unknown,AI
d41b4e54-7662-4f9e-9c7a-bf10483e6922,6E 5137,Unknown,BOM,GOI,2025-04-04 21:10:00+05:30,2025-04-04 21:10+05:30,2025-04-04 22:25+05:30,2025-04-04 22:25+05:30,Unknown,6E
fd02f3db-5a32-4b65-a9da-6c206a022e7c,IX 840,Unknown,DXB,GOI,2025-04-04 17:40:00+04:00,2025-04-04 17:40+04:00,2025-04-04 22:40+05:30,2025-04-04 22:40+05:30,Unknown,IX
88b07588-3e75-4ed9-aea3-59fc8cf2976d,6E 977,VT-ILC,BLR,GOI,2025-04-04 21:50:00+05:30,2025-04-04 21:50+05:30,2025-04-04 23:05+05:30,2025-04-04 23:05+05:30,Expected,6E
b2c97447-79c6-40f0-9bce-f6083650d34b,6E 984,Unknown,HYD,GOI,2025-04-04 22:00:00+05:30,2025-04-04 22:00+05:30,2025-04-04 23:15+05:30,2025-04-04 23:15+05:30,Unknown,6E
df7c7e5e-4a42-4523-a0de-ee18014e5171,6E 5106,Unknown,BOM,GOI,2025-04-04 22:15:00+05:30,2025-04-04 22:15+05:30,2025-04-04 23:30+05:30,2025-04-04 23:30+05:30,Unknown,6E
80be916b-e72d-4e29-9244-6123829292dd,GF 284,A9C-XA,BAH,GOI,2025-04-04 21:25:00+03:00,2025-04-04 21:25+03:00,2025-04-05 03:40+05:30,2025-04-05 03:40+05:30,Unknown,GF
2fb1fc7e-5bd3-4689-8f80-ef89d5067260,6E 5202,Unknown,BOM,GOI,2025-04-05 04:50:00+05:30,2025-04-05 04:50+05:30,2025-04-05 06:00+05:30,2025-04-05 06:00+05:30,Unknown,6E
d4265c90-f7c5-4f89-948d-12c6e000b49c,6E 6418,Unknown,AMD,GOI,2025-04-05 04:50:00+05:30,2025-04-05 04:49+05:30,2025-04-05 06:25+05:30,2025-04-05 06:25+05:30,Expected,6E
6fc5e141-86a7-4143-ab09-494280b607d7,IX 2700,VT-RTO,BLR,GOI,2025-04-05 05:05:00+05:30,2025-04-05 05:05+05:30,2025-04-05 06:25+05:30,2025-04-05 06:25+05:30,Expected,IX
d5ee9715-49dc-43e5-af82-7ad85648110c,AI 603,Unknown,BOM,GOI,2025-04-05 05:10:00+05:30,2025-04-05 05:10+05:30,2025-04-05 06:30+05:30,2025-04-05 06:30+05:30,Unknown,AI
ac63ddc5-c912-45f0-8e4f-6c3766ae5d72,6E 743,Unknown,HYD,GOI,2025-04-05 05:25:00+05:30,2025-04-05 05:25+05:30,2025-04-05 06:40+05:30,2025-04-05 06:40+05:30,Unknown,6E
a37dbb35-4876-48cd-a1e5-97e3c8a223c9,6E 211,Unknown,COK,GOI,2025-04-05 05:35:00+05:30,2025-04-05 05:35+05:30,2025-04-05 06:55+05:30,2025-04-05 06:55+05:30,Unknown,6E
8169014d-37b7-468d-b532-e938c7b971b5,IX 1125,VT-KOC,DEL,GOI,2025-04-05 04:35:00+05:30,2025-04-05 04:35+05:30,2025-04-05 07:10+05:30,2025-04-05 07:10+05:30,Expected,IX
03e9377f-2793-4987-9459-6d90f11fe906,AI 874,VT-SCH,PNQ,DEL,2025-04-04 20:30:00+05:30,2025-04-04 20:30+05:30,2025-04-04 22:40+05:30,2025-04-04 22:40+05:30,Departed,AI
2b162b8d-afac-471c-9be5-5180ca4d5cfe,SG 51,VT-SGG,PNQ,DXB,2025-04-04 20:50:00+05:30,2025-04-04 20:50+05:30,2025-04-04 22:55+04:00,2025-04-04 22:55+04:00,Unknown,SG
feb44d8a-f129-472d-a93b-66d615b62a9f,6E 107,VT-IZC,PNQ,BLR,2025-04-04 20:55:00+05:30,2025-04-04 20:55+05:30,2025-04-04 22:35+05:30,2025-04-04 22:45+05:30,Departed,6E
cfcc03dd-d685-4ece-84be-0ad05adeef81,6E 2624,Unknown,PNQ,DEL,2025-04-04 21:00:00+05:30,2025-04-04 21:00+05:30,2025-04-04 23:15+05:30,2025-04-04 23:04+05:30,Departed,6E
d2c9abec-6f2d-4ee9-9ffd-718ed09b43b3,QP 1551,VT-YAU,PNQ,BLR,2025-04-04 21:05:00+05:30,2025-04-04 21:05+05:30,2025-04-04 22:45+05:30,2025-04-04 22:55+05:30,Departed,QP
a0e81120-1449-4b47-b2af-abe0b9cca73e,AI 2979,VT-TQB,PNQ,Unknown,2025-04-04 22:05:00+05:30,2025-04-04 22:05+05:30,Unknown,Unknown,Unknown,AI
6e341e6d-b59a-4cd5-bded-47e90955668b,QP 1509,Unknown,PNQ,AMD,2025-04-04 22:10:00+05:30,2025-04-04 22:10+05:30,2025-04-04 23:40+05:30,2025-04-04 23:40+05:30,Unknown,QP
58cead73-f72b-42d6-b48e-9a3816d781fb,6E 103,Unknown,PNQ,HYD,2025-04-04 22:35:00+05:30,2025-04-04 22:35+05:30,2025-04-04 23:55+05:30,2025-04-04 23:55+05:30,Unknown,6E
11951b30-4247-46f9-aa20-023e762345a8,6E 547,VT-IVB,PNQ,Unknown,2025-04-04 22:40:00+05:30,2025-04-04 22:40+05:30,Unknown,Unknown,Unknown,6E
deab0489-b647-4c93-be15-c8b696ecb503,6E 238,VT-ISA,PNQ,MAA,2025-04-04 22:45:00+05:30,2025-04-04 22:45+05:30,2025-04-05 00:40+05:30,2025-04-05 00:40+05:30,Unknown,6E
c0ce60e0-c55b-4c30-a7bd-0f24c29e33e3,QP 1318,VT-YAM,PNQ,BLR,2025-04-04 22:50:00+05:30,2025-04-04 22:50+05:30,2025-04-05 00:35+05:30,2025-04-05 00:57+05:30,Departed,QP
8b7552ab-e8d5-4111-9629-2d187e4116e5,6E 1095,Unknown,PNQ,BKK,2025-04-04 23:00:00+05:30,2025-04-04 23:00+05:30,2025-04-05 04:45+07:00,2025-04-05 04:24+07:00,Departed,6E
9a24d800-102b-4171-a963-bd5285064bd9,6E 2278,Unknown,PNQ,DEL,2025-04-04 23:05:00+05:30,2025-04-04 23:05+05:30,2025-04-05 01:05+05:30,2025-04-05 01:05+05:30,Departed,6E
07637fe9-8e6f-4974-be90-a4f52cfdf9c1,IX 2660,Unknown,PNQ,MAA,2025-04-04 23:30:00+05:30,2025-04-04 23:30+05:30,2025-04-05 01:30+05:30,2025-04-05 01:30+05:30,Unknown,IX
f49ee3a7-e626-4caf-9630-034cf2e031b5,6E 672,Unknown,PNQ,VNS,2025-04-04 23:40:00+05:30,2025-04-04 23:40+05:30,2025-04-05 01:40+05:30,2025-04-05 01:40+05:30,Unknown,6E
83ea1700-9bd3-4e43-8671-c2747a4d873b,6E 6798,VT-IIL,PNQ,Unknown,2025-04-04 23:45:00+05:30,2025-04-04 23:45+05:30,Unknown,Unknown,Unknown,6E
8151bc71-4de3-4a11-9ea0-0d21bdca0cb8,6E 6117,VT-IAQ,PNQ,JAI,2025-04-05 00:05:00+05:30,2025-04-05 00:05+05:30,2025-04-05 01:55+05:30,2025-04-05 01:55+05:30,Unknown,6E
8c19fbe5-9e24-47ee-a8d5-d0fad44d1ff3,6E 338,Unknown,PNQ,LKO,2025-04-05 00:10:00+05:30,2025-04-05 00:10+05:30,2025-04-05 02:15+05:30,2025-04-05 02:15+05:30,Unknown,6E
11c99576-5039-47c6-87d7-f90485f5428f,IX 1150,VT-KOC,PNQ,DEL,2025-04-05 00:10:00+05:30,2025-04-05 00:10+05:30,2025-04-05 02:30+05:30,2025-04-05 02:22+05:30,Departed,IX
cd3c0c84-9b13-4d01-a92b-012c6a45b2fc,6E 2279,VT-ILG,PNQ,DEL,2025-04-05 00:15:00+05:30,2025-04-05 00:15+05:30,2025-04-05 02:30+05:30,2025-04-05 02:29+05:30,Departed,6E
0fd923ff-2823-4080-ac0f-e2c69cf3712c,6E 6921,Unknown,PNQ,CCU,2025-04-05 00:35:00+05:30,2025-04-05 00:35+05:30,2025-04-05 03:10+05:30,2025-04-05 03:10+05:30,Unknown,6E
3496db94-6587-4cbe-bb54-8dffe1454e6a,AI 2608,Unknown,PNQ,DEL,2025-04-05 00:40:00+05:30,2025-04-05 00:40+05:30,2025-04-05 03:00+05:30,2025-04-05 02:37+05:30,Departed,AI
8498ec1b-4512-4439-8494-70c680dc48a2,6E 361,VT-IMG,PNQ,BLR,2025-04-05 00:45:00+05:30,2025-04-05 00:45+05:30,2025-04-05 02:20+05:30,2025-04-05 02:23+05:30,Departed,6E
5b2c6e8b-ea78-4726-a710-de98ef5f6c7d,6E 1483,Unknown,PNQ,DXB,2025-04-05 00:50:00+05:30,2025-04-05 00:50+05:30,2025-04-05 02:45+04:00,2025-04-05 02:45+04:00,Unknown,6E
e81fbacd-46d5-4d1e-8dd7-b7a2c3b8ba7e,6E 254,Unknown,PNQ,BHO,2025-04-05 01:00:00+05:30,2025-04-05 01:00+05:30,2025-04-05 02:30+05:30,2025-04-05 02:30+05:30,Unknown,6E
4b6dbbaa-da26-4a7b-87c7-84ab3b026424,IX 1144,VT-ATB,PNQ,DEL,2025-04-05 01:05:00+05:30,2025-04-05 01:05+05:30,2025-04-05 03:25+05:30,2025-04-05 02:59+05:30,Departed,IX
72a63a8f-d04c-4a75-ad97-c52ea7d15971,6E 6745,Unknown,PNQ,MAA,2025-04-05 01:15:00+05:30,2025-04-05 01:15+05:30,2025-04-05 03:05+05:30,2025-04-05 03:05+05:30,Unknown,6E
aba3dcb7-c3cf-4535-b587-eec1bcf20074,6E 6129,VT-IVZ,PNQ,COK,2025-04-05 01:35:00+05:30,2025-04-05 01:35+05:30,2025-04-05 03:15+05:30,2025-04-05 03:15+05:30,Unknown,6E
2b3a69e4-ed20-4b10-be5f-1b9b6c423a79,IX 2739,VT-EXE,PNQ,BLR,2025-04-05 01:45:00+05:30,2025-04-05 01:45+05:30,2025-04-05 03:30+05:30,2025-04-05 03:18+05:30,Departed,IX
0ae2d27e-8529-44ec-bb77-d4690f431e7e,6E 336,Unknown,PNQ,HYD,2025-04-05 01:50:00+05:30,2025-04-05 01:50+05:30,2025-04-05 03:10+05:30,2025-04-05 03:10+05:30,Unknown,6E
a6a05aed-f4ce-49d0-a4b6-3e5ee2862d2e,6E 2418,VT-ISO,PNQ,DEL,2025-04-05 02:00:00+05:30,2025-04-05 02:00+05:30,2025-04-05 04:15+05:30,2025-04-05 04:01+05:30,Departed,6E
79cf165c-4d45-4294-a679-320fbb82b422,SG 2970,Unknown,PNQ,MAA,2025-04-05 02:05:00+05:30,2025-04-05 02:05+05:30,2025-04-05 04:25+05:30,2025-04-05 04:25+05:30,Unknown,SG
8893037f-4168-43ac-ac8a-ce9c4c6d4ab0,6E 623,VT-IVA,PNQ,GAU,2025-04-05 02:50:00+05:30,2025-04-05 02:50+05:30,2025-04-05 05:50+05:30,2025-04-05 05:50+05:30,Unknown,6E
df98fc35-e16f-49a2-a8e6-45b5f7c2c044,6E 6564,VT-ICQ,PNQ,BLR,2025-04-05 02:55:00+05:30,2025-04-05 02:55+05:30,2025-04-05 04:30+05:30,2025-04-05 04:47+05:30,Departed,6E
0a7c61a0-163b-4781-a9e8-52b92848326d,6E 242,VT-IML,PNQ,IXC,2025-04-05 03:00:00+05:30,2025-04-05 03:00+05:30,2025-04-05 05:20+05:30,2025-04-05 05:20+05:30,Unknown,6E
609a4fd9-e6a5-4369-85a5-c5fe6a7fba1b,6E 914,Unknown,PNQ,MAA,2025-04-05 03:35:00+05:30,2025-04-05 03:35+05:30,2025-04-05 05:25+05:30,2025-04-05 05:25+05:30,Unknown,6E
def9c320-eca0-422a-8e54-ef642a11819f,6E 6472,VT-IJY,PNQ,CJB,2025-04-05 04:00:00+05:30,2025-04-05 04:00+05:30,2025-04-05 05:40+05:30,2025-04-05 05:40+05:30,Unknown,6E
0e3e28fc-121f-4a3b-822d-6bce3ec68476,6E 6472,VT-IJY,PNQ,CJB,2025-04-05 04:00:00+05:30,2025-04-05 04:00+05:30,2025-04-05 05:40+05:30,2025-04-05 05:40+05:30,Unknown,6E
63d7b10b-073c-4d66-8d29-e42551deb011,6E 819,Unknown,PNQ,AMD,2025-04-05 04:40:00+05:30,2025-04-05 04:40+05:30,2025-04-05 05:55+05:30,2025-04-05 05:55+05:30,Unknown,6E
e65ecdd9-a5ff-4f15-93cc-c29f48930a93,IX 2650,Unknown,PNQ,HYD,2025-04-05 04:55:00+05:30,2025-04-05 04:55+05:30,2025-04-05 06:15+05:30,2025-04-05 06:15+05:30,Unknown,IX
ee87ea0b-f296-49a5-9da7-b7522d7f8ecf,6E 6877,VT-ILF,PNQ,BLR,2025-04-05 05:00:00+05:30,2025-04-05 05:00+05:30,2025-04-05 06:35+05:30,2025-04-05 06:28+05:30,Departed,6E
7398969a-1c1b-4961-9b01-bd7bbbe5e4b0,6E 2419,Unknown,PNQ,DEL,2025-04-05 05:05:00+05:30,2025-04-05 05:05+05:30,2025-04-05 07:20+05:30,2025-04-05 07:16+05:30,Departed,6E
d5acb9c5-fd02-44ff-b6f8-4bb76fda48ad,6E 2447,VT-ISS,PNQ,NAG,2025-04-05 05:10:00+05:30,2025-04-05 05:10+05:30,2025-04-05 06:35+05:30,2025-04-05 06:35+05:30,Unknown,6E
d0adcc55-1a5b-4170-a81f-0151554b3af1,6E 721,Unknown,PNQ,ATQ,2025-04-05 05:15:00+05:30,2025-04-05 05:15+05:30,2025-04-05 07:35+05:30,2025-04-05 07:35+05:30,Unknown,6E
a92948ce-e2d4-4175-b46d-8c47f87b39da,6E 284,Unknown,PNQ,IDR,2025-04-05 05:20:00+05:30,2025-04-05 05:20+05:30,2025-04-05 06:40+05:30,2025-04-05 06:40+05:30,Unknown,6E
8fd03857-fdf2-4636-b3c9-59cd90f7922d,6E 6944,VT-IPC,PNQ,Unknown,2025-04-05 05:25:00+05:30,2025-04-05 05:25+05:30,Unknown,Unknown,Unknown,6E
0a744414-348b-4fec-a837-8c228c568519,6E 159,Unknown,PNQ,MAA,2025-04-05 05:30:00+05:30,2025-04-05 05:30+05:30,2025-04-05 07:20+05:30,2025-04-05 07:20+05:30,Unknown,6E
13cbd4ee-c6d9-4331-9cbe-7c3ce41693e3,6E 6359,VT-IIL,PNQ,CCU,2025-04-05 05:35:00+05:30,2025-04-05 05:35+05:30,2025-04-05 08:10+05:30,2025-04-05 08:10+05:30,Unknown,6E
a3da39f1-b99e-4085-a929-7001a12c7bf3,AI 2404,VT-TNV,PNQ,DEL,2025-04-05 05:40:00+05:30,2025-04-05 05:40+05:30,2025-04-05 07:45+05:30,2025-04-05 07:42+05:30,Departed,AI
f833fa17-05f5-4b4d-bc11-9e9d080de720,6E 6484,Unknown,PNQ,IXR,2025-04-05 05:55:00+05:30,2025-04-05 05:55+05:30,2025-04-05 08:05+05:30,2025-04-05 08:05+05:30,Unknown,6E
1696fe1f-30b4-48a1-bdbe-daf73f62655c,SG 937,VT-SGG,PNQ,DEL,2025-04-05 06:00:00+05:30,2025-04-05 06:00+05:30,2025-04-05 08:10+05:30,2025-04-05 10:32+05:30,Departed,SG
3dea1d9c-76f2-490c-9acf-350f52ec6321,6E 352,Unknown,PNQ,HYD,2025-04-05 06:25:00+05:30,2025-04-05 06:25+05:30,2025-04-05 07:40+05:30,2025-04-05 07:40+05:30,Unknown,6E
70dd6140-6e3e-4806-b802-3714dc0fb22d,IX 1012,VT-ATB,PNQ,DEL,2025-04-05 06:35:00+05:30,2025-04-05 06:35+05:30,2025-04-05 08:45+05:30,2025-04-05 08:36+05:30,Departed,IX
2774590f-a0f3-4cd1-a3bb-ed9d92a47d82,6E 391,VT-IMG,PNQ,BLR,2025-04-05 06:40:00+05:30,2025-04-05 06:40+05:30,2025-04-05 08:20+05:30,2025-04-05 08:06+05:30,Departed,6E
30a93302-4f1b-4752-9372-a4d84316c024,AI 854,VT-EDD,PNQ,DEL,2025-04-05 07:10:00+05:30,2025-04-05 07:10+05:30,2025-04-05 11:00+05:30,2025-04-05 09:10+05:30,Departed,AI
54128806-8ed5-4462-b518-f2264f00e47d,6E 956,VT-ITR,PNQ,BDQ,2025-04-05 07:20:00+05:30,2025-04-05 07:20+05:30,2025-04-05 08:35+05:30,2025-04-05 08:35+05:30,Unknown,6E
19cce9f9-1513-4082-8c87-2d26e6c84ecc,QP 1312,VT-YAV,PNQ,BLR,2025-04-05 07:25:00+05:30,2025-04-05 07:25+05:30,2025-04-05 09:00+05:30,2025-04-05 09:06+05:30,Departed,QP
04f87e06-8b7d-48e4-be02-230e8349fa43,6E 375,VT-IQK,PNQ,DEL,2025-04-05 07:30:00+05:30,2025-04-05 07:30+05:30,2025-04-05 09:45+05:30,2025-04-05 09:33+05:30,Departed,6E
e19e5c63-efde-4688-9519-a5143a118ae4,AI 2470,Unknown,PNQ,DEL,2025-04-05 07:40:00+05:30,2025-04-05 07:40+05:30,2025-04-05 10:00+05:30,2025-04-05 10:00+05:30,Departed,AI
ac9db535-d5a9-4ed0-ba8e-a392f997b3d4,6E 105,VT-IZC,BLR,PNQ,2025-04-04 18:50:00+05:30,2025-04-04 19:00+05:30,2025-04-04 20:15+05:30,2025-04-04 20:15+05:30,Expected,6E
2e112ccf-d8bc-4503-840a-05b2e65d757a,6E 2623,Unknown,DEL,PNQ,2025-04-04 18:15:00+05:30,2025-04-04 18:15+05:30,2025-04-04 20:20+05:30,2025-04-04 20:20+05:30,Expected,6E
97534ab6-85e6-498e-b430-74fda13f6d3f,QP 1550,VT-YAU,BLR,PNQ,2025-04-04 18:50:00+05:30,2025-04-04 18:53+05:30,2025-04-04 20:25+05:30,2025-04-04 20:25+05:30,Expected,QP
5e73284f-1a5f-4803-b67d-080c027de5cd,AI 2978,VT-TQB,DEL,PNQ,2025-04-04 19:15:00+05:30,2025-04-04 19:15+05:30,2025-04-04 21:30+05:30,2025-04-04 21:30+05:30,Expected,AI
ec86c242-378d-48ed-bc2e-b3bf43be1055,QP 1437,VT-YAQ,BLR,PNQ,2025-04-04 20:00:00+05:30,2025-04-04 19:55+05:30,2025-04-04 21:35+05:30,2025-04-04 21:35+05:30,Expected,QP
60a29454-61f9-4047-bb6b-1db096eff93e,6E 671,Unknown,CJB,PNQ,2025-04-04 20:15:00+05:30,2025-04-04 20:15+05:30,2025-04-04 21:55+05:30,2025-04-04 21:55+05:30,Unknown,6E
18ff7697-a276-43b9-aa64-d1404838156c,6E 794,VT-IVB,AMD,PNQ,2025-04-04 20:45:00+05:30,2025-04-04 20:45+05:30,2025-04-04 22:00+05:30,2025-04-04 22:00+05:30,Unknown,6E
fdb78d85-5ef0-44bb-83a4-1ec1f08b21dc,6E 426,Unknown,HYD,PNQ,2025-04-04 20:40:00+05:30,2025-04-04 20:40+05:30,2025-04-04 22:00+05:30,2025-04-04 22:00+05:30,Unknown,6E
73a9b184-dc12-4afe-951e-1ad7739b26ab,6E 1484,Unknown,DXB,PNQ,2025-04-04 17:30:00+04:00,2025-04-04 17:30+04:00,2025-04-04 22:05+05:30,2025-04-04 22:05+05:30,Unknown,6E
1825aa33-8e80-46e8-ac84-05d70d8eb507,6E 441,VT-ISA,BLR,PNQ,2025-04-04 20:40:00+05:30,2025-04-04 20:40+05:30,2025-04-04 22:10+05:30,2025-04-04 22:10+05:30,Expected,6E
1cd789de-9a17-4a58-bf2b-ee15df3e4a95,QP 1508,Unknown,AMD,PNQ,2025-04-04 20:50:00+05:30,2025-04-04 20:50+05:30,2025-04-04 22:15+05:30,2025-04-04 22:15+05:30,Unknown,QP
408edb42-93f5-44b1-8e22-ca9311ffe5d9,6E 2273,Unknown,DEL,PNQ,2025-04-04 20:10:00+05:30,2025-04-04 20:10+05:30,2025-04-04 22:30+05:30,2025-04-04 22:30+05:30,Expected,6E
2cccda23-d36a-48ec-969f-09a718bc001d,AI 2973,VT-TNV,DEL,PNQ,2025-04-04 20:50:00+05:30,2025-04-04 20:50+05:30,2025-04-04 22:55+05:30,2025-04-04 22:55+05:30,Expected,AI
1bd3ef23-4661-4b27-8f49-0609253d4d09,6E 6272,Unknown,IXR,PNQ,2025-04-04 20:45:00+05:30,2025-04-04 20:45+05:30,2025-04-04 23:00+05:30,2025-04-04 23:00+05:30,Unknown,6E
1d6b6c0b-583b-47aa-b697-eef6581021e4,IX 2665,Unknown,MAA,PNQ,2025-04-04 21:20:00+05:30,2025-04-04 21:20+05:30,2025-04-04 23:00+05:30,2025-04-04 23:00+05:30,Unknown,IX
14f472a3-1235-408b-9395-c7375e9a53b4,6E 6116,Unknown,JAI,PNQ,2025-04-04 21:20:00+05:30,2025-04-04 21:20+05:30,2025-04-04 23:00+05:30,2025-04-04 23:00+05:30,Unknown,6E
fe1a0771-5145-4f5d-83ba-98312dcf0ea5,6E 147,Unknown,IDR,PNQ,2025-04-04 21:55:00+05:30,2025-04-04 21:55+05:30,2025-04-04 23:15+05:30,2025-04-04 23:15+05:30,Unknown,6E
fb19ff3b-7867-423e-a7bd-2bc56c46006a,6E 476,Unknown,CCU,PNQ,2025-04-04 20:50:00+05:30,2025-04-04 20:50+05:30,2025-04-04 23:20+05:30,2025-04-04 23:20+05:30,Unknown,6E
1766ac64-708a-4199-8b76-ce3767e8b895,6E 2674,VT-ILG,DEL,PNQ,2025-04-04 21:20:00+05:30,2025-04-04 21:20+05:30,2025-04-04 23:25+05:30,2025-04-04 23:25+05:30,Expected,6E
b6889e09-41d3-4e77-899c-b2c0ed82c6a3,6E 118,Unknown,LKO,PNQ,2025-04-04 21:25:00+05:30,2025-04-04 21:25+05:30,2025-04-04 23:30+05:30,2025-04-04 23:30+05:30,Unknown,6E
70046e5a-8695-4733-95c9-d418e1c5e99c,IX 1056,VT-KOC,DEL,PNQ,2025-04-04 21:20:00+05:30,2025-04-04 21:20+05:30,2025-04-04 23:30+05:30,2025-04-04 23:30+05:30,Expected,IX
ab4085dc-0c56-440c-980b-fc3cc3a2fd43,6E 6563,VT-ICQ,BLR,PNQ,2025-04-05 00:50:00+05:30,2025-04-05 01:10+05:30,2025-04-05 02:15+05:30,2025-04-05 02:15+05:30,Expected,6E
fc582142-88f5-487e-8b3c-156d04a825bf,6E 337,VT-IML,HYD,PNQ,2025-04-05 01:10:00+05:30,2025-04-05 01:10+05:30,2025-04-05 02:20+05:30,2025-04-05 02:20+05:30,Unknown,6E
2eab57fb-399b-4967-821f-620b10c266bf,6E 916,Unknown,MAA,PNQ,2025-04-05 01:10:00+05:30,2025-04-05 01:10+05:30,2025-04-05 02:50+05:30,2025-04-05 02:50+05:30,Unknown,6E
07436023-6768-43d3-8c87-7d367eaa980a,6E 6037,VT-IJY,CCU,PNQ,2025-04-05 00:50:00+05:30,2025-04-05 00:50+05:30,2025-04-05 03:20+05:30,2025-04-05 03:20+05:30,Unknown,6E
d214dbbd-78b0-4d24-93c7-6e71400e0447,6E 1096,VT-IPC,BKK,PNQ,2025-04-05 01:10:00+07:00,2025-04-05 01:16+07:00,2025-04-05 03:45+05:30,2025-04-05 03:45+05:30,Expected,6E
d0b33706-2504-4f52-bad8-e52baa558809,6E 699,VT-IVB,AMD,PNQ,2025-04-05 02:45:00+05:30,2025-04-05 02:45+05:30,2025-04-05 04:00+05:30,2025-04-05 04:00+05:30,Unknown,6E
545b6cce-d160-4421-873c-21e2c5fff8d4,6E 699,VT-IVB,AMD,PNQ,2025-04-05 02:45:00+05:30,2025-04-05 02:45+05:30,2025-04-05 04:00+05:30,2025-04-05 04:00+05:30,Unknown,6E
58404804-e015-478e-a930-4e16074243c5,6E 6876,VT-ILF,BLR,PNQ,2025-04-05 02:40:00+05:30,2025-04-05 02:40+05:30,2025-04-05 04:10+05:30,2025-04-05 04:10+05:30,Expected,6E
04ef5992-3494-4a8f-9ddf-35cb9978fbfa,IX 2645,Unknown,HYD,PNQ,2025-04-05 02:55:00+05:30,2025-04-05 02:55+05:30,2025-04-05 04:15+05:30,2025-04-05 04:15+05:30,Unknown,IX
a0890e87-838c-4c74-af3c-1a3c08c93562,6E 2343,Unknown,DEL,PNQ,2025-04-05 02:20:00+05:30,2025-04-05 02:20+05:30,2025-04-05 04:25+05:30,2025-04-05 04:25+05:30,Expected,6E
b8adb4e5-500d-4e24-8e0f-e7c4d045717c,SG 52,VT-SGG,DXB,PNQ,2025-04-05 00:05:00+04:00,2025-04-05 00:05+04:00,2025-04-05 04:30+05:30,2025-04-05 04:30+05:30,Unknown,SG
db5a0a66-5296-4822-b28e-fa974b6e6ec2,6E 257,Unknown,BHO,PNQ,2025-04-05 03:00:00+05:30,2025-04-05 03:00+05:30,2025-04-05 04:30+05:30,2025-04-05 04:30+05:30,Unknown,6E
7c5a36d9-7f58-4cfd-a721-4eeae56f21ee,6E 721,Unknown,COK,PNQ,2025-04-05 02:45:00+05:30,2025-04-05 02:45+05:30,2025-04-05 04:35+05:30,2025-04-05 04:35+05:30,Unknown,6E
13a7bcd8-32ca-4151-b33d-9be556af4baa,6E 253,Unknown,MAA,PNQ,2025-04-05 03:10:00+05:30,2025-04-05 03:10+05:30,2025-04-05 04:50+05:30,2025-04-05 04:50+05:30,Unknown,6E
894e06d5-5a86-41b1-bc01-427e47cbd022,6E 6659,Unknown,NAG,PNQ,2025-04-05 03:40:00+05:30,2025-04-05 03:40+05:30,2025-04-05 04:55+05:30,2025-04-05 04:55+05:30,Unknown,6E
31f18a06-7dcf-4803-9f3b-e9db77391d83,6E 6884,Unknown,VNS,PNQ,2025-04-05 03:15:00+05:30,2025-04-05 03:15+05:30,2025-04-05 05:15+05:30,2025-04-05 05:15+05:30,Unknown,6E
df410871-d072-49d3-8165-6191f1350f75,6E 351,VT-ITI,HYD,PNQ,2025-04-05 04:35:00+05:30,2025-04-05 04:35+05:30,2025-04-05 05:45+05:30,2025-04-05 05:45+05:30,Unknown,6E
dc1c54d5-6e29-44a8-8ffc-0aae6ff2502b,6E 408,VT-IMG,BLR,PNQ,2025-04-05 04:25:00+05:30,2025-04-05 04:25+05:30,2025-04-05 05:50+05:30,2025-04-05 05:50+05:30,Expected,6E
e6930c08-1e2b-4441-9fb8-ce5d4bbf1685,IX 1011,VT-ATB,DEL,PNQ,2025-04-05 03:45:00+05:30,2025-04-05 03:45+05:30,2025-04-05 05:55+05:30,2025-04-05 05:55+05:30,Expected,IX
7ab30cce-5227-468f-8769-40214d5a9210,AI 853,VT-EDD,DEL,PNQ,2025-04-05 04:45:00+05:30,2025-04-05 04:12+05:30,2025-04-05 06:30+05:30,2025-04-05 06:30+05:30,Expected,AI
23c0be47-27fd-4f93-ab54-d0e950f09c13,6E 607,Unknown,MAA,PNQ,2025-04-05 04:55:00+05:30,2025-04-05 04:55+05:30,2025-04-05 06:40+05:30,2025-04-05 06:40+05:30,Unknown,6E
588a19cf-5ba5-40c1-8a05-a50b56f41d3a,6E 2471,VT-IQK,DEL,PNQ,2025-04-05 04:40:00+05:30,2025-04-05 04:40+05:30,2025-04-05 06:45+05:30,2025-04-05 06:45+05:30,Expected,6E
3b04c35c-d6ae-4316-af45-51dbb786842f,QP 1311,VT-YAV,BLR,PNQ,2025-04-05 05:10:00+05:30,2025-04-05 04:56+05:30,2025-04-05 06:50+05:30,2025-04-05 06:50+05:30,Expected,QP
8cc65c38-7603-497b-be6d-25b3fd7274fa,AI 2469,Unknown,DEL,PNQ,2025-04-05 04:45:00+05:30,2025-04-05 04:45+05:30,2025-04-05 06:55+05:30,2025-04-05 06:55+05:30,Expected,AI
4d3bed12-8674-43aa-bbbc-7f6e8ce7d15a,IX 1675,VT-BWA,MAA,PNQ,2025-04-05 05:25:00+05:30,2025-04-05 05:25+05:30,2025-04-05 07:05+05:30,2025-04-05 07:05+05:30,Unknown,IX
01e88582-2156-4ae5-9478-5a380c4d492f,QP 1505,Unknown,AMD,PNQ,2025-04-05 05:45:00+05:30,2025-04-05 05:45+05:30,2025-04-05 07:15+05:30,2025-04-05 07:15+05:30,Unknown,QP
0eef0be6-7c38-4fd1-a680-3c832b8f9731,6E 97,Unknown,LKO,DMM,2025-04-04 20:00:00+05:30,2025-04-04 20:00+05:30,2025-04-04 22:30+03:00,2025-04-04 22:30+03:00,Unknown,6E
fe0e412b-828e-443a-852f-b6e9de048402,6E 6968,Unknown,LKO,AMD,2025-04-04 20:05:00+05:30,2025-04-04 20:05+05:30,2025-04-04 21:50+05:30,2025-04-04 21:50+05:30,Unknown,6E
de301850-00c5-46a3-b3a5-76997a6cd162,IX 1119,Unknown,LKO,DEL,2025-04-04 20:35:00+05:30,2025-04-04 20:35+05:30,2025-04-04 21:35+05:30,2025-04-04 22:33+05:30,Departed,IX
d4ac599f-8118-452b-a902-d16f6aad65f1,AI 812,Unknown,LKO,DEL,2025-04-04 20:40:00+05:30,2025-04-04 20:40+05:30,2025-04-04 21:55+05:30,2025-04-04 23:31+05:30,Departed,AI
69be0821-1e9a-4dd9-bf17-afb08b7f1a49,IX 2351,VT-JPR,LKO,BLR,2025-04-04 21:05:00+05:30,2025-04-04 21:05+05:30,2025-04-04 23:45+05:30,2025-04-05 00:03+05:30,Expected,IX
2b1aeafd-7fda-4afc-896d-9035fd35c7e9,6E 6469,Unknown,LKO,CCU,2025-04-04 21:05:00+05:30,2025-04-04 21:05+05:30,2025-04-04 22:45+05:30,2025-04-04 22:45+05:30,Unknown,6E
bd1ee29f-e9eb-4bba-934e-3ef0da67e7ef,6E 7027,Unknown,LKO,JAI,2025-04-04 21:15:00+05:30,2025-04-04 21:15+05:30,2025-04-04 22:55+05:30,2025-04-04 22:55+05:30,Unknown,6E
050f2a6f-21c8-45de-aa8c-283b03b243d3,6E 1415,Unknown,LKO,AUH,2025-04-04 21:20:00+05:30,2025-04-04 21:20+05:30,2025-04-04 23:45+04:00,2025-04-04 23:45+04:00,Unknown,6E
f18a3bb6-9aea-4909-9482-e9d3b9e4f1bd,6E 118,Unknown,LKO,PNQ,2025-04-04 21:25:00+05:30,2025-04-04 21:25+05:30,2025-04-04 23:30+05:30,2025-04-04 23:30+05:30,Unknown,6E
efa0bc2a-6e64-4532-9fa3-b6bf683c2e0b,AI 626,VT-EXQ,LKO,Unknown,2025-04-04 21:55:00+05:30,2025-04-04 21:55+05:30,Unknown,Unknown,Unknown,AI
e205c4d3-9cbb-4b92-89f1-f59721eab352,6E 2058,Unknown,LKO,Unknown,2025-04-04 22:00:00+05:30,2025-04-04 22:00+05:30,Unknown,Unknown,Unknown,6E
d172d758-8dd9-4c0d-b86b-8c7c1369b859,6E 6480,Unknown,LKO,DEL,2025-04-04 22:10:00+05:30,2025-04-04 22:10+05:30,2025-04-04 23:30+05:30,2025-04-04 23:30+05:30,Departed,6E
bf3d28c5-4149-46e0-9f66-d66ea10ab6c6,6E 1423,Unknown,LKO,SHJ,2025-04-04 22:25:00+05:30,2025-04-04 22:25+05:30,2025-04-05 00:55+04:00,2025-04-05 00:55+04:00,Unknown,6E
339be3ee-b2f6-4b44-bb34-70bc05beac34,6E 906,VT-ILN,LKO,BLR,2025-04-04 22:45:00+05:30,2025-04-04 22:45+05:30,2025-04-05 01:30+05:30,2025-04-05 01:31+05:30,Departed,6E
c0844798-af7b-457f-94da-9d302f13976c,AI 2461,Unknown,LKO,DEL,2025-04-04 22:55:00+05:30,2025-04-04 22:55+05:30,2025-04-05 01:00+05:30,2025-04-04 23:57+05:30,Departed,AI
26515767-9ace-464d-9e20-0f2e8165f96f,QP 1525,Unknown,LKO,Unknown,2025-04-04 23:00:00+05:30,2025-04-04 23:00+05:30,Unknown,Unknown,Unknown,QP
5783649e-0750-4444-a31c-1f5f0ef0a270,FD 147,HS-BBY,LKO,DMK,2025-04-04 23:05:00+05:30,2025-04-04 23:05+05:30,2025-04-05 04:00+07:00,2025-04-05 03:53+07:00,Departed,FD
35824334-9dd9-41a7-b041-df2e400f8866,IX 1326,VT-EXC,LKO,BLR,2025-04-04 23:15:00+05:30,2025-04-04 23:15+05:30,2025-04-05 02:15+05:30,2025-04-05 01:44+05:30,Departed,IX
fb2287d2-2fa2-4811-bde8-5475b658a395,6E 2704,Unknown,LKO,DEL,2025-04-04 23:20:00+05:30,2025-04-04 23:20+05:30,2025-04-05 00:35+05:30,2025-04-05 00:20+05:30,Departed,6E
9ef13ce6-71c9-4b11-afb6-650b05d6caa5,IX 2930,Unknown,LKO,HYD,2025-04-04 23:25:00+05:30,2025-04-04 23:25+05:30,2025-04-05 01:35+05:30,2025-04-05 01:35+05:30,Unknown,IX
b1d1c589-6262-4e80-bbcc-de873c6a2da6,IX 1235,VT-BWR,LKO,BOM,2025-04-05 00:20:00+05:30,2025-04-05 00:20+05:30,2025-04-05 02:50+05:30,2025-04-05 02:50+05:30,Unknown,IX
11a3adde-4ca2-40ea-8d0b-0258455420c7,6E 6945,Unknown,LKO,SXR,2025-04-05 05:20:00+05:30,2025-04-05 05:20+05:30,2025-04-05 07:15+05:30,2025-04-05 07:15+05:30,Unknown,6E
4b8abcaa-c26a-4d33-90e9-e28c83748d13,6E 2146,Unknown,LKO,DEL,2025-04-05 05:40:00+05:30,2025-04-05 05:40+05:30,2025-04-05 07:00+05:30,2025-04-05 06:27+05:30,Departed,6E
139d525f-594a-4ffc-a581-3dedf309f2e4,AI 2478,Unknown,LKO,DEL,2025-04-05 05:50:00+05:30,2025-04-05 05:50+05:30,2025-04-05 07:05+05:30,2025-04-05 06:53+05:30,Departed,AI
4d99d859-fde2-4621-8e25-e83c22b603be,6E 231,VT-IKP,LKO,BLR,2025-04-05 06:05:00+05:30,2025-04-05 06:05+05:30,2025-04-05 08:55+05:30,2025-04-05 08:31+05:30,Departed,6E
cdf9d2c7-69e2-4efa-a260-3b9fe81e115a,FZ 444,Unknown,LKO,DXB,2025-04-05 06:45:00+05:30,2025-04-05 06:45+05:30,2025-04-05 09:25+04:00,2025-04-05 09:25+04:00,Unknown,FZ
08a5c875-bd06-4a8a-944d-f0697d4bd674,6E 142,Unknown,LKO,AMD,2025-04-05 07:25:00+05:30,2025-04-05 07:25+05:30,2025-04-05 09:10+05:30,2025-04-05 09:10+05:30,Unknown,6E
95526a3b-7f02-4abc-a53f-621cc56c39e9,6E 2238,Unknown,LKO,BOM,2025-04-05 07:35:00+05:30,2025-04-05 07:35+05:30,2025-04-05 09:50+05:30,2025-04-05 09:50+05:30,Unknown,6E
7abfa6a5-24b8-447e-935c-d0ac8e5c628d,IX 2816,Unknown,LKO,HYD,2025-04-05 07:40:00+05:30,2025-04-05 07:40+05:30,2025-04-05 09:55+05:30,2025-04-05 09:55+05:30,Unknown,IX
26ba1e38-358c-40e0-aff3-da62ac6cfa80,6E 505,Unknown,LKO,CCU,2025-04-05 07:40:00+05:30,2025-04-05 07:40+05:30,2025-04-05 09:20+05:30,2025-04-05 09:20+05:30,Unknown,6E
9dad3641-e50b-4677-87b6-50c5ebd40a2c,6E 181,Unknown,LKO,HYD,2025-04-05 07:50:00+05:30,2025-04-05 07:50+05:30,2025-04-05 10:00+05:30,2025-04-05 10:00+05:30,Unknown,6E
bb652091-3f3c-4964-9077-0435cf0c1885,6E 2151,Unknown,DEL,LKO,2025-04-04 18:50:00+05:30,2025-04-04 18:50+05:30,2025-04-04 20:00+05:30,2025-04-04 20:00+05:30,Expected,6E
f257a62c-1356-4ba3-b454-dfe8c05105a0,IX 1119,VT-KTM,PNQ,LKO,2025-04-04 17:55:00+05:30,2025-04-04 17:55+05:30,2025-04-04 20:05+05:30,2025-04-04 20:05+05:30,Unknown,IX
bfda83b7-b915-42f2-9fa6-ff7cb658e4eb,6E 856,Unknown,CCU,LKO,2025-04-04 18:40:00+05:30,2025-04-04 18:40+05:30,2025-04-04 20:25+05:30,2025-04-04 20:25+05:30,Unknown,6E
11d2b7f8-0bf3-4c33-9845-fbef2d337653,IX 2794,VT-JPR,BLR,LKO,2025-04-04 17:45:00+05:30,2025-04-04 17:50+05:30,2025-04-04 20:35+05:30,2025-04-04 20:35+05:30,Expected,IX
d4221158-0ec8-40a9-84bf-0a64cfcd5717,6E 6167,Unknown,HYD,LKO,2025-04-04 18:40:00+05:30,2025-04-04 18:40+05:30,2025-04-04 20:40+05:30,2025-04-04 20:40+05:30,Unknown,6E
417ea8ee-415a-40cd-9195-10c4af9384ac,6E 7482,Unknown,JAI,LKO,2025-04-04 19:15:00+05:30,2025-04-04 19:15+05:30,2025-04-04 20:55+05:30,2025-04-04 20:55+05:30,Unknown,6E
7c251e3c-3278-44ab-9b6a-66cf5237d3d2,AI 625,VT-EXQ,BOM,LKO,2025-04-04 18:55:00+05:30,2025-04-04 18:55+05:30,2025-04-04 21:10+05:30,2025-04-04 21:10+05:30,Unknown,AI
05a4db3a-6950-42f5-838a-a21304b909de,6E 544,Unknown,BOM,LKO,2025-04-04 18:55:00+05:30,2025-04-04 18:55+05:30,2025-04-04 21:20+05:30,2025-04-04 21:20+05:30,Unknown,6E
a021fa42-7e42-440b-afd7-05436c032126,6E 6479,Unknown,DEL,LKO,2025-04-04 20:20:00+05:30,2025-04-04 20:20+05:30,2025-04-04 21:30+05:30,2025-04-04 21:30+05:30,Expected,6E
43d835c1-b5cb-4059-9d32-6b7e1de066f8,6E 903,VT-ILN,BLR,LKO,2025-04-04 19:30:00+05:30,2025-04-04 19:30+05:30,2025-04-04 22:05+05:30,2025-04-04 22:05+05:30,Expected,6E
e4b2bb14-3cdd-4833-b7d3-cf21fce45b86,QP 1451,Unknown,BOM,LKO,2025-04-04 19:55:00+05:30,2025-04-04 19:55+05:30,2025-04-04 22:15+05:30,2025-04-04 22:15+05:30,Unknown,QP
6f2e1c8b-83af-4a38-a352-5143a2fc1c2a,AI 2460,Unknown,DEL,LKO,2025-04-04 21:10:00+05:30,2025-04-04 21:10+05:30,2025-04-04 22:20+05:30,2025-04-04 22:20+05:30,Expected,AI
4f341f32-ca6f-4ab2-a12f-c688a960f0c4,FD 146,HS-BBY,DMK,LKO,2025-04-04 20:15:00+07:00,2025-04-04 20:08+07:00,2025-04-04 22:35+05:30,2025-04-04 22:35+05:30,Expected,FD
407390a1-a58c-4559-8844-bd886f882fbc,6E 2703,Unknown,DEL,LKO,2025-04-04 21:30:00+05:30,2025-04-04 21:30+05:30,2025-04-04 22:40+05:30,2025-04-04 22:40+05:30,Expected,6E
4f3532ba-ac35-4503-b009-31fa5ce80134,IX 1325,VT-EXC,BLR,LKO,2025-04-04 19:55:00+05:30,2025-04-04 19:55+05:30,2025-04-04 22:45+05:30,2025-04-04 22:45+05:30,Expected,IX
20861582-a0e9-4771-bfe6-b09be5333e03,IX 2934,Unknown,HYD,LKO,2025-04-04 20:55:00+05:30,2025-04-04 20:55+05:30,2025-04-04 22:55+05:30,2025-04-04 22:55+05:30,Unknown,IX
f547f18a-793a-4a86-9617-7470bc788f95,6E 232,VT-IJU,BLR,LKO,2025-04-04 20:35:00+05:30,2025-04-04 20:50+05:30,2025-04-04 23:15+05:30,2025-04-04 23:15+05:30,Expected,6E
2ba17dbb-a402-4385-8a1e-6ce5d04db8c5,IX 1219,VT-BWR,BOM,LKO,2025-04-04 21:35:00+05:30,2025-04-04 21:35+05:30,2025-04-04 23:50+05:30,2025-04-04 23:50+05:30,Unknown,IX
b7e956d4-18cb-4608-b3d8-68424cf7c2eb,6E 677,Unknown,BOM,LKO,2025-04-04 23:15:00+05:30,2025-04-04 23:15+05:30,2025-04-05 01:25+05:30,2025-04-05 01:25+05:30,Unknown,6E
7c14bf47-ed46-46e6-b393-17811fde3656,6E 338,Unknown,PNQ,LKO,2025-04-05 00:10:00+05:30,2025-04-05 00:10+05:30,2025-04-05 02:15+05:30,2025-04-05 02:15+05:30,Unknown,6E
b4e34547-79bb-4715-aaac-65ddb1fa1f6a,AI 2477,Unknown,DEL,LKO,2025-04-05 03:55:00+05:30,2025-04-05 03:55+05:30,2025-04-05 05:00+05:30,2025-04-05 05:00+05:30,Expected,AI
014f4c23-b6ee-4b47-a545-dc02fd5d2c2d,FZ 443,Unknown,DXB,LKO,2025-04-05 00:30:00+04:00,2025-04-05 00:30+04:00,2025-04-05 05:45+05:30,2025-04-05 05:45+05:30,Unknown,FZ
bbf34e73-e8ff-4816-8c57-84d4f3efca36,6E 98,VT-IIJ,DMM,LKO,2025-04-04 23:30:00+03:00,2025-04-04 23:30+03:00,2025-04-05 06:05+05:30,2025-04-05 06:05+05:30,Unknown,6E
270dd0ba-22ba-4e58-b3a8-2f13baa79093,6E 1416,Unknown,AUH,LKO,2025-04-05 00:45:00+04:00,2025-04-05 00:45+04:00,2025-04-05 06:25+05:30,2025-04-05 06:25+05:30,Unknown,6E
019800fc-9e4d-4cd9-a230-6d5641d51883,6E 2064,Unknown,DEL,LKO,2025-04-05 05:35:00+05:30,2025-04-05 05:35+05:30,2025-04-05 06:45+05:30,2025-04-05 06:45+05:30,Expected,6E
d5b2a4dc-4d07-4b9d-ae9b-8983af3f1e8e,6E 643,Unknown,BOM,LKO,2025-04-05 04:45:00+05:30,2025-04-05 04:45+05:30,2025-04-05 06:55+05:30,2025-04-05 06:55+05:30,Unknown,6E
8c630016-2d2a-40f4-ab2e-dbf7c9159123,IX 2815,Unknown,HYD,LKO,2025-04-05 05:00:00+05:30,2025-04-05 05:00+05:30,2025-04-05 07:10+05:30,2025-04-05 07:10+05:30,Unknown,IX
a01b791e-71d8-4cdc-8d74-1fd366cbf95d,6E 179,Unknown,HYD,LKO,2025-04-05 05:10:00+05:30,2025-04-05 05:10+05:30,2025-04-05 07:10+05:30,2025-04-05 07:10+05:30,Unknown,6E
81ba0141-ca73-46d3-afe3-f9b0fb9f1785,XY 333,Unknown,RUH,LKO,2025-04-05 00:05:00+03:00,2025-04-05 00:05+03:00,2025-04-05 07:15+05:30,2025-04-05 07:15+05:30,Unknown,XY
c451d9ab-a60a-4033-9c35-ec5f1fbf1c76,6E 1424,Unknown,SHJ,LKO,2025-04-05 01:55:00+04:00,2025-04-05 01:55+04:00,2025-04-05 07:15+05:30,2025-04-05 07:15+05:30,Unknown,6E
b9dc7747-68f5-480d-ae89-1efd8ff9edbb,6E 6353,YL-LDT,BLR,LKO,2025-04-05 04:55:00+05:30,2025-04-05 04:55+05:30,2025-04-05 07:40+05:30,2025-04-05 07:40+05:30,Expected,6E
9962e0dc-4664-4883-8464-86ce70705a7e,QP 1524,Unknown,BOM,LKO,2025-04-05 05:35:00+05:30,2025-04-05 05:35+05:30,2025-04-05 07:45+05:30,2025-04-05 07:45+05:30,Unknown,QP
8b22f0dd-1310-4899-9626-e4601415da11,IX 194,Unknown,DXB,LKO,2025-04-05 02:25:00+04:00,2025-04-05 02:25+04:00,2025-04-05 07:50+05:30,2025-04-05 07:50+05:30,Unknown,IX
f9e9d194-df1a-43dd-a9b3-09694520a2a6,6E 6452,VT-IIZ,PAT,BLR,2025-04-04 20:05:00+05:30,2025-04-04 20:05+05:30,2025-04-04 22:40+05:30,2025-04-04 22:50+05:30,Departed,6E
afa6696e-0d82-47d9-a89c-e25ea7af9ca3,6E 2792,Unknown,PAT,DEL,2025-04-04 20:25:00+05:30,2025-04-04 20:25+05:30,2025-04-04 22:10+05:30,2025-04-04 22:10+05:30,Departed,6E
6b8bb5b9-4309-41fc-abf5-847fc0718dea,6E 2246,Unknown,PAT,DEL,2025-04-04 21:40:00+05:30,2025-04-04 21:40+05:30,2025-04-04 23:25+05:30,2025-04-04 23:07+05:30,Departed,6E
b0fae782-de51-4b2f-9cec-6b5157786442,IX 1513,Unknown,PAT,CCU,2025-04-04 21:45:00+05:30,2025-04-04 21:45+05:30,2025-04-04 23:00+05:30,2025-04-04 23:00+05:30,Unknown,IX
ddf75d06-0363-4478-8d51-2e17eb5158c0,SG 478,Unknown,PAT,DEL,2025-04-04 21:50:00+05:30,2025-04-04 21:50+05:30,2025-04-04 23:40+05:30,2025-04-04 23:25+05:30,Expected,SG
3463140f-0e00-4fef-9346-e4eff5a32bc1,6E 6619,VT-IZV,PAT,Unknown,2025-04-04 22:00:00+05:30,2025-04-04 22:00+05:30,Unknown,Unknown,Unknown,6E
8f3433e1-1863-43e6-aec5-2e6df8d69ade,6E 6138,VT-IIS,PAT,HYD,2025-04-04 22:20:00+05:30,2025-04-04 22:20+05:30,2025-04-05 00:25+05:30,2025-04-05 00:25+05:30,Unknown,6E
5c9ca854-e0b8-4ba7-b243-ab9da95f5b33,AI 896,Unknown,PAT,DEL,2025-04-04 22:40:00+05:30,2025-04-04 22:40+05:30,2025-04-05 00:30+05:30,2025-04-04 23:59+05:30,Departed,AI
e8b43025-4131-4989-9938-9ebc91fbb170,6E 6121,VT-ITU,PAT,BLR,2025-04-04 23:25:00+05:30,2025-04-04 23:25+05:30,2025-04-05 02:00+05:30,2025-04-05 01:53+05:30,Departed,6E
ba984786-ab89-49dd-918d-b2360d76fc1f,IX 1460,VT-BXT,PAT,BLR,2025-04-04 23:35:00+05:30,2025-04-04 23:35+05:30,2025-04-05 02:30+05:30,2025-04-05 02:09+05:30,Departed,IX
1c1c7de3-4d5d-437a-af48-6037c1734147,6E 2482,Unknown,DEL,PAT,2025-04-04 19:20:00+05:30,2025-04-04 19:20+05:30,2025-04-04 21:00+05:30,2025-04-04 21:00+05:30,Expected,6E
03cb635a-b771-480b-a3c6-383368203a6c,SG 473,Unknown,Unknown,PAT,,Unknown,2025-04-04 21:10+05:30,2025-04-04 21:10+05:30,Unknown,SG
2b2555e0-3dc7-4f96-bbf7-917d07798212,6E 825,VT-IZV,Unknown,PAT,,Unknown,2025-04-04 21:15+05:30,2025-04-04 21:15+05:30,Unknown,6E
69d054a5-4cc7-4a95-ab10-3ad63d46ebd5,6E 6137,Unknown,HYD,PAT,2025-04-04 19:45:00+05:30,2025-04-04 19:45+05:30,2025-04-04 21:45+05:30,2025-04-04 21:45+05:30,Unknown,6E
de9020a8-9a93-436c-8d3b-e43f807f9fa9,AI 895,Unknown,DEL,PAT,2025-04-04 20:25:00+05:30,2025-04-04 20:25+05:30,2025-04-04 22:00+05:30,2025-04-04 22:00+05:30,Expected,AI
79105622-e2bf-4da6-9fc1-d8ed38498990,6E 6120,VT-ITU,BLR,PAT,2025-04-04 20:15:00+05:30,2025-04-04 20:15+05:30,2025-04-04 22:50+05:30,2025-04-04 22:50+05:30,Expected,6E
58030705-f1d9-49e8-9331-f0a7c4ffe091,IX 1459,VT-BXT,BLR,PAT,2025-04-04 20:10:00+05:30,2025-04-04 20:10+05:30,2025-04-04 23:00+05:30,2025-04-04 23:00+05:30,Expected,IX
0ed6ac98-fe17-4730-a5e4-8e9644e57737,6E 5126,VT-ITV,BLR,PAT,2025-04-05 05:00:00+05:30,2025-04-05 05:00+05:30,2025-04-05 07:35+05:30,2025-04-05 07:35+05:30,Expected,6E
11ec6f5b-c336-4943-a59a-e6a6e7f8a2f0,6E 6207,VT-ITO,HYD,PAT,2025-04-05 05:45:00+05:30,2025-04-05 05:45+05:30,2025-04-05 07:45+05:30,2025-04-05 07:45+05:30,Unknown,6E
017f187f-ae5d-4a94-9a8c-aca1783f5772,6E 5058,Unknown,DEL,PAT,2025-04-05 06:20:00+05:30,2025-04-05 06:20+05:30,2025-04-05 07:55+05:30,2025-04-05 07:55+05:30,Expected,6E
a8a914bc-aa29-4449-9c27-e21bc9dd4932,9I 832,Unknown,IXC,DEL,2025-04-04 20:40:00+05:30,2025-04-04 20:40+05:30,2025-04-04 20:45+05:30,2025-04-04 20:45+05:30,Departed,9I
7ac84080-bc35-4d4c-9680-91d12852216c,6E 2193,Unknown,IXC,DEL,2025-04-04 21:00:00+05:30,2025-04-04 21:00+05:30,2025-04-04 22:00+05:30,2025-04-04 21:50+05:30,Departed,6E
278c2ad0-6a6e-4803-a3d9-eeb7020e779f,6E 7413,Unknown,IXC,JAI,2025-04-04 21:35:00+05:30,2025-04-04 21:35+05:30,2025-04-04 23:00+05:30,2025-04-04 23:00+05:30,Unknown,6E
0b512ff7-0f64-497b-acf9-b8fc15832687,AI 2638,Unknown,IXC,DEL,2025-04-04 22:00:00+05:30,2025-04-04 22:00+05:30,2025-04-04 23:10+05:30,2025-04-04 22:34+05:30,Departed,AI
99c75cba-2bea-4e6a-836e-7b01b5ece8f1,9I 610,Unknown,IXC,Unknown,2025-04-04 22:30:00+05:30,2025-04-04 22:30+05:30,Unknown,Unknown,Unknown,9I
bf18b853-8621-4f54-bb98-c97ec66677cf,6E 754,VT-IIP,IXC,Unknown,2025-04-04 22:45:00+05:30,2025-04-04 22:45+05:30,Unknown,Unknown,Unknown,6E
68bbe9fb-bb02-4779-ae5c-16a87bdc30dc,6E 681,Unknown,IXC,Unknown,2025-04-04 22:50:00+05:30,2025-04-04 22:50+05:30,Unknown,Unknown,Unknown,6E
5eb74fd3-a940-48eb-8855-99eea80f2a2c,6E 6402,Unknown,IXC,DEL,2025-04-05 05:45:00+05:30,2025-04-05 05:45+05:30,2025-04-05 06:40+05:30,2025-04-05 06:21+05:30,Departed,6E
935d16e8-06f2-4d30-9235-ebab5f48d1e3,6E 642,Unknown,IXC,BOM,2025-04-05 05:50:00+05:30,2025-04-05 05:50+05:30,2025-04-05 08:20+05:30,2025-04-05 08:20+05:30,Unknown,6E
89a02300-a7c3-4319-92ef-cd4078781c71,6E 867,Unknown,IXC,HYD,2025-04-05 06:20:00+05:30,2025-04-05 06:20+05:30,2025-04-05 08:45+05:30,2025-04-05 08:45+05:30,Unknown,6E
47729ff5-f0a9-4fcf-8d63-5f2a800b3423,6E 146,Unknown,IXC,LKO,2025-04-05 07:10:00+05:30,2025-04-05 07:10+05:30,2025-04-05 08:30+05:30,2025-04-05 08:30+05:30,Unknown,6E
52cd3444-c3b9-4963-9855-2464756e3b56,6E 971,Unknown,IXC,MAA,2025-04-05 07:20:00+05:30,2025-04-05 07:20+05:30,2025-04-05 10:25+05:30,2025-04-05 10:25+05:30,Unknown,6E
7e28cbc6-35c7-4b04-a4ff-b04e6bb50bcd,6E 6394,Unknown,IXC,PAT,2025-04-05 07:30:00+05:30,2025-04-05 07:30+05:30,2025-04-05 09:15+05:30,2025-04-05 09:15+05:30,Unknown,6E
01a27c6d-0126-4d53-8189-d43c4741e649,AI 2568,Unknown,IXC,DEL,2025-04-05 07:40:00+05:30,2025-04-05 07:40+05:30,2025-04-05 08:50+05:30,2025-04-05 08:26+05:30,Departed,AI
7ce992d2-e0c0-426f-8085-e49745a28ad7,9I 831,Unknown,DEL,IXC,2025-04-04 18:35:00+05:30,2025-04-04 18:35+05:30,2025-04-04 20:15+05:30,2025-04-04 20:15+05:30,Expected,9I
fdb4f360-3588-4510-a68a-04557a5e66e4,6E 6552,Unknown,LKO,IXC,2025-04-04 19:10:00+05:30,2025-04-04 19:10+05:30,2025-04-04 20:30+05:30,2025-04-04 20:30+05:30,Unknown,6E
af6db4b6-43b1-414f-aeb7-132f68154f22,6E 724,Unknown,GOI,IXC,2025-04-04 18:00:00+05:30,2025-04-04 18:00+05:30,2025-04-04 20:40+05:30,2025-04-04 20:40+05:30,Unknown,6E
a3df0cb3-f28b-448e-a3cd-a30cd418f467,AI 2637,Unknown,DEL,IXC,2025-04-04 20:00:00+05:30,2025-04-04 20:00+05:30,2025-04-04 21:10+05:30,2025-04-04 21:10+05:30,Expected,AI
d33991c7-1dd3-49e1-a55d-8afd39e3cf3d,6E 7414,Unknown,JAI,IXC,2025-04-04 19:50:00+05:30,2025-04-04 19:50+05:30,2025-04-04 21:15+05:30,2025-04-04 21:15+05:30,Unknown,6E
213fefe2-1d7d-47d6-bf8b-a419afa3838c,9I 609,Unknown,Unknown,IXC,,Unknown,2025-04-04 22:05+05:30,2025-04-04 22:05+05:30,Unknown,9I
59a84690-16c6-4e95-8f0d-d951a9e55d4a,6E 5233,VT-IIP,BOM,IXC,2025-04-04 20:00:00+05:30,2025-04-04 20:00+05:30,2025-04-04 22:15+05:30,2025-04-04 22:15+05:30,Unknown,6E
ce668fa4-119e-4dad-987e-a29024cdb7f4,6E 6252,Unknown,HYD,IXC,2025-04-04 20:10:00+05:30,2025-04-04 20:10+05:30,2025-04-04 22:40+05:30,2025-04-04 22:40+05:30,Unknown,6E
9661821a-29b7-4a1a-8adc-7e54cb853265,6E 6506,Unknown,AMD,IXC,2025-04-04 21:40:00+05:30,2025-04-04 21:56+05:30,2025-04-04 23:25+05:30,2025-04-04 23:25+05:30,Expected,6E
612c2d74-25b7-496e-a201-459d6d34d695,6E 6385,VT-ICP,BLR,IXC,2025-04-04 21:00:00+05:30,2025-04-04 21:20+05:30,2025-04-04 23:59+05:30,2025-04-04 23:59+05:30,Expected,6E
fb78c941-d92a-4e8d-822a-823ab1bca606,6E 242,VT-IML,PNQ,IXC,2025-04-05 03:00:00+05:30,2025-04-05 03:00+05:30,2025-04-05 05:20+05:30,2025-04-05 05:20+05:30,Unknown,6E
843e5ab6-20ce-403d-bd9c-a1e7cec9fb21,6E 6397,Unknown,BOM,IXC,2025-04-05 04:40:00+05:30,2025-04-05 04:40+05:30,2025-04-05 06:50+05:30,2025-04-05 06:50+05:30,Unknown,6E
1f11aa07-5857-4f0a-8a40-e902a0cd5858,AI 2567,Unknown,DEL,IXC,2025-04-05 05:50:00+05:30,2025-04-05 05:50+05:30,2025-04-05 07:00+05:30,2025-04-05 07:00+05:30,Expected,AI
57598328-9ab4-4f4d-ac50-5b5e023365bf,6E 6633,VT-IFZ,BLR,IXC,2025-04-05 04:45:00+05:30,2025-04-05 04:45+05:30,2025-04-05 07:45+05:30,2025-04-05 07:45+05:30,Expected,6E
0c953385-66bf-46c2-9bb2-78275bfaf4ae,IX 537,VT-GHI,TRV,AUH,2025-04-04 20:25:00+05:30,2025-04-04 20:25+05:30,2025-04-04 23:25+04:00,2025-04-04 23:25+04:00,Unknown,IX
71fc4707-9025-4bf2-9b70-6acf46616631,AI 2656,Unknown,TRV,BOM,2025-04-04 20:40:00+05:30,2025-04-04 20:40+05:30,2025-04-04 23:20+05:30,2025-04-04 23:20+05:30,Unknown,AI
d2ee287a-41fa-44d6-958c-f2316afef077,6E 6238,Unknown,TRV,AMD,2025-04-04 20:55:00+05:30,2025-04-04 20:55+05:30,2025-04-04 23:30+05:30,2025-04-04 23:30+05:30,Unknown,6E
4eaa83ca-c830-430b-a8fb-e71ff3b7afa6,IX 545,Unknown,TRV,SHJ,2025-04-04 21:30:00+05:30,2025-04-04 21:30+05:30,2025-04-05 00:25+04:00,2025-04-05 00:25+04:00,Unknown,IX
23b30bbc-69b2-4960-9c1c-33579ac75ad7,EY 263,A6-EIP,TRV,AUH,2025-04-04 21:45:00+05:30,2025-04-04 21:45+05:30,2025-04-05 00:20+04:00,2025-04-05 00:20+04:00,Unknown,EY
e4ac2476-5e36-4c7f-bd14-49b318edee16,IX 581,VT-GHF,TRV,DMM,2025-04-04 22:25:00+05:30,2025-04-04 22:25+05:30,2025-04-05 01:05+03:00,2025-04-05 01:05+03:00,Unknown,IX
db58e2d7-248c-490b-98ef-3d1d6831687c,6E 335,Unknown,TRV,HYD,2025-04-04 22:30:00+05:30,2025-04-04 22:30+05:30,2025-04-05 00:20+05:30,2025-04-05 00:20+05:30,Unknown,6E
a6bce9b7-85b2-4add-b9bc-b4749e992a80,6E 691,VT-IQA,TRV,BLR,2025-04-04 22:40:00+05:30,2025-04-04 22:40+05:30,2025-04-05 00:05+05:30,2025-04-05 00:35+05:30,Departed,6E
0ea1eee0-aa0d-4402-a3c4-097fb77946e1,IX 2734,VT-BXV,TRV,BLR,2025-04-04 22:45:00+05:30,2025-04-04 22:45+05:30,2025-04-05 00:05+05:30,2025-04-05 00:03+05:30,Departed,IX
b4b95d08-c111-4a47-9975-ad1639e5599c,6E 6959,Unknown,TRV,MAA,2025-04-04 22:45:00+05:30,2025-04-04 22:45+05:30,2025-04-05 00:15+05:30,2025-04-05 00:15+05:30,Unknown,6E
a1225ab5-b193-4b98-a391-f79ac2783d6e,TR 531,9V-TRO,TRV,SIN,2025-04-04 23:10:00+05:30,2025-04-04 23:10+05:30,2025-04-05 06:20+08:00,2025-04-05 05:56+08:00,Departed,TR
9d731554-dadd-4124-bf7f-c7850a7d3bd4,AK 8,Unknown,TRV,KUL,2025-04-05 00:25:00+05:30,2025-04-05 00:25+05:30,2025-04-05 07:05+08:00,2025-04-05 06:57+08:00,Departed,AK
b5d62ac1-cb58-424d-afc4-c8f64779037d,6E 1425,Unknown,TRV,SHJ,2025-04-05 01:00:00+05:30,2025-04-05 01:00+05:30,2025-04-05 03:55+04:00,2025-04-05 03:55+04:00,Unknown,6E
01d3b94b-54fb-4dbb-8e67-17495132c1a4,KU 332,9K-AKT,TRV,KWI,2025-04-05 03:05:00+05:30,2025-04-05 03:05+05:30,2025-04-05 06:15+03:00,2025-04-05 06:15+03:00,Unknown,KU
11b72c8c-4ab3-467c-9f66-784df04dbcbf,Q2 709,Unknown,TRV,HAQ,2025-04-05 03:45:00+05:30,2025-04-05 03:45+05:30,2025-04-05 04:30+05:00,2025-04-05 04:30+05:00,Unknown,Q2
00013d9a-49aa-4b8d-a94a-4eb3f1f74ac3,QR 507,Unknown,TRV,DOH,2025-04-05 03:55:00+05:30,2025-04-05 03:55+05:30,2025-04-05 06:10+03:00,2025-04-05 05:59+03:00,Departed,QR
3fdb2ecc-4c87-424a-abf0-c11d1804fd8c,EK 523,Unknown,TRV,DXB,2025-04-05 04:45:00+05:30,2025-04-05 04:45+05:30,2025-04-05 07:15+04:00,2025-04-05 07:15+04:00,Unknown,EK
5c21bae7-ad4e-4b2c-afdc-dffe471772fc,G9 449,Unknown,TRV,SHJ,2025-04-05 04:50:00+05:30,2025-04-05 04:50+05:30,2025-04-05 07:20+04:00,2025-04-05 07:20+04:00,Unknown,G9
be9358ed-0c20-4cbc-a2b1-14980a6ff5b2,3L 134,Unknown,TRV,AUH,2025-04-05 05:10:00+05:30,2025-04-05 05:10+05:30,2025-04-05 07:50+04:00,2025-04-05 07:50+04:00,Unknown,3L
46649bdd-8a9a-421c-aa68-1d995af4864a,GF 61,A9C-AE,TRV,BAH,2025-04-05 06:00:00+05:30,2025-04-05 06:00+05:30,2025-04-05 08:20+03:00,2025-04-05 08:20+03:00,Unknown,GF
93a5272a-5535-4a7f-9729-e164de21966d,6E 343,Unknown,TRV,MAA,2025-04-05 06:25:00+05:30,2025-04-05 06:25+05:30,2025-04-05 07:45+05:30,2025-04-05 07:45+05:30,Unknown,6E
9d05eca9-30d3-4d73-8e79-f2ecc24ba84c,AI 830,VT-PPX,TRV,DEL,2025-04-05 06:40:00+05:30,2025-04-05 06:40+05:30,2025-04-05 10:05+05:30,2025-04-05 09:48+05:30,Departed,AI
7ae23f54-31e9-4677-93b3-a0abd27d6cc4,IX 2015,VT-BXW,TRV,BLR,2025-04-05 07:05:00+05:30,2025-04-05 07:05+05:30,2025-04-05 08:30+05:30,2025-04-05 08:45+05:30,Departed,IX
382482fb-c35e-4c63-85f2-a7389a36d987,AI 2655,Unknown,BOM,TRV,2025-04-04 17:40:00+05:30,2025-04-04 17:40+05:30,2025-04-04 20:00+05:30,2025-04-04 20:00+05:30,Unknown,AI
f2641a2e-c104-491b-9cca-feb648eccd02,EY 262,A6-EIP,AUH,TRV,2025-04-04 14:25:00+04:00,2025-04-04 14:25+04:00,2025-04-04 20:20+05:30,2025-04-04 20:20+05:30,Unknown,EY
8e00cffc-0ea4-4f90-ba8e-2a51ec3bb32e,6E 6237,Unknown,AMD,TRV,2025-04-04 17:45:00+05:30,2025-04-04 17:45+05:30,2025-04-04 20:25+05:30,2025-04-04 20:25+05:30,Unknown,6E
b9f055d8-b607-4afb-8461-aff3fbe918dd,IX 374,VT-GHF,DOH,TRV,2025-04-04 14:15:00+03:00,2025-04-04 14:08+03:00,2025-04-04 21:25+05:30,2025-04-04 21:25+05:30,Expected,IX
4e6cebf2-0131-4b86-9432-d532dbcdeda1,6E 5381,Unknown,HYD,TRV,2025-04-04 20:15:00+05:30,2025-04-04 20:15+05:30,2025-04-04 22:00+05:30,2025-04-04 22:00+05:30,Unknown,6E
0e64a2d8-17f8-4153-bc91-c15504dc985c,6E 6628,VT-IQA,BLR,TRV,2025-04-04 20:50:00+05:30,2025-04-04 21:00+05:30,2025-04-04 22:10+05:30,2025-04-04 22:10+05:30,Expected,6E
c1109cc0-f718-41f0-a55d-697b5b555003,TR 530,9V-TRO,SIN,TRV,2025-04-04 20:30:00+08:00,2025-04-04 20:30+08:00,2025-04-04 22:10+05:30,2025-04-04 22:10+05:30,Expected,TR
965f0bfd-588c-40df-b408-0d2de11a5dc7,6E 6149,Unknown,MAA,TRV,2025-04-04 20:50:00+05:30,2025-04-04 20:50+05:30,2025-04-04 22:15+05:30,2025-04-04 22:15+05:30,Unknown,6E
753f0bda-60b3-40bf-91bd-91c0c5188ef6,IX 2513,VT-BXV,BLR,TRV,2025-04-04 20:45:00+05:30,2025-04-04 20:45+05:30,2025-04-04 22:15+05:30,2025-04-04 22:15+05:30,Expected,IX
31ba1894-e344-4629-9913-1f44420a7338,6E 2156,VT-IJW,DEL,TRV,2025-04-04 20:10:00+05:30,2025-04-04 20:10+05:30,2025-04-04 23:30+05:30,2025-04-04 23:30+05:30,Expected,6E
bf4b0fb6-4978-4c50-852f-7dd60ad67c4c,AK 9,9M-AGH,KUL,TRV,2025-04-04 22:30:00+08:00,2025-04-04 23:02+08:00,2025-04-04 23:50+05:30,2025-04-04 23:50+05:30,Expected,AK
87c5c60b-a0ba-4c0c-907f-74cd89806087,KU 331,9K-AKT,KWI,TRV,2025-04-04 18:20:00+03:00,2025-04-04 18:20+03:00,2025-04-05 02:15+05:30,2025-04-05 02:15+05:30,Unknown,KU
d3bbca2a-14e4-46af-8951-8d53e02b0c8a,AI 829,VT-PPX,DEL,TRV,2025-04-04 22:50:00+05:30,2025-04-04 22:50+05:30,2025-04-05 02:15+05:30,2025-04-05 02:15+05:30,Expected,AI
0aafe1b3-13fc-4c62-8dfe-33d0da1dbb09,QR 506,Unknown,DOH,TRV,2025-04-04 19:15:00+03:00,2025-04-04 19:14+03:00,2025-04-05 02:25+05:30,2025-04-05 02:25+05:30,Expected,QR
c0d49fd9-b3c0-42bd-a385-143f715775dd,IX 540,Unknown,DXB,TRV,2025-04-04 20:45:00+04:00,2025-04-04 20:45+04:00,2025-04-05 02:40+05:30,2025-04-05 02:40+05:30,Unknown,IX
db2ba806-bc00-49ba-93b7-7122edd7dc61,Q2 708,Unknown,HAQ,TRV,2025-04-05 01:00:00+05:00,2025-04-05 01:00+05:00,2025-04-05 02:45+05:30,2025-04-05 02:45+05:30,Unknown,Q2
81025017-f077-4523-8fbf-c4e6ada5ab14,EK 522,Unknown,DXB,TRV,2025-04-04 21:25:00+04:00,2025-04-04 21:25+04:00,2025-04-05 03:10+05:30,2025-04-05 03:10+05:30,Unknown,EK
0298f8fb-5109-4785-8f6c-a107eb7e9e34,G9 448,Unknown,SHJ,TRV,2025-04-04 22:20:00+04:00,2025-04-04 22:20+04:00,2025-04-05 04:05+05:30,2025-04-05 04:05+05:30,Unknown,G9
a48ac6a1-7c3c-4041-a67d-41b8a3239e61,3L 133,Unknown,AUH,TRV,2025-04-04 22:40:00+04:00,2025-04-04 22:40+04:00,2025-04-05 04:30+05:30,2025-04-05 04:30+05:30,Unknown,3L
153e2291-4d47-45c7-8f2f-ac956d567497,GF 60,A9C-AE,BAH,TRV,2025-04-04 22:00:00+03:00,2025-04-04 22:00+03:00,2025-04-05 05:15+05:30,2025-04-05 05:15+05:30,Unknown,GF
d68609f5-8f7f-47bd-9f78-b5442d109e33,6E 6001,Unknown,MAA,TRV,2025-04-05 04:35:00+05:30,2025-04-05 04:35+05:30,2025-04-05 05:55+05:30,2025-04-05 05:55+05:30,Unknown,6E
24d8b481-da53-48da-9632-2d8b53d82da8,IX 2736,VT-BXW,BLR,TRV,2025-04-05 05:05:00+05:30,2025-04-05 05:05+05:30,2025-04-05 06:35+05:30,2025-04-05 06:35+05:30,Expected,IX
37e812df-ca69-4060-a71f-726eca9a8285,IX 538,VT-AXR,AUH,TRV,2025-04-05 01:10:00+04:00,2025-04-05 01:10+04:00,2025-04-05 07:05+05:30,2025-04-05 07:05+05:30,Unknown,IX
fe5d0aad-a7b3-4d06-9862-b44faa7579c9,6E 5278,VT-IIO,HYD,TRV,2025-04-05 05:55:00+05:30,2025-04-05 05:55+05:30,2025-04-05 07:40+05:30,2025-04-05 07:40+05:30,Unknown,6E
5e27452d-73dc-417a-bd81-26339b299aa0,WY 211,Unknown,MCT,TRV,2025-04-05 02:25:00+04:00,2025-04-05 02:25+04:00,2025-04-05 07:45+05:30,2025-04-05 07:45+05:30,Unknown,WY
aba76659-9209-45fb-9755-62785b9c3cb6,6E 688,VT-IFV,BLR,TRV,2025-04-05 06:25:00+05:30,2025-04-05 06:25+05:30,2025-04-05 07:45+05:30,2025-04-05 07:45+05:30,Expected,6E
22ed68fe-33ed-4adb-8d58-7be13307333f,IX 2741,Unknown,BLR,TRV,2025-04-05 06:50:00+05:30,2025-04-05 06:50+05:30,2025-04-05 07:45+05:30,2025-04-05 07:45+05:30,Canceled,IX
e0420786-9196-4127-9247-c8eeb55b1f37,AI 657,Unknown,BOM,TRV,2025-04-05 05:50:00+05:30,2025-04-05 05:50+05:30,2025-04-05 07:55+05:30,2025-04-05 07:55+05:30,Unknown,AI
a9c941ac-680c-4668-8215-1869fe8fd96f,6E 7182,Unknown,IXM,MAA,2025-04-04 20:00:00+05:30,2025-04-04 20:00+05:30,2025-04-04 21:30+05:30,2025-04-04 21:30+05:30,Unknown,6E
116fa499-030c-46ed-8d71-ae93524c0a4b,SG 2705,Unknown,IXM,MAA,2025-04-04 20:10:00+05:30,2025-04-04 20:10+05:30,2025-04-04 21:25+05:30,2025-04-04 21:25+05:30,Unknown,SG
95a1a6ad-6f14-4b59-9d4e-f759458db4a3,6E 7375,Unknown,IXM,MAA,2025-04-04 21:05:00+05:30,2025-04-04 21:05+05:30,2025-04-04 22:30+05:30,2025-04-04 22:30+05:30,Unknown,6E
c0a00b79-3a23-40b0-a570-0975425afedf,6E 7587,VT-IYU,IXM,BLR,2025-04-04 21:40:00+05:30,2025-04-04 21:40+05:30,2025-04-04 23:10+05:30,2025-04-04 23:45+05:30,Expected,6E
6024a92d-7e93-4d0c-b646-6406c3879169,6E 7253,Unknown,IXM,MAA,2025-04-04 22:05:00+05:30,2025-04-04 22:05+05:30,2025-04-04 23:30+05:30,2025-04-04 23:30+05:30,Unknown,6E
04649253-5f2c-46dc-bd0e-550f4b7de207,6E 6023,Unknown,IXM,HYD,2025-04-05 07:45:00+05:30,2025-04-05 07:45+05:30,2025-04-05 09:25+05:30,2025-04-05 09:25+05:30,Unknown,6E
e6d421ce-e711-4949-87e2-0b0d3614102e,6E 7194,Unknown,IXM,MAA,2025-04-05 07:55:00+05:30,2025-04-05 07:55+05:30,2025-04-05 09:30+05:30,2025-04-05 09:30+05:30,Unknown,6E
2979bd88-4baf-4a79-859a-79be89d84e0b,6E 7374,Unknown,MAA,IXM,2025-04-04 18:55:00+05:30,2025-04-04 18:55+05:30,2025-04-04 20:25+05:30,2025-04-04 20:25+05:30,Unknown,6E
00a5d89c-b786-4f14-aeb3-5fca9b62b5de,6E 7586,VT-IYU,BLR,IXM,2025-04-04 19:55:00+05:30,2025-04-04 20:20+05:30,2025-04-04 21:20+05:30,2025-04-04 21:20+05:30,Expected,6E
3bc68162-a03b-40f0-9b52-7fd9e420ff86,6E 7592,Unknown,MAA,IXM,2025-04-04 20:15:00+05:30,2025-04-04 20:15+05:30,2025-04-04 21:45+05:30,2025-04-04 21:45+05:30,Unknown,6E
7ed7eb69-570b-45b8-bee7-a87ef504d7d9,6E 6231,Unknown,HYD,IXM,2025-04-05 05:40:00+05:30,2025-04-05 05:40+05:30,2025-04-05 07:15+05:30,2025-04-05 07:15+05:30,Unknown,6E
fe04eae6-886f-4be3-978d-40ebad989117,6E 7183,Unknown,MAA,IXM,2025-04-05 05:55:00+05:30,2025-04-05 05:55+05:30,2025-04-05 07:35+05:30,2025-04-05 07:35+05:30,Unknown,6E
4e352746-f736-48fa-b80e-c1253fa765fc,6E 7171,VT-IYR,BLR,IXM,2025-04-05 06:05:00+05:30,2025-04-05 06:05+05:30,2025-04-05 07:45+05:30,2025-04-05 07:45+05:30,Expected,6E
